{"_type": "Suggestions", "queryContext": {"originalQuery": "a"}, "suggestionGroups": [{"name": "Web", "searchSuggestions": [{"url": "https:\/\/www.bing.com\/search?q=amazon&FORM=USBAPI", "displayText": "amazon", "query": "amazon", "searchKind": "WebSearch"}, {"url": "https:\/\/www.bing.com\/search?q=ard+live+tv&FORM=USBAPI", "displayText": "ard live tv", "query": "ard live tv", "searchKind": "WebSearch"}, {"url": "https:\/\/www.bing.com\/search?q=ard+mediathek&FORM=USBAPI", "displayText": "ard mediathek", "query": "ard mediathek", "searchKind": "WebSearch"}, {"url": "https:\/\/www.bing.com\/search?q=amazon+login&FORM=USBAPI", "displayText": "amazon login", "query": "amazon login", "searchKind": "WebSearch"}, {"url": "https:\/\/www.bing.com\/search?q=amazon+prime&FORM=USBAPI", "displayText": "amazon prime", "query": "amazon prime", "searchKind": "WebSearch"}, {"url": "https:\/\/www.bing.com\/search?q=aol&FORM=USBAPI", "displayText": "aol", "query": "aol", "searchKind": "WebSearch"}, {"url": "https:\/\/www.bing.com\/search?q=ard+livestream&FORM=USBAPI", "displayText": "ard livestream", "query": "ard livestream", "searchKind": "WebSearch"}, {"url": "https:\/\/www.bing.com\/search?q=aldi+s%C3%BCd&FORM=USBAPI", "displayText": "aldi süd", "query": "aldi süd", "searchKind": "WebSearch"}]}]}