{"_type": "SearchResponse", "queryContext": {"originalQuery": "limited"}, "entities": {"value": [{"id": "https:\/\/www.bingapis.com\/api\/v7\/#Entities.0", "contractualRules": [{"_type": "ContractualRules\/LicenseAttribution", "targetPropertyName": "description", "mustBeCloseToContent": true, "license": {"name": "CC-BY-SA", "url": "http:\/\/creativecommons.org\/licenses\/by-sa\/3.0\/"}, "licenseNotice": "Text lizenziert unter CC-BY-SA"}, {"_type": "ContractualRules\/LinkAttribution", "targetPropertyName": "description", "mustBeCloseToContent": true, "text": "Wikipedia", "url": "http:\/\/de.wikipedia.org\/wiki\/Kapitalgesellschaft_(Vereinigtes_K%C3%B6nigreich)"}], "webSearchUrl": "https:\/\/www.bing.com\/entityexplore?q=Kapitalgesellschaft&filters=sid:%222677818d-d1e0-5fb0-dc49-b2da5c958702%22&elv=AXXfrEiqqD9r3GuelwApuloF3!hz8exk3OQOjNr96*flpmUB3Yl0YQggIk5XmUjKg833sfekt0f0YEH9dNLViW3XIulUGW5nDgtvZD6k*I3i", "name": "Kapitalgesellschaft", "description": "Limited Company wird im britischen Gesellschaftsrecht die nicht börsennotierte Kapitalgesellschaft genannt. Sie gleicht eher der deutschen GmbH als der Aktiengesellschaft. Die Limited Company ist im Vereinigten Königreich auch für kleine und mittlere Unternehmen die gebräuchlichste Form der Kapitalgesellschaft und erfüllt damit als Private Company ähnliche wirtschaftliche Funktionen wie die deutsche oder österreichische Gesellschaft mit beschränkter Haftung oder kleine Aktiengesellschaft. Nach mehreren Urteilen des Europäischen Gerichtshofes über die Niederlassungsfreiheit der Gesellschaften in der Europäischen Union waren in Deutschland 2006 aufgrund des geringen Nominalkapitals und der schnellen Gründungsmöglichkeit über 30.000 Limited mit einer Niederlassung geschäftlich aktiv.", "entityPresentationInfo": {"entityScenario": "DisambiguationItem", "entityTypeHints": ["Generic"]}, "bingId": "2677818d-d1e0-5fb0-dc49-b2da5c958702"}]}, "rankingResponse": {"sidebar": {"items": [{"answerType": "Entities", "resultIndex": 0, "value": {"id": "https:\/\/www.bingapis.com\/api\/v7\/#Entities.0"}}]}}}