{"_type": "SearchResponse", "queryContext": {"originalQuery": "deutschland"}, "entities": {"value": [{"id": "https:\/\/www.bingapis.com\/api\/v7\/#Entities.0", "contractualRules": [{"_type": "ContractualRules\/LicenseAttribution", "targetPropertyName": "description", "mustBeCloseToContent": true, "license": {"name": "CC-BY-SA", "url": "http:\/\/creativecommons.org\/licenses\/by-sa\/3.0\/"}, "licenseNotice": "Text lizenziert unter CC-BY-SA"}, {"_type": "ContractualRules\/LinkAttribution", "targetPropertyName": "description", "mustBeCloseToContent": true, "text": "Wikipedia", "url": "http:\/\/de.wikipedia.org\/wiki\/Deutschland"}, {"_type": "ContractualRules\/MediaAttribution", "targetPropertyName": "image", "mustBeCloseToContent": true, "url": "http:\/\/de.wikipedia.org\/wiki\/Deutschland"}], "webSearchUrl": "https:\/\/www.bing.com\/entityexplore?q=Deutschland&filters=sid:%2275c62d8e-1449-4e4d-b188-d9e88f878dd9%22&elv=AXXfrEiqqD9r3GuelwApuloF3!hz8exk3OQOjNr96*flpmUB3Yl0YQggIk5XmUjKg833sfekt0f0YEH9dNLViW3XIulUGW5nDgtvZD6k*I3i", "name": "Deutschland", "image": {"name": "Deutschland", "thumbnailUrl": "https:\/\/www.bing.com\/th?id=AMMS_170e62536294e690a4ae289472616a73&w=110&h=110&c=7&rs=1&qlt=80&cdv=1&pid=16.1", "provider": [{"_type": "Organization", "url": "http:\/\/de.wikipedia.org\/wiki\/Deutschland"}], "hostPageUrl": "http:\/\/upload.wikimedia.org\/wikipedia\/en\/thumb\/b\/ba\/Flag_of_Germany.svg\/500px-Flag_of_Germany.svg.png", "width": 110, "height": 110, "sourceWidth": 474, "sourceHeight": 284}, "description": "Deutschland ist ein Bundesstaat in Mitteleuropa. Er hat 16 Bundesländer und ist als freiheitlich-demokratischer und sozialer Rechtsstaat verfasst. Die 1949 gegründete Bundesrepublik Deutschland stellt die jüngste Ausprägung des 1871 erstmals begründeten deutschen Nationalstaates dar. Bundeshauptstadt und Regierungssitz ist Berlin. Deutschland grenzt an neun Staaten, es hat Anteil an der Nord- und Ostsee im Norden sowie dem Bodensee und den Alpen im Süden. Es liegt in der gemäßigten Klimazone und verfügt über 16 National- und mehr als 100 Naturparks.", "entityPresentationInfo": {"entityScenario": "DominantEntity", "entityTypeHints": ["Country"]}, "bingId": "75c62d8e-1449-4e4d-b188-d9e88f878dd9"}]}, "rankingResponse": {"mainline": {"items": [{"answerType": "Places"}]}, "sidebar": {"items": [{"answerType": "Entities", "resultIndex": 0, "value": {"id": "https:\/\/www.bingapis.com\/api\/v7\/#Entities.0"}}]}}}