{"_type": "SearchResponse", "queryContext": {"originalQuery": "gg"}, "entities": {"value": [{"id": "https:\/\/www.bingapis.com\/api\/v7\/#Entities.0", "contractualRules": [{"_type": "ContractualRules\/LicenseAttribution", "targetPropertyName": "description", "mustBeCloseToContent": true, "license": {"name": "CC-BY-SA", "url": "http:\/\/creativecommons.org\/licenses\/by-sa\/3.0\/"}, "licenseNotice": "Text lizenziert unter CC-BY-SA"}, {"_type": "ContractualRules\/LinkAttribution", "targetPropertyName": "description", "mustBeCloseToContent": true, "text": "Wikipedia", "url": "http:\/\/de.wikipedia.org\/wiki\/Grundgesetz_f%C3%BCr_die_Bundesrepublik_Deutschland"}, {"_type": "ContractualRules\/MediaAttribution", "targetPropertyName": "image", "mustBeCloseToContent": true, "url": "http:\/\/de.wikipedia.org\/wiki\/Grundgesetz_f%C3%BCr_die_Bundesrepublik_Deutschland"}], "webSearchUrl": "https:\/\/www.bing.com\/entityexplore?q=Grundgesetz+f%C3%BCr+die+Bundesrepublik+Deutschland&filters=sid:%222dac4186-e326-fa6e-0bc4-aa7a27a1a189%22&elv=AXXfrEiqqD9r3GuelwApuloF3!hz8exk3OQOjNr96*flpmUB3Yl0YQggIk5XmUjKg833sfekt0f0YEH9dNLViW3XIulUGW5nDgtvZD6k*I3i", "name": "Grundgesetz für die Bundesrepublik Deutschland", "image": {"name": "Grundgesetz für die Bundesrepublik Deutschland", "thumbnailUrl": "https:\/\/www.bing.com\/th?id=AMMS_f5d5dd94e1a4486d599a276e6453bdf0&w=110&h=110&c=7&rs=1&qlt=80&cdv=1&pid=16.1", "provider": [{"_type": "Organization", "url": "http:\/\/de.wikipedia.org\/wiki\/Grundgesetz_f%C3%BCr_die_Bundesrepublik_Deutschland"}], "hostPageUrl": "http:\/\/upload.wikimedia.org\/wikipedia\/commons\/b\/bd\/Grundgesetz.jpg", "width": 110, "height": 110, "sourceWidth": 255, "sourceHeight": 400}, "description": "Das Grundgesetz für die Bundesrepublik Deutschland vom 23. Mai 1949 ist die Verfassung Deutschlands. Der von September 1948 bis Juni 1949 in Bonn tagende Parlamentarische Rat hat das Grundgesetz im Auftrag der drei westlichen Besatzungsmächte ausgearbeitet und genehmigt. Es wurde von allen deutschen Landtagen in den drei Westzonen mit Ausnahme des bayerischen angenommen. Eine Volksabstimmung gab es mithin nicht. Dies und der Verzicht auf die Bezeichnung als „Verfassung“ sollte den provisorischen Charakter des Grundgesetzes und der mit ihm gegründeten Bundesrepublik Deutschland betonen. Der Parlamentarische Rat war der Auffassung, dass das Deutsche Reich fortbestehe und eine neue Verfassung für den Gesamtstaat daher nur von allen Deutschen oder ihren gewählten Vertretern beschlossen werden könne. Weil die Deutschen in der Sowjetischen Besatzungszone und im Saarland aber gehindert waren, mitzuwirken, sollte für eine Übergangszeit ein „Grundgesetz“ als „vorläufige Teilverfassung Westdeutschlands“ geschaffen werden: Die ursprüngliche Präambel hob den Willen des deutschen Volkes zur nationalen und staatlichen Einheit hervor. Das Saarland wurde am 1. Januar 1957 Bestandteil der Bundesrepublik und kam damit in den Geltungsbereich des Grundgesetzes. Mit der Wiedervereinigung Deutschlands am 3. Oktober 1990 wurde es die Verfassung des gesamten Deutschen Volkes.", "entityPresentationInfo": {"entityScenario": "DominantEntity", "entityTypeHints": ["Generic"]}, "bingId": "2dac4186-e326-fa6e-0bc4-aa7a27a1a189"}]}, "rankingResponse": {"sidebar": {"items": [{"answerType": "Entities", "resultIndex": 0, "value": {"id": "https:\/\/www.bingapis.com\/api\/v7\/#Entities.0"}}]}}}