{"_type": "SearchResponse", "queryContext": {"originalQuery": "warum"}, "entities": {"value": [{"id": "https:\/\/www.bingapis.com\/api\/v7\/#Entities.0", "webSearchUrl": "https:\/\/www.bing.com\/entityexplore?q=Warum%3f&filters=sid:%22e3fe62dd-5fc4-d0dd-39bc-a3b344f63435%22&elv=AXXfrEiqqD9r3GuelwApuloF3!hz8exk3OQOjNr96*flpmUB3Yl0YQggIk5XmUjKg833sfekt0f0YEH9dNLViW3XIulUGW5nDgtvZD6k*I3i", "name": "Warum?", "entityPresentationInfo": {"entityScenario": "DisambiguationItem", "entityTypeHints": ["MusicRecording"]}, "bingId": "e3fe62dd-5fc4-d0dd-39bc-a3b344f63435"}]}, "rankingResponse": {"sidebar": {"items": [{"answerType": "Entities", "resultIndex": 0, "value": {"id": "https:\/\/www.bingapis.com\/api\/v7\/#Entities.0"}}]}}}