{"_type": "Images", "instrumentation": {"_type": "ResponseInstrumentation"}, "readLink": "https:\/\/api.bing.microsoft.com\/api\/v7\/images\/search?q=tattoo", "webSearchUrl": "https:\/\/www.bing.com\/images\/search?q=tattoo&FORM=OIIARP", "queryContext": {"originalQuery": "tattoo", "alterationDisplayQuery": "tattoo", "alterationOverrideQuery": "+tattoo", "alterationMethod": "AM_JustChangeIt", "alterationType": "CombinedAlterationsChained"}, "totalEstimatedMatches": 1000, "nextOffset": 35, "currentOffset": 0, "value": [{"webSearchUrl": "https:\/\/www.bing.com\/images\/search?view=detailv2&FORM=OIIRPO&q=tattoo&id=69C1A6D565132CDED3339E42EDEB71E9F4595A22&simid=608001016969327977", "name": "20170306_171734 - Zealand Tattoo", "thumbnailUrl": "https:\/\/tse2.mm.bing.net\/th?id=OIP.caceXvv-PBhjw60B_3w3KQHaJ4&pid=Api", "datePublished": "2017-03-06T12:00:00.0000000Z", "isFamilyFriendly": true, "contentUrl": "https:\/\/www.zealandtattoo.co.nz\/wp-content\/uploads\/2016\/05\/20170306_171734-e1490308428953.jpg", "hostPageUrl": "https:\/\/www.zealandtattoo.co.nz\/zealand-tattoo-gallery\/black-grey-tattoo-gallery\/20170306_171734\/", "contentSize": "1184673 B", "encodingFormat": "jpeg", "hostPageDisplayUrl": "https:\/\/www.zealandtattoo.co.nz\/zealand-tattoo-gallery\/black-grey-tattoo-gallery...", "width": 3024, "height": 4032, "hostPageDiscoveredDate": "2017-03-06T12:00:00.0000000Z", "thumbnail": {"width": 474, "height": 632}, "imageInsightsToken": "ccid_caceXvv+*cp_42DBF8303A103318DC27289C9024B5A2*mid_69C1A6D565132CDED3339E42EDEB71E9F4595A22*simid_608001016969327977*thid_OIP.caceXvv-PBhjw60B!_3w3KQHaJ4", "insightsMetadata": {"pagesIncludingCount": 3, "availableSizesCount": 2}, "imageId": "69C1A6D565132CDED3339E42EDEB71E9F4595A22", "accentColor": "723C24"}, {"webSearchUrl": "https:\/\/www.bing.com\/images\/search?view=detailv2&FORM=OIIRPO&q=tattoo&id=60E6B818B2B2E4F64287171A9F109A697BC3BA1F&simid=608030982962707714", "name": "Dean Sacred | Sacred Tattoo", "thumbnailUrl": "https:\/\/tse1.mm.bing.net\/th?id=OIP.Qzty3zoD7hVQO0ciXfjgpQHaJ4&pid=Api", "datePublished": "2014-01-23T04:56:00.0000000Z", "isFamilyFriendly": true, "contentUrl": "https:\/\/www.sacredtattooshop.com\/wp-content\/uploads\/2019\/02\/IMG_3193.jpg", "hostPageUrl": "https:\/\/www.sacredtattooshop.com\/artists\/dean-sacred\/", "contentSize": "577738 B", "encodingFormat": "jpeg", "hostPageDisplayUrl": "https:\/\/www.sacredtattooshop.com\/artists\/dean-sacred", "width": 2000, "height": 2667, "hostPageDiscoveredDate": "2014-01-23T04:56:12.0000000Z", "thumbnail": {"width": 474, "height": 632}, "imageInsightsToken": "ccid_Qzty3zoD*cp_538F320133D6C442C831BD29C03A730B*mid_60E6B818B2B2E4F64287171A9F109A697BC3BA1F*simid_608030982962707714*thid_OIP.Qzty3zoD7hVQO0ciXfjgpQHaJ4", "insightsMetadata": {"pagesIncludingCount": 3, "availableSizesCount": 2}, "imageId": "60E6B818B2B2E4F64287171A9F109A697BC3BA1F", "accentColor": "A66125"}, {"webSearchUrl": "https:\/\/www.bing.com\/images\/search?view=detailv2&FORM=OIIRPO&q=tattoo&id=DD433403A18817D00F6DBA2D02F38477444F4C3E&simid=608047406908070016", "name": "100+ Understand Japanese Tattoo Designs, Why is Great ~ Tattooed images", "thumbnailUrl": "https:\/\/tse4.mm.bing.net\/th?id=OIP.EeyuV62KuayDr6qOobBWjAHaKT&pid=Api", "datePublished": "2021-06-05T19:35:00.0000000Z", "isFamilyFriendly": true, "contentUrl": "https:\/\/tattooedimages.com\/wp-content\/uploads\/2020\/05\/japanese_tattoo_64411217.jpg", "hostPageUrl": "https:\/\/tattooedimages.com\/tato\/japanese-tattoo\/", "contentSize": "1022222 B", "encodingFormat": "jpeg", "hostPageDisplayUrl": "https:\/\/tattooedimages.com\/tato\/japanese-tattoo", "width": 1472, "height": 2048, "hostPageDiscoveredDate": "2020-05-14T00:00:00.0000000Z", "thumbnail": {"width": 474, "height": 659}, "imageInsightsToken": "ccid_EeyuV62K*cp_567E736DD6C8BC3A95FC2A37546D4CAD*mid_DD433403A18817D00F6DBA2D02F38477444F4C3E*simid_608047406908070016*thid_OIP.EeyuV62KuayDr6qOobBWjAHaKT", "insightsMetadata": {"pagesIncludingCount": 2, "availableSizesCount": 1}, "imageId": "DD433403A18817D00F6DBA2D02F38477444F4C3E", "accentColor": "A83623"}, {"webSearchUrl": "https:\/\/www.bing.com\/images\/search?view=detailv2&FORM=OIIRPO&q=tattoo&id=FBC9FC7DE6CEF99D4D25F584ED02AB442C04FD9C&simid=607990043338159987", "name": "DEEXEN, tattoo artist - The VandalList", "thumbnailUrl": "https:\/\/tse1.explicit.bing.net\/th?id=OIP.KK760GPKlnnD8rtTR13fygHaHF&pid=Api", "datePublished": "2013-08-19T21:19:00.0000000Z", "isFamilyFriendly": false, "contentUrl": "http:\/\/www.thevandallist.com\/wp-content\/uploads\/2013\/08\/deexen-14.jpg", "hostPageUrl": "http:\/\/thevandallist.com\/deexen-tattoo-artist\/", "contentSize": "352510 B", "encodingFormat": "jpeg", "hostPageDisplayUrl": "thevandallist.com\/deexen-tattoo-artist", "width": 2048, "height": 1961, "hostPageDiscoveredDate": "2013-08-19T21:19:00.0000000Z", "thumbnail": {"width": 474, "height": 453}, "imageInsightsToken": "ccid_KK760GPK*cp_973B1CC95C3A0D4C0F5BD465C9B7360E*mid_FBC9FC7DE6CEF99D4D25F584ED02AB442C04FD9C*simid_607990043338159987*thid_OIP.KK760GPKlnnD8rtTR13fygHaHF", "insightsMetadata": {"recipeSourcesCount": 0, "pagesIncludingCount": 2, "availableSizesCount": 1}, "imageId": "FBC9FC7DE6CEF99D4D25F584ED02AB442C04FD9C", "accentColor": "973437"}, {"webSearchUrl": "https:\/\/www.bing.com\/images\/search?view=detailv2&FORM=OIIRPO&q=tattoo&id=B67DF4E822720EC7D40A27A5E9DB553299EBB05D&simid=608019571229943430", "name": "Stars and Dots Tattoo: Phoenix Tattoo", "thumbnailUrl": "https:\/\/tse1.mm.bing.net\/th?id=OIP.L5jppCHvsuIDjQxmVpiQNgHaLG&pid=Api", "datePublished": "2021-03-24T12:48:00.0000000Z", "isFamilyFriendly": true, "contentUrl": "https:\/\/1.bp.blogspot.com\/-_Jdth8x7zOY\/TkQRvjOTMZI\/AAAAAAAAATc\/kUBSnDM2RHU\/s1600\/IMG_2553.JPG", "hostPageUrl": "https:\/\/starsanddotstattoo.blogspot.com\/2011\/08\/phoenix-tattoo.html", "contentSize": "222725 B", "encodingFormat": "jpeg", "hostPageDisplayUrl": "https:\/\/starsanddotstattoo.blogspot.com\/2011\/08\/phoenix-tattoo.html", "width": 1067, "height": 1600, "hostPageFavIconUrl": "https:\/\/www.bing.com\/th?id=ODF.kCKFU1-d0l3Elu2Vvbpmew&pid=Api", "hostPageDomainFriendlyName": "blogspot.com", "hostPageDiscoveredDate": "2019-01-28T00:00:00.0000000Z", "thumbnail": {"width": 474, "height": 710}, "imageInsightsToken": "ccid_L5jppCHv*cp_4DE9A171447A7D7AC6DEC37BE6ECF7CE*mid_B67DF4E822720EC7D40A27A5E9DB553299EBB05D*simid_608019571229943430*thid_OIP.L5jppCHvsuIDjQxmVpiQNgHaLG", "insightsMetadata": {"recipeSourcesCount": 0, "pagesIncludingCount": 3, "availableSizesCount": 2}, "imageId": "B67DF4E822720EC7D40A27A5E9DB553299EBB05D", "accentColor": "9D592E"}, {"webSearchUrl": "https:\/\/www.bing.com\/images\/search?view=detailv2&FORM=OIIRPO&q=tattoo&id=234EB79D7257D8D3FCD09954640208F89C884B39&simid=608001021264683454", "name": "Vivid colors octopus tattoo on shoulder - Tattoos Book - 65.000 Tattoos ...", "thumbnailUrl": "https:\/\/tse1.mm.bing.net\/th?id=OIP.myHYv7mNLPpWiNQxAoNZkQHaLK&pid=Api", "datePublished": "2020-07-03T23:52:00.0000000Z", "isFamilyFriendly": true, "contentUrl": "https:\/\/tattoos-book.com\/wp-content\/uploads\/2016\/02\/vivid-colors-octopus-tattoo-on-shoulder.jpg", "hostPageUrl": "https:\/\/tattoos-book.com\/vivid-colors-octopus-tattoo-on-shoulder\/", "contentSize": "252585 B", "encodingFormat": "jpeg", "hostPageDisplayUrl": "https:\/\/tattoos-book.com\/vivid-colors-octopus-tattoo-on-shoulder", "width": 800, "height": 1206, "hostPageDiscoveredDate": "2019-06-23T00:00:00.0000000Z", "thumbnail": {"width": 474, "height": 714}, "imageInsightsToken": "ccid_myHYv7mN*cp_57DBA49B1B5E5E0D6030570DA48158A5*mid_234EB79D7257D8D3FCD09954640208F89C884B39*simid_608001021264683454*thid_OIP.myHYv7mNLPpWiNQxAoNZkQHaLK", "insightsMetadata": {"recipeSourcesCount": 0, "pagesIncludingCount": 70, "availableSizesCount": 26}, "imageId": "234EB79D7257D8D3FCD09954640208F89C884B39", "accentColor": "A92229"}, {"webSearchUrl": "https:\/\/www.bing.com\/images\/search?view=detailv2&FORM=OIIRPO&q=tattoo&id=0D49BEFCBA61B598B27417C84EF7E036EB72F0A8&simid=608047771982047780", "name": "MyTattoo.com | Studio | Viala Tattoo & Piercing", "thumbnailUrl": "https:\/\/tse3.mm.bing.net\/th?id=OIP.vUN5ZHdWvp2S-pNdOSdRGgHaJ4&pid=Api", "datePublished": "2020-03-06T12:20:00.0000000Z", "isFamilyFriendly": true, "contentUrl": "https:\/\/www.mytattoo.com\/fileadmin\/_processed_\/6\/e\/csm_53628931_1217523658402502_4102899446604365824_n_513799f4ff.jpg", "hostPageUrl": "https:\/\/www.mytattoo.com\/de\/studios\/viala-tattoo-piercing\/", "contentSize": "371266 B", "encodingFormat": "jpeg", "hostPageDisplayUrl": "https:\/\/www.mytattoo.com\/de\/studios\/viala-tattoo-piercing", "width": 1500, "height": 2001, "hostPageDiscoveredDate": "2020-02-20T00:00:00.0000000Z", "thumbnail": {"width": 474, "height": 632}, "imageInsightsToken": "ccid_vUN5ZHdW*cp_A383F74FD93515A70FEF8F6AF97260EC*mid_0D49BEFCBA61B598B27417C84EF7E036EB72F0A8*simid_608047771982047780*thid_OIP.vUN5ZHdWvp2S-pNdOSdRGgHaJ4", "insightsMetadata": {"pagesIncludingCount": 2, "availableSizesCount": 1}, "imageId": "0D49BEFCBA61B598B27417C84EF7E036EB72F0A8", "accentColor": "80634B"}, {"webSearchUrl": "https:\/\/www.bing.com\/images\/search?view=detailv2&FORM=OIIRPO&q=tattoo&id=D6902EB6BC86FA5D45151B31DAD57160B8AF3879&simid=608010521738295603", "name": "Lizard Tattoos - Inked Magazine - Tattoo Ideas, Artists and Models", "thumbnailUrl": "https:\/\/tse1.explicit.bing.net\/th?id=OIP.KKv5Bbkhh97ATzp4x1jgqQHaHX&pid=Api", "datePublished": "2015-08-24T21:41:00.0000000Z", "isFamilyFriendly": false, "contentUrl": "https:\/\/www.inkedmag.com\/.image\/t_share\/MTU5MDMyMTE4MTgzMjc0MTMz\/mike-devrieslead.gif", "hostPageUrl": "https:\/\/www.inkedmag.com\/culture\/lizard-tattoos", "contentSize": "864515 B", "encodingFormat": "gif", "hostPageDisplayUrl": "https:\/\/www.inkedmag.com\/culture\/lizard-tattoos", "width": 1200, "height": 1194, "hostPageDiscoveredDate": "2015-08-24T21:41:11.0000000Z", "thumbnail": {"width": 474, "height": 471}, "imageInsightsToken": "ccid_KKv5Bbkh*cp_916561FD724B1E901F91D77D37F4FBB6*mid_D6902EB6BC86FA5D45151B31DAD57160B8AF3879*simid_608010521738295603*thid_OIP.KKv5Bbkhh97ATzp4x1jgqQHaHX", "insightsMetadata": {"pagesIncludingCount": 2, "availableSizesCount": 1}, "imageId": "D6902EB6BC86FA5D45151B31DAD57160B8AF3879", "accentColor": "963F36"}, {"webSearchUrl": "https:\/\/www.bing.com\/images\/search?view=detailv2&FORM=OIIRPO&q=tattoo&id=1D45121D4152607F5441D8DFFF4D54B5AB58C6B8&simid=608014228284316446", "name": "101 Amazing Athena Tattoo Ideas You Need To See! | Outsons | Men's ...", "thumbnailUrl": "https:\/\/tse1.mm.bing.net\/th?id=OIP.--f4bIPhc-rEfwr__SEeUgHaHa&pid=Api", "datePublished": "2021-07-10T23:19:00.0000000Z", "isFamilyFriendly": true, "contentUrl": "https:\/\/outsons.com\/wp-content\/uploads\/2021\/02\/2020-10-06-04.34.16-2413486698105389234_athenatattoo-1024x1024.jpg", "hostPageUrl": "https:\/\/outsons.com\/amazing-athena-tattoo-ideas-you-need-to-see\/", "contentSize": "213642 B", "encodingFormat": "jpeg", "hostPageDisplayUrl": "https:\/\/outsons.com\/amazing-athena-tattoo-ideas-you-need-to-see", "width": 1024, "height": 1024, "hostPageDiscoveredDate": "2021-05-27T00:00:00.0000000Z", "thumbnail": {"width": 474, "height": 474}, "imageInsightsToken": "ccid_++f4bIPh*cp_809BA5390DEA38FBA52E4E7C96B2F0EE*mid_1D45121D4152607F5441D8DFFF4D54B5AB58C6B8*simid_608014228284316446*thid_OIP.--f4bIPhc-rEfwr!_!_SEeUgHaHa", "insightsMetadata": {"pagesIncludingCount": 1, "availableSizesCount": 1}, "imageId": "1D45121D4152607F5441D8DFFF4D54B5AB58C6B8", "accentColor": "484E5C"}, {"webSearchUrl": "https:\/\/www.bing.com\/images\/search?view=detailv2&FORM=OIIRPO&q=tattoo&id=C6D331BE1503DA5EDB2BBCDCDFAD5350114A0D2D&simid=608036806932830747", "name": "Updated ITACHI Tattoo : Naruto", "thumbnailUrl": "https:\/\/tse4.mm.bing.net\/th?id=OIP.uYogR3a5vMM5d31R7Xa0UgHaJ4&pid=Api", "datePublished": "2009-03-13T12:00:00.0000000Z", "isFamilyFriendly": true, "contentUrl": "https:\/\/preview.redd.it\/dolo2cb53vx21.jpg?auto=webp&s=bc947474214708c9e74627522d762aa01e56147a", "hostPageUrl": "https:\/\/www.reddit.com\/r\/Naruto\/comments\/bnvgzc\/updated_itachi_tattoo\/", "contentSize": "1286572 B", "encodingFormat": "jpeg", "hostPageDisplayUrl": "https:\/\/www.reddit.com\/r\/Naruto\/comments\/bnvgzc\/updated_itachi_tattoo", "width": 3024, "height": 4032, "hostPageFavIconUrl": "https:\/\/www.bing.com\/th?id=ODF.H9fefaD85JY_d1pf24lNtQ&pid=Api", "hostPageDomainFriendlyName": "Reddit", "hostPageDiscoveredDate": "2009-03-13T12:00:00.0000000Z", "thumbnail": {"width": 474, "height": 632}, "imageInsightsToken": "ccid_uYogR3a5*cp_1BE4729A85352E3C8C27601C1DC89677*mid_C6D331BE1503DA5EDB2BBCDCDFAD5350114A0D2D*simid_608036806932830747*thid_OIP.uYogR3a5vMM5d31R7Xa0UgHaJ4", "insightsMetadata": {"pagesIncludingCount": 2, "availableSizesCount": 1}, "imageId": "C6D331BE1503DA5EDB2BBCDCDFAD5350114A0D2D", "accentColor": "9B6430"}, {"webSearchUrl": "https:\/\/www.bing.com\/images\/search?view=detailv2&FORM=OIIRPO&q=tattoo&id=BD8ECF0BF1811ECD0BB6E365EE1D15781CE2E42D&simid=608034496239661355", "name": "90 Neo-Traditional Tattoo Ideas - The New Trend Is Taking Over", "thumbnailUrl": "https:\/\/tse3.mm.bing.net\/th?id=OIP.P400nVHTz4_gqSOOTUTq9gHaHa&pid=Api", "datePublished": "2021-09-10T11:21:00.0000000Z", "isFamilyFriendly": true, "contentUrl": "https:\/\/stylemann.com\/wp-content\/uploads\/2016\/11\/79-9.jpg", "hostPageUrl": "https:\/\/stylemann.com\/best-neo-traditional-tattoo-ideas\/", "contentSize": "119760 B", "encodingFormat": "jpeg", "hostPageDisplayUrl": "https:\/\/stylemann.com\/best-neo-traditional-tattoo-ideas", "width": 1080, "height": 1080, "hostPageDiscoveredDate": "2020-06-19T00:00:00.0000000Z", "thumbnail": {"width": 474, "height": 474}, "imageInsightsToken": "ccid_P400nVHT*cp_72C28AC380B6F78B17124E63DA9CB952*mid_BD8ECF0BF1811ECD0BB6E365EE1D15781CE2E42D*simid_608034496239661355*thid_OIP.P400nVHTz4!_gqSOOTUTq9gHaHa", "insightsMetadata": {"recipeSourcesCount": 0, "pagesIncludingCount": 2, "availableSizesCount": 2}, "imageId": "BD8ECF0BF1811ECD0BB6E365EE1D15781CE2E42D", "accentColor": "935238"}, {"webSearchUrl": "https:\/\/www.bing.com\/images\/search?view=detailv2&FORM=OIIRPO&q=tattoo&id=60E6B818B2B2E4F64287C6BAE2B17B5183107FC7&simid=608037940808526851", "name": "Dean Sacred | Sacred Tattoo", "thumbnailUrl": "https:\/\/tse3.mm.bing.net\/th?id=OIP.o9pzNdUiGutVv1euCgK9ggHaNL&pid=Api", "datePublished": "2014-01-23T04:56:00.0000000Z", "isFamilyFriendly": true, "contentUrl": "https:\/\/www.sacredtattooshop.com\/wp-content\/uploads\/2019\/02\/IMG_3048.jpg", "hostPageUrl": "https:\/\/www.sacredtattooshop.com\/artists\/dean-sacred\/", "contentSize": "251550 B", "encodingFormat": "jpeg", "hostPageDisplayUrl": "https:\/\/www.sacredtattooshop.com\/artists\/dean-sacred", "width": 1125, "height": 2001, "hostPageDiscoveredDate": "2014-01-23T04:56:12.0000000Z", "thumbnail": {"width": 474, "height": 843}, "imageInsightsToken": "ccid_o9pzNdUi*cp_93F4D21C67A6C29AA3E4536DDDC2A740*mid_60E6B818B2B2E4F64287C6BAE2B17B5183107FC7*simid_608037940808526851*thid_OIP.o9pzNdUiGutVv1euCgK9ggHaNL", "insightsMetadata": {"pagesIncludingCount": 2, "availableSizesCount": 1}, "imageId": "60E6B818B2B2E4F64287C6BAE2B17B5183107FC7", "accentColor": "876344"}, {"webSearchUrl": "https:\/\/www.bing.com\/images\/search?view=detailv2&FORM=OIIRPO&q=tattoo&id=395C2223EECBD4D5AECCA206AC100AB848F045AC&simid=608019163204243978", "name": "Colourful lobster arm tattoo - | TattooMagz › Tattoo Designs \/ Ink ...", "thumbnailUrl": "https:\/\/tse4.mm.bing.net\/th?id=OIP.SmfAziXPrCLDeJQZS5mp9gHaLH&pid=Api", "datePublished": "2021-03-31T07:39:00.0000000Z", "isFamilyFriendly": true, "contentUrl": "https:\/\/tattoomagz.com\/wp-content\/uploads\/Colourful-lobster-arm-tattoo.jpg", "hostPageUrl": "https:\/\/tattoomagz.com\/lobster-tattoos\/colourful-lobster-arm-tattoo\/", "contentSize": "2052427 B", "encodingFormat": "jpeg", "hostPageDisplayUrl": "https:\/\/tattoomagz.com\/lobster-tattoos\/colourful-lobster-arm-tattoo", "width": 2304, "height": 3456, "hostPageDiscoveredDate": "2019-04-16T00:00:00.0000000Z", "thumbnail": {"width": 474, "height": 711}, "imageInsightsToken": "ccid_SmfAziXP*cp_5FE321F5562423B844D3E4E6562A6B17*mid_395C2223EECBD4D5AECCA206AC100AB848F045AC*simid_608019163204243978*thid_OIP.SmfAziXPrCLDeJQZS5mp9gHaLH", "insightsMetadata": {"recipeSourcesCount": 0, "pagesIncludingCount": 3, "availableSizesCount": 2}, "imageId": "395C2223EECBD4D5AECCA206AC100AB848F045AC", "accentColor": "634835"}, {"webSearchUrl": "https:\/\/www.bing.com\/images\/search?view=detailv2&FORM=OIIRPO&q=tattoo&id=C8317E2E59D0E3E71A3C862AB8D0CA74ED10B966&simid=608011080079265378", "name": "Semicolon Tattoo Pictures | Semicolon tattoos;", "thumbnailUrl": "https:\/\/tse4.mm.bing.net\/th?id=OIP.R3BSxrUqaUcW3ZV94eDa9AHaJ4&pid=Api", "datePublished": "2015-07-24T13:43:00.0000000Z", "isFamilyFriendly": true, "contentUrl": "https:\/\/www.semicolontattoo.com\/wp-content\/uploads\/image1.jpg", "hostPageUrl": "https:\/\/www.semicolontattoo.com\/ideas\/", "contentSize": "969816 B", "encodingFormat": "jpeg", "hostPageDisplayUrl": "https:\/\/www.semicolontattoo.com\/ideas", "width": 3024, "height": 4032, "hostPageDiscoveredDate": "2015-07-24T13:43:10.0000000Z", "thumbnail": {"width": 474, "height": 632}, "imageInsightsToken": "ccid_R3BSxrUq*cp_BE6D95A30806A64B8CCFC737EF79544D*mid_C8317E2E59D0E3E71A3C862AB8D0CA74ED10B966*simid_608011080079265378*thid_OIP.R3BSxrUqaUcW3ZV94eDa9AHaJ4", "insightsMetadata": {"pagesIncludingCount": 7, "availableSizesCount": 3}, "imageId": "C8317E2E59D0E3E71A3C862AB8D0CA74ED10B966", "accentColor": "866145"}, {"webSearchUrl": "https:\/\/www.bing.com\/images\/search?view=detailv2&FORM=OIIRPO&q=tattoo&id=7628B5840899CC65E9CC27D45B7E35CAFB4D3F1E&simid=607993397698194851", "name": "Monochromatic Tattoos - Tattoo Ideas, Artists and Models", "thumbnailUrl": "https:\/\/tse1.mm.bing.net\/th?id=OIP.QzwOyLzYU0WXFWFFszwDQQHaHa&pid=Api", "datePublished": "2015-09-03T23:46:00.0000000Z", "isFamilyFriendly": true, "contentUrl": "https:\/\/www.inkedmag.com\/.image\/t_share\/MTU5MDMzMDM4NjQ1ODMxMzE3\/monochrome_feature.jpg", "hostPageUrl": "https:\/\/www.inkedmag.com\/culture\/monochromatic-tattoos", "contentSize": "89217 B", "encodingFormat": "jpeg", "hostPageDisplayUrl": "https:\/\/www.inkedmag.com\/culture\/monochromatic-tattoos", "width": 1200, "height": 1200, "hostPageFavIconUrl": "https:\/\/www.bing.com\/th?id=ODF.S3XoJTVB5ppOHxZJpvJ7KQ&pid=Api", "hostPageDomainFriendlyName": "Inked", "hostPageDiscoveredDate": "2015-09-03T23:46:15.0000000Z", "thumbnail": {"width": 474, "height": 474}, "imageInsightsToken": "ccid_QzwOyLzY*cp_656C50D21124F92BB93F15336948879F*mid_7628B5840899CC65E9CC27D45B7E35CAFB4D3F1E*simid_607993397698194851*thid_OIP.QzwOyLzYU0WXFWFFszwDQQHaHa", "insightsMetadata": {"pagesIncludingCount": 13, "availableSizesCount": 4}, "imageId": "7628B5840899CC65E9CC27D45B7E35CAFB4D3F1E", "accentColor": "C10A1C"}, {"webSearchUrl": "https:\/\/www.bing.com\/images\/search?view=detailv2&FORM=OIIRPO&q=tattoo&id=4699CA136C0F4DF8A8F02CE569F15C06D22DB245&simid=607988269510897204", "name": "85+ Incredible Anubis Tattoo Designs – An Egyptian Symbol of Protection", "thumbnailUrl": "https:\/\/tse2.mm.bing.net\/th?id=OIP.cbunND9g27xoYfQS3L4w3wHaHa&pid=Api", "datePublished": "2021-07-01T03:48:00.0000000Z", "isFamilyFriendly": true, "contentUrl": "https:\/\/tattoo-journal.com\/wp-content\/uploads\/2017\/01\/Anubis-Tattoo-76.jpg", "hostPageUrl": "https:\/\/tattoo-journal.com\/best-anubis-tattoo\/", "contentSize": "104321 B", "encodingFormat": "jpeg", "hostPageDisplayUrl": "https:\/\/tattoo-journal.com\/best-anubis-tattoo", "width": 1080, "height": 1080, "hostPageDiscoveredDate": "2020-08-14T00:00:00.0000000Z", "thumbnail": {"width": 474, "height": 474}, "imageInsightsToken": "ccid_cbunND9g*cp_C9218C5D9BF359CFCB966744E44A585E*mid_4699CA136C0F4DF8A8F02CE569F15C06D22DB245*simid_607988269510897204*thid_OIP.cbunND9g27xoYfQS3L4w3wHaHa", "insightsMetadata": {"pagesIncludingCount": 12, "availableSizesCount": 6}, "imageId": "4699CA136C0F4DF8A8F02CE569F15C06D22DB245", "accentColor": "91643A"}, {"webSearchUrl": "https:\/\/www.bing.com\/images\/search?view=detailv2&FORM=OIIRPO&q=tattoo&id=BE1490F6A039A41BCDCF413C0C9D2EC632BF017F&simid=607989459218541083", "name": "Chest and shoulder tribal tattoo - Tattoos Book - 65.000 Tattoos Designs", "thumbnailUrl": "https:\/\/tse1.mm.bing.net\/th?id=OIP.7bq8mqXDzOyXk9vO7CFEFgHaKi&pid=Api", "datePublished": "2020-05-21T16:28:00.0000000Z", "isFamilyFriendly": true, "contentUrl": "https:\/\/tattoos-book.com\/wp-content\/uploads\/2016\/02\/chest-and-shoulder-tribal-tattoo.jpg", "hostPageUrl": "https:\/\/tattoos-book.com\/chest-and-shoulder-tribal-tattoo\/", "contentSize": "106905 B", "encodingFormat": "jpeg", "hostPageDisplayUrl": "https:\/\/tattoos-book.com\/chest-and-shoulder-tribal-tattoo", "width": 800, "height": 1138, "hostPageDiscoveredDate": "2019-05-29T00:00:00.0000000Z", "thumbnail": {"width": 474, "height": 674}, "imageInsightsToken": "ccid_7bq8mqXD*cp_1D3308B5F1A7CC53045EC7F86BD35F04*mid_BE1490F6A039A41BCDCF413C0C9D2EC632BF017F*simid_607989459218541083*thid_OIP.7bq8mqXDzOyXk9vO7CFEFgHaKi", "insightsMetadata": {"pagesIncludingCount": 26, "availableSizesCount": 8}, "imageId": "BE1490F6A039A41BCDCF413C0C9D2EC632BF017F", "accentColor": "140B07"}, {"webSearchUrl": "https:\/\/www.bing.com\/images\/search?view=detailv2&FORM=OIIRPO&q=tattoo&id=B3B628FA877992FDC39D120B0918CEDC3F5E8A69&simid=608035814790363589", "name": "60+ Exclusive Hipster Tattoo Ideas – Show The World How Unique You Are", "thumbnailUrl": "https:\/\/tse4.mm.bing.net\/th?id=OIP.KdVS1mSmqvzjiG7c-jxvPQHaHa&pid=Api", "datePublished": "2021-07-05T01:06:00.0000000Z", "isFamilyFriendly": true, "contentUrl": "https:\/\/tattoo-journal.com\/wp-content\/uploads\/2016\/09\/Hipster-Tattoo_-5.jpg", "hostPageUrl": "https:\/\/tattoo-journal.com\/best-hipster-tattoo-designs-meaning\/", "contentSize": "87733 B", "encodingFormat": "jpeg", "hostPageDisplayUrl": "https:\/\/tattoo-journal.com\/best-hipster-tattoo-designs-meaning", "width": 1080, "height": 1080, "hostPageDiscoveredDate": "2021-05-09T00:00:00.0000000Z", "thumbnail": {"width": 474, "height": 474}, "imageInsightsToken": "ccid_KdVS1mSm*cp_ADD53AD0DA3912AF7760EA3103310ABE*mid_B3B628FA877992FDC39D120B0918CEDC3F5E8A69*simid_608035814790363589*thid_OIP.KdVS1mSmqvzjiG7c-jxvPQHaHa", "insightsMetadata": {"recipeSourcesCount": 0, "pagesIncludingCount": 2, "availableSizesCount": 4}, "imageId": "B3B628FA877992FDC39D120B0918CEDC3F5E8A69", "accentColor": "956836"}, {"webSearchUrl": "https:\/\/www.bing.com\/images\/search?view=detailv2&FORM=OIIRPO&q=tattoo&id=05BFCCE8491D9E36A5C76DECA86ED3E678463F74&simid=608026537664736341", "name": "Haley McMahon – Dedication Tattoo", "thumbnailUrl": "https:\/\/tse4.mm.bing.net\/th?id=OIP.n6bgeafZs4j2SjV5st4AYgHaLH&pid=Api", "datePublished": "2019-05-28T01:58:00.0000000Z", "isFamilyFriendly": true, "contentUrl": "https:\/\/www.dedicationtattoo.com\/wp-content\/uploads\/2015\/12\/IMG_1956.jpg", "hostPageUrl": "https:\/\/www.dedicationtattoo.com\/haley-mcmahon\/", "contentSize": "379606 B", "encodingFormat": "jpeg", "hostPageDisplayUrl": "https:\/\/www.dedicationtattoo.com\/haley-mcmahon", "width": 1200, "height": 1800, "hostPageDiscoveredDate": "2019-05-28T01:58:00.0000000Z", "thumbnail": {"width": 474, "height": 711}, "imageInsightsToken": "ccid_n6bgeafZ*cp_AC4E8ED99C5FB88993E12EF931365B4C*mid_05BFCCE8491D9E36A5C76DECA86ED3E678463F74*simid_608026537664736341*thid_OIP.n6bgeafZs4j2SjV5st4AYgHaLH", "insightsMetadata": {"recipeSourcesCount": 0, "pagesIncludingCount": 1, "availableSizesCount": 1}, "imageId": "05BFCCE8491D9E36A5C76DECA86ED3E678463F74", "accentColor": "903B45"}, {"webSearchUrl": "https:\/\/www.bing.com\/images\/search?view=detailv2&FORM=OIIRPO&q=tattoo&id=8B23E1F22285CF3C8C14666E3D14A6E484905ED1&simid=608043932285141315", "name": "10+ Best Hercules and Lion Tattoo Designs | PetPress", "thumbnailUrl": "https:\/\/tse2.mm.bing.net\/th?id=OIP.q0APn10G-jOEFzBn-TrubAHaI-&pid=Api", "datePublished": "2021-09-02T05:11:00.0000000Z", "isFamilyFriendly": true, "contentUrl": "https:\/\/cdn.petpress.net\/wp-content\/uploads\/2020\/04\/12003030\/hercules-lion-tattoo-sleeve.jpg", "hostPageUrl": "https:\/\/petpress.net\/10-best-hercules-and-lion-tattoo-designs\/", "contentSize": "162438 B", "encodingFormat": "jpeg", "hostPageDisplayUrl": "https:\/\/petpress.net\/10-best-hercules-and-lion-tattoo-designs", "width": 1080, "height": 1308, "hostPageDiscoveredDate": "2020-05-04T00:00:00.0000000Z", "thumbnail": {"width": 474, "height": 574}, "imageInsightsToken": "ccid_q0APn10G*cp_C74BAF9A5C4147F54D218F1403283CB1*mid_8B23E1F22285CF3C8C14666E3D14A6E484905ED1*simid_608043932285141315*thid_OIP.q0APn10G-jOEFzBn-TrubAHaI-", "insightsMetadata": {"pagesIncludingCount": 10, "availableSizesCount": 3}, "imageId": "8B23E1F22285CF3C8C14666E3D14A6E484905ED1", "accentColor": "A63425"}, {"webSearchUrl": "https:\/\/www.bing.com\/images\/search?view=detailv2&FORM=OIIRPO&q=tattoo&id=307400E34AA26475E983ACAB1E45293E9368A95D&simid=607990090573818639", "name": "Tattoo - Tattoos Photo (34714799) - Fanpop", "thumbnailUrl": "https:\/\/tse3.mm.bing.net\/th?id=OIP.lMFEKgLrsuNz_QUv09iXPwHaLI&pid=Api", "datePublished": "2016-11-20T21:28:00.0000000Z", "isFamilyFriendly": true, "contentUrl": "http:\/\/images6.fanpop.com\/image\/photos\/34700000\/Tattoo-tattoos-34714799-681-1024.jpg", "hostPageUrl": "https:\/\/www.fanpop.com\/clubs\/tattoos\/images\/34714799\/title\/tattoo-photo", "contentSize": "412020 B", "encodingFormat": "jpeg", "hostPageDisplayUrl": "https:\/\/www.fanpop.com\/clubs\/tattoos\/images\/34714799\/title\/tattoo-photo", "width": 681, "height": 1024, "hostPageDiscoveredDate": "2016-11-20T21:28:34.0000000Z", "thumbnail": {"width": 474, "height": 712}, "imageInsightsToken": "ccid_lMFEKgLr*cp_4E3C20D7775D22B3FAFF9D6DAE57CBD2*mid_307400E34AA26475E983ACAB1E45293E9368A95D*simid_607990090573818639*thid_OIP.lMFEKgLrsuNz!_QUv09iXPwHaLI", "insightsMetadata": {"recipeSourcesCount": 0, "pagesIncludingCount": 13, "availableSizesCount": 7}, "imageId": "307400E34AA26475E983ACAB1E45293E9368A95D", "accentColor": "AE4F1D"}, {"webSearchUrl": "https:\/\/www.bing.com\/images\/search?view=detailv2&FORM=OIIRPO&q=tattoo&id=55323171A9800E99ADA4204C16A6E8E0EB2B751F&simid=608008060719672907", "name": "Fibonacci Spiral Tattoos - Tattoo Ideas, Artists and Models", "thumbnailUrl": "https:\/\/tse1.mm.bing.net\/th?id=OIP.Y7fNlUgAJUKR3oKCO96f8AHaHa&pid=Api", "datePublished": "2016-01-26T22:12:00.0000000Z", "isFamilyFriendly": true, "contentUrl": "https:\/\/www.inkedmag.com\/.image\/t_share\/MTU5MDMyMjExODY4Mjk2OTg0\/fibonacci_feature.jpg", "hostPageUrl": "https:\/\/www.inkedmag.com\/culture\/fibonacci-spiral-tattoos", "contentSize": "95655 B", "encodingFormat": "jpeg", "hostPageDisplayUrl": "https:\/\/www.inkedmag.com\/culture\/fibonacci-spiral-tattoos", "width": 1200, "height": 1200, "hostPageDiscoveredDate": "2016-01-26T22:12:34.0000000Z", "thumbnail": {"width": 474, "height": 474}, "imageInsightsToken": "ccid_Y7fNlUgA*cp_CE41ED7D344C7BE2B1A5CF9C02BF6E83*mid_55323171A9800E99ADA4204C16A6E8E0EB2B751F*simid_608008060719672907*thid_OIP.Y7fNlUgAJUKR3oKCO96f8AHaHa", "insightsMetadata": {"pagesIncludingCount": 65, "availableSizesCount": 23}, "imageId": "55323171A9800E99ADA4204C16A6E8E0EB2B751F", "accentColor": "0D0908"}, {"webSearchUrl": "https:\/\/www.bing.com\/images\/search?view=detailv2&FORM=OIIRPO&q=tattoo&id=1D45121D4152607F5441E7A337B980763E3450D2&simid=608022504688008155", "name": "101 Amazing Athena Tattoo Ideas You Need To See! | Outsons | Men's ...", "thumbnailUrl": "https:\/\/tse1.mm.bing.net\/th?id=OIP.STFvRQz8hCCeig9HKA8EBgHaHa&pid=Api", "datePublished": "2021-07-10T23:19:00.0000000Z", "isFamilyFriendly": true, "contentUrl": "https:\/\/outsons.com\/wp-content\/uploads\/2021\/02\/2020-12-01-12.37.01-2454317115434089097_athenatattoo-1024x1024.jpg", "hostPageUrl": "https:\/\/outsons.com\/amazing-athena-tattoo-ideas-you-need-to-see\/", "contentSize": "123061 B", "encodingFormat": "jpeg", "hostPageDisplayUrl": "https:\/\/outsons.com\/amazing-athena-tattoo-ideas-you-need-to-see", "width": 1024, "height": 1024, "hostPageDiscoveredDate": "2021-05-27T00:00:00.0000000Z", "thumbnail": {"width": 474, "height": 474}, "imageInsightsToken": "ccid_STFvRQz8*cp_F313CE93DC83868AC8FC3711E9D9A4F8*mid_1D45121D4152607F5441E7A337B980763E3450D2*simid_608022504688008155*thid_OIP.STFvRQz8hCCeig9HKA8EBgHaHa", "insightsMetadata": {"pagesIncludingCount": 1, "availableSizesCount": 1}, "imageId": "1D45121D4152607F5441E7A337B980763E3450D2", "accentColor": "975D34"}, {"webSearchUrl": "https:\/\/www.bing.com\/images\/search?view=detailv2&FORM=OIIRPO&q=tattoo&id=8FF65523C3BA14CBB7E2FC725148BB9BE2DAD44B&simid=608052303178239985", "name": "75+ Cool Chrysanthemum Tattoo Designs - Pass Your Message Across", "thumbnailUrl": "https:\/\/tse4.mm.bing.net\/th?id=OIP.jzibtqJC3W3PcsVAGDd7CQHaHa&pid=Api", "datePublished": "2021-05-01T03:20:00.0000000Z", "isFamilyFriendly": true, "contentUrl": "https:\/\/tattoo-journal.com\/wp-content\/uploads\/2016\/08\/Chrysanthemum-Tattoo_-3.jpg", "hostPageUrl": "https:\/\/tattoo-journal.com\/best-chrysanthemum-tattoo-designs-meaning\/", "contentSize": "164297 B", "encodingFormat": "jpeg", "hostPageDisplayUrl": "https:\/\/tattoo-journal.com\/best-chrysanthemum-tattoo-designs-meaning", "width": 1080, "height": 1080, "hostPageDiscoveredDate": "2021-04-25T00:00:00.0000000Z", "thumbnail": {"width": 474, "height": 474}, "imageInsightsToken": "ccid_jzibtqJC*cp_93C5B3AEFEC9E7B47D9CF4C46B3107C7*mid_8FF65523C3BA14CBB7E2FC725148BB9BE2DAD44B*simid_608052303178239985*thid_OIP.jzibtqJC3W3PcsVAGDd7CQHaHa", "insightsMetadata": {"recipeSourcesCount": 0, "pagesIncludingCount": 5, "availableSizesCount": 5}, "imageId": "8FF65523C3BA14CBB7E2FC725148BB9BE2DAD44B", "accentColor": "AD5F1E"}, {"webSearchUrl": "https:\/\/www.bing.com\/images\/search?view=detailv2&FORM=OIIRPO&q=tattoo&id=1C098891B09B27E9CA7D1A0C8FA91C39D7688047&simid=608025103154683878", "name": "Found on Google from ritely.com | Ouroboros tattoo, Tattoos, Flower tattoos", "thumbnailUrl": "https:\/\/tse3.mm.bing.net\/th?id=OIP.CaWzpc7sJ-v5cU7OhSiwSwHaJ4&pid=Api", "datePublished": "2021-07-08T20:15:00.0000000Z", "isFamilyFriendly": true, "contentUrl": "https:\/\/i.pinimg.com\/736x\/7b\/34\/67\/7b3467f8ee20c8c9e2919a0da9e10d41.jpg", "hostPageUrl": "https:\/\/www.pinterest.com\/pin\/341992165448971244\/", "contentSize": "108984 B", "encodingFormat": "jpeg", "hostPageDisplayUrl": "https:\/\/www.pinterest.com\/pin\/341992165448971244", "width": 735, "height": 980, "hostPageFavIconUrl": "https:\/\/www.bing.com\/th?id=ODF.PmATFqOwm9_sUEmusAtcwA&pid=Api", "hostPageDomainFriendlyName": "Pinterest", "hostPageDiscoveredDate": "2018-04-08T00:00:00.0000000Z", "thumbnail": {"width": 474, "height": 632}, "imageInsightsToken": "ccid_CaWzpc7s*cp_C1392237EB937DE2D5DDD427152301E6*mid_1C098891B09B27E9CA7D1A0C8FA91C39D7688047*simid_608025103154683878*thid_OIP.CaWzpc7sJ-v5cU7OhSiwSwHaJ4", "insightsMetadata": {"pagesIncludingCount": 18, "availableSizesCount": 8}, "imageId": "1C098891B09B27E9CA7D1A0C8FA91C39D7688047", "accentColor": "C47A07"}, {"webSearchUrl": "https:\/\/www.bing.com\/images\/search?view=detailv2&FORM=OIIRPO&q=tattoo&id=4699CA136C0F4DF8A8F0A857E54BAED59E2F5CB4&simid=607989240172996933", "name": "85+ Incredible Anubis Tattoo Designs – An Egyptian Symbol of Protection", "thumbnailUrl": "https:\/\/tse1.mm.bing.net\/th?id=OIP.19roXKL1i2Xj7IAIyhfjBgHaJQ&pid=Api", "datePublished": "2021-07-01T03:48:00.0000000Z", "isFamilyFriendly": true, "contentUrl": "https:\/\/tattoo-journal.com\/wp-content\/uploads\/2016\/08\/anubis-tattoo26-650x813.jpg", "hostPageUrl": "https:\/\/tattoo-journal.com\/best-anubis-tattoo\/", "contentSize": "77438 B", "encodingFormat": "jpeg", "hostPageDisplayUrl": "https:\/\/tattoo-journal.com\/best-anubis-tattoo", "width": 650, "height": 813, "hostPageDiscoveredDate": "2020-08-14T00:00:00.0000000Z", "thumbnail": {"width": 474, "height": 592}, "imageInsightsToken": "ccid_19roXKL1*cp_EA2F8CD845F0CD1AEA9B0D5518323F40*mid_4699CA136C0F4DF8A8F0A857E54BAED59E2F5CB4*simid_607989240172996933*thid_OIP.19roXKL1i2Xj7IAIyhfjBgHaJQ", "insightsMetadata": {"recipeSourcesCount": 0, "pagesIncludingCount": 30, "availableSizesCount": 14}, "imageId": "4699CA136C0F4DF8A8F0A857E54BAED59E2F5CB4", "accentColor": "B25419"}, {"webSearchUrl": "https:\/\/www.bing.com\/images\/search?view=detailv2&FORM=OIIRPO&q=tattoo&id=010D967366C846891D1F8C3B0E6E793E74BBA658&simid=608035810498987727", "name": "Illustrative \/ Realism Tattoos - Funhouse Tattoo San Diego", "thumbnailUrl": "https:\/\/tse4.mm.bing.net\/th?id=OIP.eLKt5oL8HBKdBXQRGal61AHaJ4&pid=Api", "datePublished": "2018-09-22T22:38:00.0000000Z", "isFamilyFriendly": true, "contentUrl": "http:\/\/www.funhousetattoosd.com\/wp-content\/uploads\/2016\/06\/IMG_6282-768x1024.jpg", "hostPageUrl": "http:\/\/www.funhousetattoosd.com\/illustrative-realism-tattoos\/", "contentSize": "101115 B", "encodingFormat": "jpeg", "hostPageDisplayUrl": "www.funhousetattoosd.com\/illustrative-realism-tattoos", "width": 768, "height": 1024, "hostPageDiscoveredDate": "2016-07-06T00:00:00.0000000Z", "thumbnail": {"width": 474, "height": 632}, "imageInsightsToken": "ccid_eLKt5oL8*cp_99D566A7EAF50CE9F2518194D7E0481E*mid_010D967366C846891D1F8C3B0E6E793E74BBA658*simid_608035810498987727*thid_OIP.eLKt5oL8HBKdBXQRGal61AHaJ4", "insightsMetadata": {"recipeSourcesCount": 0, "pagesIncludingCount": 2, "availableSizesCount": 1}, "imageId": "010D967366C846891D1F8C3B0E6E793E74BBA658", "accentColor": "A06B2B"}, {"webSearchUrl": "https:\/\/www.bing.com\/images\/search?view=detailv2&FORM=OIIRPO&q=tattoo&id=D363F4E9DD1ABFF3228E8C99219EF5DFB10D53A4&simid=608001558134480883", "name": "BigBen tatoo - | TattooMagz › Tattoo Designs \/ Ink Works \/ Body Arts ...", "thumbnailUrl": "https:\/\/tse2.explicit.bing.net\/th?id=OIP.SGSnQ5NQ5cqM-GJGBnJa3gHaJ4&pid=Api", "datePublished": "2021-03-16T13:40:00.0000000Z", "isFamilyFriendly": false, "contentUrl": "https:\/\/tattoomagz.com\/wp-content\/uploads\/2014\/05\/BigBen-tatoo.jpg", "hostPageUrl": "https:\/\/tattoomagz.com\/london-style-tattoos\/bigben-tatoo\/", "contentSize": "2420896 B", "encodingFormat": "jpeg", "hostPageDisplayUrl": "https:\/\/tattoomagz.com\/london-style-tattoos\/bigben-tatoo", "width": 2448, "height": 3264, "hostPageDiscoveredDate": "2019-04-10T00:00:00.0000000Z", "thumbnail": {"width": 474, "height": 632}, "imageInsightsToken": "ccid_SGSnQ5NQ*cp_24E39439B68CB0484206826F43CDAB20*mid_D363F4E9DD1ABFF3228E8C99219EF5DFB10D53A4*simid_608001558134480883*thid_OIP.SGSnQ5NQ5cqM-GJGBnJa3gHaJ4", "insightsMetadata": {"recipeSourcesCount": 0, "pagesIncludingCount": 5, "availableSizesCount": 4}, "imageId": "D363F4E9DD1ABFF3228E8C99219EF5DFB10D53A4", "accentColor": "9E5D2D"}, {"webSearchUrl": "https:\/\/www.bing.com\/images\/search?view=detailv2&FORM=OIIRPO&q=tattoo&id=B0C5C4ABF3BD74D8F7B1177C6C52939DAFF063C0&simid=608040066810588735", "name": "85 Spirited Quetzalcoatl Tattoos - Wild Tattoo Art", "thumbnailUrl": "https:\/\/tse1.mm.bing.net\/th?id=OIP.7UlMBEI1DMNc-X_skimn4gHaI9&pid=Api", "datePublished": "2021-07-25T14:18:00.0000000Z", "isFamilyFriendly": true, "contentUrl": "https:\/\/www.wildtattooart.com\/wp-content\/uploads\/2021\/06\/Quetzalcoatl_Tattoos_06062165.jpg", "hostPageUrl": "https:\/\/www.wildtattooart.com\/quetzalcoatl-tattoos", "contentSize": "121366 B", "encodingFormat": "jpeg", "hostPageDisplayUrl": "https:\/\/www.wildtattooart.com\/quetzalcoatl-tattoos", "width": 800, "height": 968, "hostPageDiscoveredDate": "2021-06-22T00:00:00.0000000Z", "thumbnail": {"width": 474, "height": 573}, "imageInsightsToken": "ccid_7UlMBEI1*cp_8E138F59B08287A17CF2C52FE51696B5*mid_B0C5C4ABF3BD74D8F7B1177C6C52939DAFF063C0*simid_608040066810588735*thid_OIP.7UlMBEI1DMNc-X!_skimn4gHaI9", "insightsMetadata": {"pagesIncludingCount": 1, "availableSizesCount": 2}, "imageId": "B0C5C4ABF3BD74D8F7B1177C6C52939DAFF063C0", "accentColor": "0B111C"}, {"webSearchUrl": "https:\/\/www.bing.com\/images\/search?view=detailv2&FORM=OIIRPO&q=tattoo&id=37B82877D20561F10CD7BFD5BB29D4C2BB3ECC4C&simid=608050022543940781", "name": "100's of Maori Tattoo Design Ideas Pictures Gallery", "thumbnailUrl": "https:\/\/tse3.mm.bing.net\/th?id=OIP.LX2sH-Np8blczAFg1tWv_wHaKI&pid=Api", "datePublished": "2018-12-12T07:49:00.0000000Z", "isFamilyFriendly": true, "contentUrl": "https:\/\/tattoosat.com\/wp-content\/uploads\/2014\/12\/Maori.jpg", "hostPageUrl": "https:\/\/tattoosat.com\/100s-of-maori-tattoo-design-ideas-pictures-gallery\/", "contentSize": "103575 B", "encodingFormat": "jpeg", "hostPageDisplayUrl": "https:\/\/tattoosat.com\/100s-of-maori-tattoo-design-ideas-pictures-gallery", "width": 702, "height": 960, "hostPageDiscoveredDate": "2017-02-28T00:00:00.0000000Z", "thumbnail": {"width": 474, "height": 648}, "imageInsightsToken": "ccid_LX2sH+Np*cp_67A4E71252E930BB6FC44C66EB1DD941*mid_37B82877D20561F10CD7BFD5BB29D4C2BB3ECC4C*simid_608050022543940781*thid_OIP.LX2sH-Np8blczAFg1tWv!_wHaKI", "insightsMetadata": {"recipeSourcesCount": 0, "pagesIncludingCount": 101, "availableSizesCount": 31}, "imageId": "37B82877D20561F10CD7BFD5BB29D4C2BB3ECC4C", "accentColor": "2D749E"}, {"webSearchUrl": "https:\/\/www.bing.com\/images\/search?view=detailv2&FORM=OIIRPO&q=tattoo&id=FE7BD902579AC10630AF9A57ABDB61A2DA1E10AC&simid=608031640090204517", "name": "Vintage Odds and Ends: Chicano Tattoo | Some Shots", "thumbnailUrl": "https:\/\/tse1.mm.bing.net\/th?id=OIP.g-bL886HIVNQ25tt8VlemAHaLA&pid=Api", "datePublished": "2019-02-17T16:02:00.0000000Z", "isFamilyFriendly": true, "contentUrl": "https:\/\/3.bp.blogspot.com\/-XqAqdHoZQzw\/T6vBNJ2yJPI\/AAAAAAAAFI4\/aPyVmtzBI8E\/s1600\/DSC05.jpg", "hostPageUrl": "https:\/\/vintageoddsandends.blogspot.com\/2012\/05\/chicano-tattoo-some-shots.html", "contentSize": "344919 B", "encodingFormat": "jpeg", "hostPageDisplayUrl": "https:\/\/vintageoddsandends.blogspot.com\/2012\/05\/chicano-tattoo-some-shots.html", "width": 1076, "height": 1600, "hostPageFavIconUrl": "https:\/\/www.bing.com\/th?id=ODF.kCKFU1-d0l3Elu2Vvbpmew&pid=Api", "hostPageDomainFriendlyName": "blogspot.com", "hostPageDiscoveredDate": "2019-01-28T00:00:00.0000000Z", "thumbnail": {"width": 474, "height": 704}, "imageInsightsToken": "ccid_g+bL886H*cp_E098C6D32B6249E9398CD173535D5D0D*mid_FE7BD902579AC10630AF9A57ABDB61A2DA1E10AC*simid_608031640090204517*thid_OIP.g-bL886HIVNQ25tt8VlemAHaLA", "insightsMetadata": {"pagesIncludingCount": 6, "availableSizesCount": 3}, "imageId": "FE7BD902579AC10630AF9A57ABDB61A2DA1E10AC", "accentColor": "634A39"}, {"webSearchUrl": "https:\/\/www.bing.com\/images\/search?view=detailv2&FORM=OIIRPO&q=tattoo&id=D443C891D572919880C4655989170037504F82A2&simid=608017934853625643", "name": "Elbow Tattoos", "thumbnailUrl": "https:\/\/tse1.mm.bing.net\/th?id=OIP.luXdLeZmx-4WNywCUCH3zQHaLE&pid=Api", "datePublished": "2015-06-17T20:41:00.0000000Z", "isFamilyFriendly": true, "contentUrl": "http:\/\/www.tattoodesigns24.com\/wp-content\/uploads\/2015\/01\/Scary-Elbow-Tattoo.jpg", "hostPageUrl": "http:\/\/www.tattoodesigns24.com\/tattoos\/body-tattoos\/elbow-tattoos\/", "contentSize": "131676 B", "encodingFormat": "jpeg", "hostPageDisplayUrl": "www.tattoodesigns24.com\/tattoos\/body-tattoos\/elbow-tattoos", "width": 1212, "height": 1812, "hostPageDiscoveredDate": "2013-07-06T00:00:00.0000000Z", "thumbnail": {"width": 474, "height": 708}, "imageInsightsToken": "ccid_luXdLeZm*cp_73D1A555FDE6462B1777DC58D9B52272*mid_D443C891D572919880C4655989170037504F82A2*simid_608017934853625643*thid_OIP.luXdLeZmx-4WNywCUCH3zQHaLE", "insightsMetadata": {"recipeSourcesCount": 0, "pagesIncludingCount": 10, "availableSizesCount": 5}, "imageId": "D443C891D572919880C4655989170037504F82A2", "accentColor": "976E34"}, {"webSearchUrl": "https:\/\/www.bing.com\/images\/search?view=detailv2&FORM=OIIRPO&q=tattoo&id=6AE133A8B9AF7C06B42D62A0500A1CEBFD838F4E&simid=608047638845077324", "name": "80+ Best Swallow Bird Tattoo Meaning and Designs - Fly in The Sky (2019)", "thumbnailUrl": "https:\/\/tse4.mm.bing.net\/th?id=OIP.5Yr_qhnlelgpL3KG9ExZEQHaHa&pid=Api", "datePublished": "2021-07-05T07:47:00.0000000Z", "isFamilyFriendly": true, "contentUrl": "https:\/\/tattoo-journal.com\/wp-content\/uploads\/2015\/09\/swallow-tattoo-8.jpg", "hostPageUrl": "https:\/\/tattoo-journal.com\/50-lucky-swallow-bird-tattoo-meaning-and-designs-fly-in-the-sky\/", "contentSize": "119546 B", "encodingFormat": "jpeg", "hostPageDisplayUrl": "https:\/\/tattoo-journal.com\/50-lucky-swallow-bird-tattoo-meaning-and-designs-fly-in-the-sky", "width": 1080, "height": 1080, "hostPageDiscoveredDate": "2017-10-07T00:00:00.0000000Z", "thumbnail": {"width": 474, "height": 474}, "imageInsightsToken": "ccid_5Yr\/qhnl*cp_BE810BD99863BCB0B37173CD7BD87131*mid_6AE133A8B9AF7C06B42D62A0500A1CEBFD838F4E*simid_608047638845077324*thid_OIP.5Yr!_qhnlelgpL3KG9ExZEQHaHa", "insightsMetadata": {"recipeSourcesCount": 0, "pagesIncludingCount": 9, "availableSizesCount": 6}, "imageId": "6AE133A8B9AF7C06B42D62A0500A1CEBFD838F4E", "accentColor": "A92232"}, {"webSearchUrl": "https:\/\/www.bing.com\/images\/search?view=detailv2&FORM=OIIRPO&q=tattoo&id=8CFDFFAB86EFC10B42E4E71DE1F42C709A601FC7&simid=607986856465167887", "name": "Leco's Tattoo: Maori", "thumbnailUrl": "https:\/\/tse3.mm.bing.net\/th?id=OIP.qDb5Rj3rZaWS203F--Lk0wHaJ4&pid=Api", "datePublished": "2020-07-06T13:13:00.0000000Z", "isFamilyFriendly": true, "contentUrl": "https:\/\/1.bp.blogspot.com\/-P7IuSGNahzs\/UMtrMbLXM7I\/AAAAAAAADes\/HcYt9hpzgWs\/s1600\/SAM_4659.JPG", "hostPageUrl": "https:\/\/lecostattoo.blogspot.com\/2012\/12\/maori_14.html", "contentSize": "188151 B", "encodingFormat": "jpeg", "hostPageDisplayUrl": "https:\/\/lecostattoo.blogspot.com\/2012\/12\/maori_14.html", "width": 1200, "height": 1600, "hostPageFavIconUrl": "https:\/\/www.bing.com\/th?id=ODF.kCKFU1-d0l3Elu2Vvbpmew&pid=Api", "hostPageDomainFriendlyName": "blogspot.com", "hostPageDiscoveredDate": "2019-01-28T00:00:00.0000000Z", "thumbnail": {"width": 474, "height": 632}, "imageInsightsToken": "ccid_qDb5Rj3r*cp_360D60FBA2ADCAAE8DFC436F933FFBCF*mid_8CFDFFAB86EFC10B42E4E71DE1F42C709A601FC7*simid_607986856465167887*thid_OIP.qDb5Rj3rZaWS203F--Lk0wHaJ4", "insightsMetadata": {"pagesIncludingCount": 2, "availableSizesCount": 2}, "imageId": "8CFDFFAB86EFC10B42E4E71DE1F42C709A601FC7", "accentColor": "A06B2B"}, {"webSearchUrl": "https:\/\/www.bing.com\/images\/search?view=detailv2&FORM=OIIRPO&q=tattoo&id=91E734FC73926A2DC733BD63EE33D8F34288D505&simid=608042527830186663", "name": "26 Cartoon Tattoo Designs - Garfield Tattoo Ideas For Men and Women ...", "thumbnailUrl": "https:\/\/tse3.mm.bing.net\/th?id=OIP.cE1MntEQt3zc0HALoPnWfgHaNK&pid=Api", "datePublished": "2021-07-20T12:44:00.0000000Z", "isFamilyFriendly": true, "contentUrl": "https:\/\/cdn.petpress.net\/wp-content\/uploads\/2020\/02\/12041759\/idea-design-Garfield-Tattoo-amazing.jpg", "hostPageUrl": "https:\/\/petpress.net\/26-cartoon-tattoo-designs-garfield-tattoo-ideas-for-men-and-women\/", "contentSize": "158302 B", "encodingFormat": "jpeg", "hostPageDisplayUrl": "https:\/\/petpress.net\/26-cartoon-tattoo-designs-garfield-tattoo-ideas-for-men-and-women", "width": 1024, "height": 1821, "hostPageDiscoveredDate": "2020-02-21T00:00:00.0000000Z", "thumbnail": {"width": 474, "height": 842}, "imageInsightsToken": "ccid_cE1MntEQ*cp_5337CBFE2CA01752B7C0F49752512188*mid_91E734FC73926A2DC733BD63EE33D8F34288D505*simid_608042527830186663*thid_OIP.cE1MntEQt3zc0HALoPnWfgHaNK", "insightsMetadata": {"pagesIncludingCount": 1, "availableSizesCount": 2}, "imageId": "91E734FC73926A2DC733BD63EE33D8F34288D505", "accentColor": "BD7C0E"}], "queryExpansions": [{"text": "Simple Tattoos", "displayText": "Simple", "webSearchUrl": "https:\/\/www.bing.com\/images\/search?q=Simple+Tattoos&tq=%7b%22pq%22%3a%22tattoo%22%2c%22qs%22%3a%5b%7b%22cv%22%3a%22tattoo%22%2c%22pv%22%3a%22tattoo%22%2c%22hps%22%3atrue%2c%22iqp%22%3afalse%7d%2c%7b%22cv%22%3a%22Simple%22%2c%22pv%22%3a%22%22%2c%22hps%22%3afalse%2c%22iqp%22%3atrue%7d%5d%7d&FORM=IRPATC", "searchLink": "https:\/\/api.bing.microsoft.com\/api\/v7\/images\/search?q=Simple+Tattoos&tq=%7b%22pq%22%3a%22tattoo%22%2c%22qs%22%3a%5b%7b%22cv%22%3a%22tattoo%22%2c%22pv%22%3a%22tattoo%22%2c%22hps%22%3atrue%2c%22iqp%22%3afalse%7d%2c%7b%22cv%22%3a%22Simple%22%2c%22pv%22%3a%22%22%2c%22hps%22%3afalse%2c%22iqp%22%3atrue%7d%5d%7d", "thumbnail": {"thumbnailUrl": "https:\/\/tse3.mm.bing.net\/th?q=Simple+Tattoos&pid=Api&mkt=de-DE&cc=DE&setlang=de&adlt=moderate&t=1"}}, {"text": "Small Tattoos", "displayText": "Small", "webSearchUrl": "https:\/\/www.bing.com\/images\/search?q=Small+Tattoos&tq=%7b%22pq%22%3a%22tattoo%22%2c%22qs%22%3a%5b%7b%22cv%22%3a%22tattoo%22%2c%22pv%22%3a%22tattoo%22%2c%22hps%22%3atrue%2c%22iqp%22%3afalse%7d%2c%7b%22cv%22%3a%22Small%22%2c%22pv%22%3a%22%22%2c%22hps%22%3afalse%2c%22iqp%22%3atrue%7d%5d%7d&FORM=IRPATC", "searchLink": "https:\/\/api.bing.microsoft.com\/api\/v7\/images\/search?q=Small+Tattoos&tq=%7b%22pq%22%3a%22tattoo%22%2c%22qs%22%3a%5b%7b%22cv%22%3a%22tattoo%22%2c%22pv%22%3a%22tattoo%22%2c%22hps%22%3atrue%2c%22iqp%22%3afalse%7d%2c%7b%22cv%22%3a%22Small%22%2c%22pv%22%3a%22%22%2c%22hps%22%3afalse%2c%22iqp%22%3atrue%7d%5d%7d", "thumbnail": {"thumbnailUrl": "https:\/\/tse4.mm.bing.net\/th?q=Small+Tattoos&pid=Api&mkt=de-DE&cc=DE&setlang=de&adlt=moderate&t=1"}}, {"text": "Cool Tattoos", "displayText": "Cool", "webSearchUrl": "https:\/\/www.bing.com\/images\/search?q=Cool+Tattoos&tq=%7b%22pq%22%3a%22tattoo%22%2c%22qs%22%3a%5b%7b%22cv%22%3a%22tattoo%22%2c%22pv%22%3a%22tattoo%22%2c%22hps%22%3atrue%2c%22iqp%22%3afalse%7d%2c%7b%22cv%22%3a%22Cool%22%2c%22pv%22%3a%22%22%2c%22hps%22%3afalse%2c%22iqp%22%3atrue%7d%5d%7d&FORM=IRPATC", "searchLink": "https:\/\/api.bing.microsoft.com\/api\/v7\/images\/search?q=Cool+Tattoos&tq=%7b%22pq%22%3a%22tattoo%22%2c%22qs%22%3a%5b%7b%22cv%22%3a%22tattoo%22%2c%22pv%22%3a%22tattoo%22%2c%22hps%22%3atrue%2c%22iqp%22%3afalse%7d%2c%7b%22cv%22%3a%22Cool%22%2c%22pv%22%3a%22%22%2c%22hps%22%3afalse%2c%22iqp%22%3atrue%7d%5d%7d", "thumbnail": {"thumbnailUrl": "https:\/\/tse4.mm.bing.net\/th?q=Cool+Tattoos&pid=Api&mkt=de-DE&cc=DE&setlang=de&adlt=moderate&t=1"}}, {"text": "Hand Tattoos", "displayText": "Hand", "webSearchUrl": "https:\/\/www.bing.com\/images\/search?q=Hand+Tattoos&tq=%7b%22pq%22%3a%22tattoo%22%2c%22qs%22%3a%5b%7b%22cv%22%3a%22tattoo%22%2c%22pv%22%3a%22tattoo%22%2c%22hps%22%3atrue%2c%22iqp%22%3afalse%7d%2c%7b%22cv%22%3a%22Hand%22%2c%22pv%22%3a%22%22%2c%22hps%22%3afalse%2c%22iqp%22%3atrue%7d%5d%7d&FORM=IRPATC", "searchLink": "https:\/\/api.bing.microsoft.com\/api\/v7\/images\/search?q=Hand+Tattoos&tq=%7b%22pq%22%3a%22tattoo%22%2c%22qs%22%3a%5b%7b%22cv%22%3a%22tattoo%22%2c%22pv%22%3a%22tattoo%22%2c%22hps%22%3atrue%2c%22iqp%22%3afalse%7d%2c%7b%22cv%22%3a%22Hand%22%2c%22pv%22%3a%22%22%2c%22hps%22%3afalse%2c%22iqp%22%3atrue%7d%5d%7d", "thumbnail": {"thumbnailUrl": "https:\/\/tse4.mm.bing.net\/th?q=Hand+Tattoos&pid=Api&mkt=de-DE&cc=DE&setlang=de&adlt=moderate&t=1"}}, {"text": "Tree Tattoo", "displayText": "Tree", "webSearchUrl": "https:\/\/www.bing.com\/images\/search?q=Tree+Tattoo&tq=%7b%22pq%22%3a%22tattoo%22%2c%22qs%22%3a%5b%7b%22cv%22%3a%22tattoo%22%2c%22pv%22%3a%22tattoo%22%2c%22hps%22%3atrue%2c%22iqp%22%3afalse%7d%2c%7b%22cv%22%3a%22Tree%22%2c%22pv%22%3a%22%22%2c%22hps%22%3afalse%2c%22iqp%22%3atrue%7d%5d%7d&FORM=IRPATC", "searchLink": "https:\/\/api.bing.microsoft.com\/api\/v7\/images\/search?q=Tree+Tattoo&tq=%7b%22pq%22%3a%22tattoo%22%2c%22qs%22%3a%5b%7b%22cv%22%3a%22tattoo%22%2c%22pv%22%3a%22tattoo%22%2c%22hps%22%3atrue%2c%22iqp%22%3afalse%7d%2c%7b%22cv%22%3a%22Tree%22%2c%22pv%22%3a%22%22%2c%22hps%22%3afalse%2c%22iqp%22%3atrue%7d%5d%7d", "thumbnail": {"thumbnailUrl": "https:\/\/tse2.mm.bing.net\/th?q=Tree+Tattoo&pid=Api&mkt=de-DE&cc=DE&setlang=de&adlt=moderate&t=1"}}, {"text": "Sun Tattoo", "displayText": "Sun", "webSearchUrl": "https:\/\/www.bing.com\/images\/search?q=Sun+Tattoo&tq=%7b%22pq%22%3a%22tattoo%22%2c%22qs%22%3a%5b%7b%22cv%22%3a%22tattoo%22%2c%22pv%22%3a%22tattoo%22%2c%22hps%22%3atrue%2c%22iqp%22%3afalse%7d%2c%7b%22cv%22%3a%22Sun%22%2c%22pv%22%3a%22%22%2c%22hps%22%3afalse%2c%22iqp%22%3atrue%7d%5d%7d&FORM=IRPATC", "searchLink": "https:\/\/api.bing.microsoft.com\/api\/v7\/images\/search?q=Sun+Tattoo&tq=%7b%22pq%22%3a%22tattoo%22%2c%22qs%22%3a%5b%7b%22cv%22%3a%22tattoo%22%2c%22pv%22%3a%22tattoo%22%2c%22hps%22%3atrue%2c%22iqp%22%3afalse%7d%2c%7b%22cv%22%3a%22Sun%22%2c%22pv%22%3a%22%22%2c%22hps%22%3afalse%2c%22iqp%22%3atrue%7d%5d%7d", "thumbnail": {"thumbnailUrl": "https:\/\/tse4.mm.bing.net\/th?q=Sun+Tattoo&pid=Api&mkt=de-DE&cc=DE&setlang=de&adlt=moderate&t=1"}}, {"text": "Tattoo Styles", "displayText": "Styles", "webSearchUrl": "https:\/\/www.bing.com\/images\/search?q=Tattoo+Styles&tq=%7b%22pq%22%3a%22tattoo%22%2c%22qs%22%3a%5b%7b%22cv%22%3a%22tattoo%22%2c%22pv%22%3a%22tattoo%22%2c%22hps%22%3atrue%2c%22iqp%22%3afalse%7d%2c%7b%22cv%22%3a%22Styles%22%2c%22pv%22%3a%22%22%2c%22hps%22%3afalse%2c%22iqp%22%3atrue%7d%5d%7d&FORM=IRPATC", "searchLink": "https:\/\/api.bing.microsoft.com\/api\/v7\/images\/search?q=Tattoo+Styles&tq=%7b%22pq%22%3a%22tattoo%22%2c%22qs%22%3a%5b%7b%22cv%22%3a%22tattoo%22%2c%22pv%22%3a%22tattoo%22%2c%22hps%22%3atrue%2c%22iqp%22%3afalse%7d%2c%7b%22cv%22%3a%22Styles%22%2c%22pv%22%3a%22%22%2c%22hps%22%3afalse%2c%22iqp%22%3atrue%7d%5d%7d", "thumbnail": {"thumbnailUrl": "https:\/\/tse2.mm.bing.net\/th?q=Tattoo+Styles&pid=Api&mkt=de-DE&cc=DE&setlang=de&adlt=moderate&t=1"}}, {"text": "Back Tattoo", "displayText": "Back", "webSearchUrl": "https:\/\/www.bing.com\/images\/search?q=Back+Tattoo&tq=%7b%22pq%22%3a%22tattoo%22%2c%22qs%22%3a%5b%7b%22cv%22%3a%22tattoo%22%2c%22pv%22%3a%22tattoo%22%2c%22hps%22%3atrue%2c%22iqp%22%3afalse%7d%2c%7b%22cv%22%3a%22Back%22%2c%22pv%22%3a%22%22%2c%22hps%22%3afalse%2c%22iqp%22%3atrue%7d%5d%7d&FORM=IRPATC", "searchLink": "https:\/\/api.bing.microsoft.com\/api\/v7\/images\/search?q=Back+Tattoo&tq=%7b%22pq%22%3a%22tattoo%22%2c%22qs%22%3a%5b%7b%22cv%22%3a%22tattoo%22%2c%22pv%22%3a%22tattoo%22%2c%22hps%22%3atrue%2c%22iqp%22%3afalse%7d%2c%7b%22cv%22%3a%22Back%22%2c%22pv%22%3a%22%22%2c%22hps%22%3afalse%2c%22iqp%22%3atrue%7d%5d%7d", "thumbnail": {"thumbnailUrl": "https:\/\/tse3.mm.bing.net\/th?q=Back+Tattoo&pid=Api&mkt=de-DE&cc=DE&setlang=de&adlt=moderate&t=1"}}, {"text": "Symbol Tattoo", "displayText": "Symbol", "webSearchUrl": "https:\/\/www.bing.com\/images\/search?q=Symbol+Tattoo&tq=%7b%22pq%22%3a%22tattoo%22%2c%22qs%22%3a%5b%7b%22cv%22%3a%22tattoo%22%2c%22pv%22%3a%22tattoo%22%2c%22hps%22%3atrue%2c%22iqp%22%3afalse%7d%2c%7b%22cv%22%3a%22Symbol%22%2c%22pv%22%3a%22%22%2c%22hps%22%3afalse%2c%22iqp%22%3atrue%7d%5d%7d&FORM=IRPATC", "searchLink": "https:\/\/api.bing.microsoft.com\/api\/v7\/images\/search?q=Symbol+Tattoo&tq=%7b%22pq%22%3a%22tattoo%22%2c%22qs%22%3a%5b%7b%22cv%22%3a%22tattoo%22%2c%22pv%22%3a%22tattoo%22%2c%22hps%22%3atrue%2c%22iqp%22%3afalse%7d%2c%7b%22cv%22%3a%22Symbol%22%2c%22pv%22%3a%22%22%2c%22hps%22%3afalse%2c%22iqp%22%3atrue%7d%5d%7d", "thumbnail": {"thumbnailUrl": "https:\/\/tse4.mm.bing.net\/th?q=Symbol+Tattoo&pid=Api&mkt=de-DE&cc=DE&setlang=de&adlt=moderate&t=1"}}, {"text": "Tattoo Designs", "displayText": "Designs", "webSearchUrl": "https:\/\/www.bing.com\/images\/search?q=Tattoo+Designs&tq=%7b%22pq%22%3a%22tattoo%22%2c%22qs%22%3a%5b%7b%22cv%22%3a%22tattoo%22%2c%22pv%22%3a%22tattoo%22%2c%22hps%22%3atrue%2c%22iqp%22%3afalse%7d%2c%7b%22cv%22%3a%22Designs%22%2c%22pv%22%3a%22%22%2c%22hps%22%3afalse%2c%22iqp%22%3atrue%7d%5d%7d&FORM=IRPATC", "searchLink": "https:\/\/api.bing.microsoft.com\/api\/v7\/images\/search?q=Tattoo+Designs&tq=%7b%22pq%22%3a%22tattoo%22%2c%22qs%22%3a%5b%7b%22cv%22%3a%22tattoo%22%2c%22pv%22%3a%22tattoo%22%2c%22hps%22%3atrue%2c%22iqp%22%3afalse%7d%2c%7b%22cv%22%3a%22Designs%22%2c%22pv%22%3a%22%22%2c%22hps%22%3afalse%2c%22iqp%22%3atrue%7d%5d%7d", "thumbnail": {"thumbnailUrl": "https:\/\/tse1.mm.bing.net\/th?q=Tattoo+Designs&pid=Api&mkt=de-DE&cc=DE&setlang=de&adlt=moderate&t=1"}}, {"text": "Wrist Tattoos", "displayText": "Wrist", "webSearchUrl": "https:\/\/www.bing.com\/images\/search?q=Wrist+Tattoos&tq=%7b%22pq%22%3a%22tattoo%22%2c%22qs%22%3a%5b%7b%22cv%22%3a%22tattoo%22%2c%22pv%22%3a%22tattoo%22%2c%22hps%22%3atrue%2c%22iqp%22%3afalse%7d%2c%7b%22cv%22%3a%22Wrist%22%2c%22pv%22%3a%22%22%2c%22hps%22%3afalse%2c%22iqp%22%3atrue%7d%5d%7d&FORM=IRPATC", "searchLink": "https:\/\/api.bing.microsoft.com\/api\/v7\/images\/search?q=Wrist+Tattoos&tq=%7b%22pq%22%3a%22tattoo%22%2c%22qs%22%3a%5b%7b%22cv%22%3a%22tattoo%22%2c%22pv%22%3a%22tattoo%22%2c%22hps%22%3atrue%2c%22iqp%22%3afalse%7d%2c%7b%22cv%22%3a%22Wrist%22%2c%22pv%22%3a%22%22%2c%22hps%22%3afalse%2c%22iqp%22%3atrue%7d%5d%7d", "thumbnail": {"thumbnailUrl": "https:\/\/tse4.mm.bing.net\/th?q=Wrist+Tattoos&pid=Api&mkt=de-DE&cc=DE&setlang=de&adlt=moderate&t=1"}}, {"text": "Tattoo Sleeve", "displayText": "Sleeve", "webSearchUrl": "https:\/\/www.bing.com\/images\/search?q=Tattoo+Sleeve&tq=%7b%22pq%22%3a%22tattoo%22%2c%22qs%22%3a%5b%7b%22cv%22%3a%22tattoo%22%2c%22pv%22%3a%22tattoo%22%2c%22hps%22%3atrue%2c%22iqp%22%3afalse%7d%2c%7b%22cv%22%3a%22Sleeve%22%2c%22pv%22%3a%22%22%2c%22hps%22%3afalse%2c%22iqp%22%3atrue%7d%5d%7d&FORM=IRPATC", "searchLink": "https:\/\/api.bing.microsoft.com\/api\/v7\/images\/search?q=Tattoo+Sleeve&tq=%7b%22pq%22%3a%22tattoo%22%2c%22qs%22%3a%5b%7b%22cv%22%3a%22tattoo%22%2c%22pv%22%3a%22tattoo%22%2c%22hps%22%3atrue%2c%22iqp%22%3afalse%7d%2c%7b%22cv%22%3a%22Sleeve%22%2c%22pv%22%3a%22%22%2c%22hps%22%3afalse%2c%22iqp%22%3atrue%7d%5d%7d", "thumbnail": {"thumbnailUrl": "https:\/\/tse4.mm.bing.net\/th?q=Tattoo+Sleeve&pid=Api&mkt=de-DE&cc=DE&setlang=de&adlt=moderate&t=1"}}, {"text": "Tattoo Clip Art", "displayText": "Clip Art", "webSearchUrl": "https:\/\/www.bing.com\/images\/search?q=Tattoo+Clip+Art&tq=%7b%22pq%22%3a%22tattoo%22%2c%22qs%22%3a%5b%7b%22cv%22%3a%22tattoo%22%2c%22pv%22%3a%22tattoo%22%2c%22hps%22%3atrue%2c%22iqp%22%3afalse%7d%2c%7b%22cv%22%3a%22Clip+Art%22%2c%22pv%22%3a%22%22%2c%22hps%22%3afalse%2c%22iqp%22%3atrue%7d%5d%7d&FORM=IRPATC", "searchLink": "https:\/\/api.bing.microsoft.com\/api\/v7\/images\/search?q=Tattoo+Clip+Art&tq=%7b%22pq%22%3a%22tattoo%22%2c%22qs%22%3a%5b%7b%22cv%22%3a%22tattoo%22%2c%22pv%22%3a%22tattoo%22%2c%22hps%22%3atrue%2c%22iqp%22%3afalse%7d%2c%7b%22cv%22%3a%22Clip+Art%22%2c%22pv%22%3a%22%22%2c%22hps%22%3afalse%2c%22iqp%22%3atrue%7d%5d%7d", "thumbnail": {"thumbnailUrl": "https:\/\/tse3.mm.bing.net\/th?q=Tattoo+Clip+Art&pid=Api&mkt=de-DE&cc=DE&setlang=de&adlt=moderate&t=1"}}, {"text": "Wings Tattoo", "displayText": "Wings", "webSearchUrl": "https:\/\/www.bing.com\/images\/search?q=Wings+Tattoo&tq=%7b%22pq%22%3a%22tattoo%22%2c%22qs%22%3a%5b%7b%22cv%22%3a%22tattoo%22%2c%22pv%22%3a%22tattoo%22%2c%22hps%22%3atrue%2c%22iqp%22%3afalse%7d%2c%7b%22cv%22%3a%22Wings%22%2c%22pv%22%3a%22%22%2c%22hps%22%3afalse%2c%22iqp%22%3atrue%7d%5d%7d&FORM=IRPATC", "searchLink": "https:\/\/api.bing.microsoft.com\/api\/v7\/images\/search?q=Wings+Tattoo&tq=%7b%22pq%22%3a%22tattoo%22%2c%22qs%22%3a%5b%7b%22cv%22%3a%22tattoo%22%2c%22pv%22%3a%22tattoo%22%2c%22hps%22%3atrue%2c%22iqp%22%3afalse%7d%2c%7b%22cv%22%3a%22Wings%22%2c%22pv%22%3a%22%22%2c%22hps%22%3afalse%2c%22iqp%22%3atrue%7d%5d%7d", "thumbnail": {"thumbnailUrl": "https:\/\/tse4.mm.bing.net\/th?q=Wings+Tattoo&pid=Api&mkt=de-DE&cc=DE&setlang=de&adlt=moderate&t=1"}}, {"text": "Tattoo Text", "displayText": "Text", "webSearchUrl": "https:\/\/www.bing.com\/images\/search?q=Tattoo+Text&tq=%7b%22pq%22%3a%22tattoo%22%2c%22qs%22%3a%5b%7b%22cv%22%3a%22tattoo%22%2c%22pv%22%3a%22tattoo%22%2c%22hps%22%3atrue%2c%22iqp%22%3afalse%7d%2c%7b%22cv%22%3a%22Text%22%2c%22pv%22%3a%22%22%2c%22hps%22%3afalse%2c%22iqp%22%3atrue%7d%5d%7d&FORM=IRPATC", "searchLink": "https:\/\/api.bing.microsoft.com\/api\/v7\/images\/search?q=Tattoo+Text&tq=%7b%22pq%22%3a%22tattoo%22%2c%22qs%22%3a%5b%7b%22cv%22%3a%22tattoo%22%2c%22pv%22%3a%22tattoo%22%2c%22hps%22%3atrue%2c%22iqp%22%3afalse%7d%2c%7b%22cv%22%3a%22Text%22%2c%22pv%22%3a%22%22%2c%22hps%22%3afalse%2c%22iqp%22%3atrue%7d%5d%7d", "thumbnail": {"thumbnailUrl": "https:\/\/tse3.mm.bing.net\/th?q=Tattoo+Text&pid=Api&mkt=de-DE&cc=DE&setlang=de&adlt=moderate&t=1"}}, {"text": "Coole Tattoos", "displayText": "Coole", "webSearchUrl": "https:\/\/www.bing.com\/images\/search?q=Coole+Tattoos&tq=%7b%22pq%22%3a%22tattoo%22%2c%22qs%22%3a%5b%7b%22cv%22%3a%22tattoo%22%2c%22pv%22%3a%22tattoo%22%2c%22hps%22%3atrue%2c%22iqp%22%3afalse%7d%2c%7b%22cv%22%3a%22Coole%22%2c%22pv%22%3a%22%22%2c%22hps%22%3afalse%2c%22iqp%22%3atrue%7d%5d%7d&FORM=IRPATC", "searchLink": "https:\/\/api.bing.microsoft.com\/api\/v7\/images\/search?q=Coole+Tattoos&tq=%7b%22pq%22%3a%22tattoo%22%2c%22qs%22%3a%5b%7b%22cv%22%3a%22tattoo%22%2c%22pv%22%3a%22tattoo%22%2c%22hps%22%3atrue%2c%22iqp%22%3afalse%7d%2c%7b%22cv%22%3a%22Coole%22%2c%22pv%22%3a%22%22%2c%22hps%22%3afalse%2c%22iqp%22%3atrue%7d%5d%7d", "thumbnail": {"thumbnailUrl": "https:\/\/tse1.mm.bing.net\/th?q=Coole+Tattoos&pid=Api&mkt=de-DE&cc=DE&setlang=de&adlt=moderate&t=1"}}, {"text": "Tattoo Logo", "displayText": "Logo", "webSearchUrl": "https:\/\/www.bing.com\/images\/search?q=Tattoo+Logo&tq=%7b%22pq%22%3a%22tattoo%22%2c%22qs%22%3a%5b%7b%22cv%22%3a%22tattoo%22%2c%22pv%22%3a%22tattoo%22%2c%22hps%22%3atrue%2c%22iqp%22%3afalse%7d%2c%7b%22cv%22%3a%22Logo%22%2c%22pv%22%3a%22%22%2c%22hps%22%3afalse%2c%22iqp%22%3atrue%7d%5d%7d&FORM=IRPATC", "searchLink": "https:\/\/api.bing.microsoft.com\/api\/v7\/images\/search?q=Tattoo+Logo&tq=%7b%22pq%22%3a%22tattoo%22%2c%22qs%22%3a%5b%7b%22cv%22%3a%22tattoo%22%2c%22pv%22%3a%22tattoo%22%2c%22hps%22%3atrue%2c%22iqp%22%3afalse%7d%2c%7b%22cv%22%3a%22Logo%22%2c%22pv%22%3a%22%22%2c%22hps%22%3afalse%2c%22iqp%22%3atrue%7d%5d%7d", "thumbnail": {"thumbnailUrl": "https:\/\/tse3.mm.bing.net\/th?q=Tattoo+Logo&pid=Api&mkt=de-DE&cc=DE&setlang=de&adlt=moderate&t=1"}}, {"text": "Tattoo Ideen", "displayText": "Ideen", "webSearchUrl": "https:\/\/www.bing.com\/images\/search?q=Tattoo+Ideen&tq=%7b%22pq%22%3a%22tattoo%22%2c%22qs%22%3a%5b%7b%22cv%22%3a%22tattoo%22%2c%22pv%22%3a%22tattoo%22%2c%22hps%22%3atrue%2c%22iqp%22%3afalse%7d%2c%7b%22cv%22%3a%22Ideen%22%2c%22pv%22%3a%22%22%2c%22hps%22%3afalse%2c%22iqp%22%3atrue%7d%5d%7d&FORM=IRPATC", "searchLink": "https:\/\/api.bing.microsoft.com\/api\/v7\/images\/search?q=Tattoo+Ideen&tq=%7b%22pq%22%3a%22tattoo%22%2c%22qs%22%3a%5b%7b%22cv%22%3a%22tattoo%22%2c%22pv%22%3a%22tattoo%22%2c%22hps%22%3atrue%2c%22iqp%22%3afalse%7d%2c%7b%22cv%22%3a%22Ideen%22%2c%22pv%22%3a%22%22%2c%22hps%22%3afalse%2c%22iqp%22%3atrue%7d%5d%7d", "thumbnail": {"thumbnailUrl": "https:\/\/tse1.mm.bing.net\/th?q=Tattoo+Ideen&pid=Api&mkt=de-DE&cc=DE&setlang=de&adlt=moderate&t=1"}}, {"text": "Tattoo Art", "displayText": "Art", "webSearchUrl": "https:\/\/www.bing.com\/images\/search?q=Tattoo+Art&tq=%7b%22pq%22%3a%22tattoo%22%2c%22qs%22%3a%5b%7b%22cv%22%3a%22tattoo%22%2c%22pv%22%3a%22tattoo%22%2c%22hps%22%3atrue%2c%22iqp%22%3afalse%7d%2c%7b%22cv%22%3a%22Art%22%2c%22pv%22%3a%22%22%2c%22hps%22%3afalse%2c%22iqp%22%3atrue%7d%5d%7d&FORM=IRPATC", "searchLink": "https:\/\/api.bing.microsoft.com\/api\/v7\/images\/search?q=Tattoo+Art&tq=%7b%22pq%22%3a%22tattoo%22%2c%22qs%22%3a%5b%7b%22cv%22%3a%22tattoo%22%2c%22pv%22%3a%22tattoo%22%2c%22hps%22%3atrue%2c%22iqp%22%3afalse%7d%2c%7b%22cv%22%3a%22Art%22%2c%22pv%22%3a%22%22%2c%22hps%22%3afalse%2c%22iqp%22%3atrue%7d%5d%7d", "thumbnail": {"thumbnailUrl": "https:\/\/tse3.mm.bing.net\/th?q=Tattoo+Art&pid=Api&mkt=de-DE&cc=DE&setlang=de&adlt=moderate&t=1"}}, {"text": "Tattoo Motive", "displayText": "Motive", "webSearchUrl": "https:\/\/www.bing.com\/images\/search?q=Tattoo+Motive&tq=%7b%22pq%22%3a%22tattoo%22%2c%22qs%22%3a%5b%7b%22cv%22%3a%22tattoo%22%2c%22pv%22%3a%22tattoo%22%2c%22hps%22%3atrue%2c%22iqp%22%3afalse%7d%2c%7b%22cv%22%3a%22Motive%22%2c%22pv%22%3a%22%22%2c%22hps%22%3afalse%2c%22iqp%22%3atrue%7d%5d%7d&FORM=IRPATC", "searchLink": "https:\/\/api.bing.microsoft.com\/api\/v7\/images\/search?q=Tattoo+Motive&tq=%7b%22pq%22%3a%22tattoo%22%2c%22qs%22%3a%5b%7b%22cv%22%3a%22tattoo%22%2c%22pv%22%3a%22tattoo%22%2c%22hps%22%3atrue%2c%22iqp%22%3afalse%7d%2c%7b%22cv%22%3a%22Motive%22%2c%22pv%22%3a%22%22%2c%22hps%22%3afalse%2c%22iqp%22%3atrue%7d%5d%7d", "thumbnail": {"thumbnailUrl": "https:\/\/tse2.mm.bing.net\/th?q=Tattoo+Motive&pid=Api&mkt=de-DE&cc=DE&setlang=de&adlt=moderate&t=1"}}, {"text": "Mini Tattoos", "displayText": "Mini", "webSearchUrl": "https:\/\/www.bing.com\/images\/search?q=Mini+Tattoos&tq=%7b%22pq%22%3a%22tattoo%22%2c%22qs%22%3a%5b%7b%22cv%22%3a%22tattoo%22%2c%22pv%22%3a%22tattoo%22%2c%22hps%22%3atrue%2c%22iqp%22%3afalse%7d%2c%7b%22cv%22%3a%22Mini%22%2c%22pv%22%3a%22%22%2c%22hps%22%3afalse%2c%22iqp%22%3atrue%7d%5d%7d&FORM=IRPATC", "searchLink": "https:\/\/api.bing.microsoft.com\/api\/v7\/images\/search?q=Mini+Tattoos&tq=%7b%22pq%22%3a%22tattoo%22%2c%22qs%22%3a%5b%7b%22cv%22%3a%22tattoo%22%2c%22pv%22%3a%22tattoo%22%2c%22hps%22%3atrue%2c%22iqp%22%3afalse%7d%2c%7b%22cv%22%3a%22Mini%22%2c%22pv%22%3a%22%22%2c%22hps%22%3afalse%2c%22iqp%22%3atrue%7d%5d%7d", "thumbnail": {"thumbnailUrl": "https:\/\/tse4.mm.bing.net\/th?q=Mini+Tattoos&pid=Api&mkt=de-DE&cc=DE&setlang=de&adlt=moderate&t=1"}}, {"text": "Family Tattoo", "displayText": "Family", "webSearchUrl": "https:\/\/www.bing.com\/images\/search?q=Family+Tattoo&tq=%7b%22pq%22%3a%22tattoo%22%2c%22qs%22%3a%5b%7b%22cv%22%3a%22tattoo%22%2c%22pv%22%3a%22tattoo%22%2c%22hps%22%3atrue%2c%22iqp%22%3afalse%7d%2c%7b%22cv%22%3a%22Family%22%2c%22pv%22%3a%22%22%2c%22hps%22%3afalse%2c%22iqp%22%3atrue%7d%5d%7d&FORM=IRPATC", "searchLink": "https:\/\/api.bing.microsoft.com\/api\/v7\/images\/search?q=Family+Tattoo&tq=%7b%22pq%22%3a%22tattoo%22%2c%22qs%22%3a%5b%7b%22cv%22%3a%22tattoo%22%2c%22pv%22%3a%22tattoo%22%2c%22hps%22%3atrue%2c%22iqp%22%3afalse%7d%2c%7b%22cv%22%3a%22Family%22%2c%22pv%22%3a%22%22%2c%22hps%22%3afalse%2c%22iqp%22%3atrue%7d%5d%7d", "thumbnail": {"thumbnailUrl": "https:\/\/tse2.mm.bing.net\/th?q=Family+Tattoo&pid=Api&mkt=de-DE&cc=DE&setlang=de&adlt=moderate&t=1"}}, {"text": "Tribal Tattoo", "displayText": "Tribal", "webSearchUrl": "https:\/\/www.bing.com\/images\/search?q=Tribal+Tattoo&tq=%7b%22pq%22%3a%22tattoo%22%2c%22qs%22%3a%5b%7b%22cv%22%3a%22tattoo%22%2c%22pv%22%3a%22tattoo%22%2c%22hps%22%3atrue%2c%22iqp%22%3afalse%7d%2c%7b%22cv%22%3a%22Tribal%22%2c%22pv%22%3a%22%22%2c%22hps%22%3afalse%2c%22iqp%22%3atrue%7d%5d%7d&FORM=IRPATC", "searchLink": "https:\/\/api.bing.microsoft.com\/api\/v7\/images\/search?q=Tribal+Tattoo&tq=%7b%22pq%22%3a%22tattoo%22%2c%22qs%22%3a%5b%7b%22cv%22%3a%22tattoo%22%2c%22pv%22%3a%22tattoo%22%2c%22hps%22%3atrue%2c%22iqp%22%3afalse%7d%2c%7b%22cv%22%3a%22Tribal%22%2c%22pv%22%3a%22%22%2c%22hps%22%3afalse%2c%22iqp%22%3atrue%7d%5d%7d", "thumbnail": {"thumbnailUrl": "https:\/\/tse2.mm.bing.net\/th?q=Tribal+Tattoo&pid=Api&mkt=de-DE&cc=DE&setlang=de&adlt=moderate&t=1"}}, {"text": "Skull Tattoo", "displayText": "Skull", "webSearchUrl": "https:\/\/www.bing.com\/images\/search?q=Skull+Tattoo&tq=%7b%22pq%22%3a%22tattoo%22%2c%22qs%22%3a%5b%7b%22cv%22%3a%22tattoo%22%2c%22pv%22%3a%22tattoo%22%2c%22hps%22%3atrue%2c%22iqp%22%3afalse%7d%2c%7b%22cv%22%3a%22Skull%22%2c%22pv%22%3a%22%22%2c%22hps%22%3afalse%2c%22iqp%22%3atrue%7d%5d%7d&FORM=IRPATC", "searchLink": "https:\/\/api.bing.microsoft.com\/api\/v7\/images\/search?q=Skull+Tattoo&tq=%7b%22pq%22%3a%22tattoo%22%2c%22qs%22%3a%5b%7b%22cv%22%3a%22tattoo%22%2c%22pv%22%3a%22tattoo%22%2c%22hps%22%3atrue%2c%22iqp%22%3afalse%7d%2c%7b%22cv%22%3a%22Skull%22%2c%22pv%22%3a%22%22%2c%22hps%22%3afalse%2c%22iqp%22%3atrue%7d%5d%7d", "thumbnail": {"thumbnailUrl": "https:\/\/tse1.mm.bing.net\/th?q=Skull+Tattoo&pid=Api&mkt=de-DE&cc=DE&setlang=de&adlt=moderate&t=1"}}, {"text": "Mandala Tattoo", "displayText": "Mandala", "webSearchUrl": "https:\/\/www.bing.com\/images\/search?q=Mandala+Tattoo&tq=%7b%22pq%22%3a%22tattoo%22%2c%22qs%22%3a%5b%7b%22cv%22%3a%22tattoo%22%2c%22pv%22%3a%22tattoo%22%2c%22hps%22%3atrue%2c%22iqp%22%3afalse%7d%2c%7b%22cv%22%3a%22Mandala%22%2c%22pv%22%3a%22%22%2c%22hps%22%3afalse%2c%22iqp%22%3atrue%7d%5d%7d&FORM=IRPATC", "searchLink": "https:\/\/api.bing.microsoft.com\/api\/v7\/images\/search?q=Mandala+Tattoo&tq=%7b%22pq%22%3a%22tattoo%22%2c%22qs%22%3a%5b%7b%22cv%22%3a%22tattoo%22%2c%22pv%22%3a%22tattoo%22%2c%22hps%22%3atrue%2c%22iqp%22%3afalse%7d%2c%7b%22cv%22%3a%22Mandala%22%2c%22pv%22%3a%22%22%2c%22hps%22%3afalse%2c%22iqp%22%3atrue%7d%5d%7d", "thumbnail": {"thumbnailUrl": "https:\/\/tse2.mm.bing.net\/th?q=Mandala+Tattoo&pid=Api&mkt=de-DE&cc=DE&setlang=de&adlt=moderate&t=1"}}, {"text": "Sketch Tattoo", "displayText": "Sketch", "webSearchUrl": "https:\/\/www.bing.com\/images\/search?q=Sketch+Tattoo&tq=%7b%22pq%22%3a%22tattoo%22%2c%22qs%22%3a%5b%7b%22cv%22%3a%22tattoo%22%2c%22pv%22%3a%22tattoo%22%2c%22hps%22%3atrue%2c%22iqp%22%3afalse%7d%2c%7b%22cv%22%3a%22Sketch%22%2c%22pv%22%3a%22%22%2c%22hps%22%3afalse%2c%22iqp%22%3atrue%7d%5d%7d&FORM=IRPATC", "searchLink": "https:\/\/api.bing.microsoft.com\/api\/v7\/images\/search?q=Sketch+Tattoo&tq=%7b%22pq%22%3a%22tattoo%22%2c%22qs%22%3a%5b%7b%22cv%22%3a%22tattoo%22%2c%22pv%22%3a%22tattoo%22%2c%22hps%22%3atrue%2c%22iqp%22%3afalse%7d%2c%7b%22cv%22%3a%22Sketch%22%2c%22pv%22%3a%22%22%2c%22hps%22%3afalse%2c%22iqp%22%3atrue%7d%5d%7d", "thumbnail": {"thumbnailUrl": "https:\/\/tse2.mm.bing.net\/th?q=Sketch+Tattoo&pid=Api&mkt=de-DE&cc=DE&setlang=de&adlt=moderate&t=1"}}, {"text": "Maori Tattoo", "displayText": "Maori", "webSearchUrl": "https:\/\/www.bing.com\/images\/search?q=Maori+Tattoo&tq=%7b%22pq%22%3a%22tattoo%22%2c%22qs%22%3a%5b%7b%22cv%22%3a%22tattoo%22%2c%22pv%22%3a%22tattoo%22%2c%22hps%22%3atrue%2c%22iqp%22%3afalse%7d%2c%7b%22cv%22%3a%22Maori%22%2c%22pv%22%3a%22%22%2c%22hps%22%3afalse%2c%22iqp%22%3atrue%7d%5d%7d&FORM=IRPATC", "searchLink": "https:\/\/api.bing.microsoft.com\/api\/v7\/images\/search?q=Maori+Tattoo&tq=%7b%22pq%22%3a%22tattoo%22%2c%22qs%22%3a%5b%7b%22cv%22%3a%22tattoo%22%2c%22pv%22%3a%22tattoo%22%2c%22hps%22%3atrue%2c%22iqp%22%3afalse%7d%2c%7b%22cv%22%3a%22Maori%22%2c%22pv%22%3a%22%22%2c%22hps%22%3afalse%2c%22iqp%22%3atrue%7d%5d%7d", "thumbnail": {"thumbnailUrl": "https:\/\/tse4.mm.bing.net\/th?q=Maori+Tattoo&pid=Api&mkt=de-DE&cc=DE&setlang=de&adlt=moderate&t=1"}}, {"text": "Flower Tattoo", "displayText": "Flower", "webSearchUrl": "https:\/\/www.bing.com\/images\/search?q=Flower+Tattoo&tq=%7b%22pq%22%3a%22tattoo%22%2c%22qs%22%3a%5b%7b%22cv%22%3a%22tattoo%22%2c%22pv%22%3a%22tattoo%22%2c%22hps%22%3atrue%2c%22iqp%22%3afalse%7d%2c%7b%22cv%22%3a%22Flower%22%2c%22pv%22%3a%22%22%2c%22hps%22%3afalse%2c%22iqp%22%3atrue%7d%5d%7d&FORM=IRPATC", "searchLink": "https:\/\/api.bing.microsoft.com\/api\/v7\/images\/search?q=Flower+Tattoo&tq=%7b%22pq%22%3a%22tattoo%22%2c%22qs%22%3a%5b%7b%22cv%22%3a%22tattoo%22%2c%22pv%22%3a%22tattoo%22%2c%22hps%22%3atrue%2c%22iqp%22%3afalse%7d%2c%7b%22cv%22%3a%22Flower%22%2c%22pv%22%3a%22%22%2c%22hps%22%3afalse%2c%22iqp%22%3atrue%7d%5d%7d", "thumbnail": {"thumbnailUrl": "https:\/\/tse3.mm.bing.net\/th?q=Flower+Tattoo&pid=Api&mkt=de-DE&cc=DE&setlang=de&adlt=moderate&t=1"}}], "pivotSuggestions": [{"pivot": "tattoo", "suggestions": [{"text": "Tom Leppard", "displayText": "Tom Leppard", "webSearchUrl": "https:\/\/www.bing.com\/images\/search?q=Tom+Leppard&tq=%7b%22pq%22%3a%22tattoo%22%2c%22qs%22%3a%5b%7b%22cv%22%3a%22tattoo%22%2c%22pv%22%3a%22tattoo%22%2c%22hps%22%3atrue%2c%22iqp%22%3afalse%7d%2c%7b%22cv%22%3a%22Tom+Leppard%22%2c%22pv%22%3a%22%22%2c%22hps%22%3afalse%2c%22iqp%22%3atrue%7d%5d%7d&FORM=IRQBPS", "searchLink": "https:\/\/api.bing.microsoft.com\/api\/v7\/images\/search?q=Tom+Leppard&tq=%7b%22pq%22%3a%22tattoo%22%2c%22qs%22%3a%5b%7b%22cv%22%3a%22tattoo%22%2c%22pv%22%3a%22tattoo%22%2c%22hps%22%3atrue%2c%22iqp%22%3afalse%7d%2c%7b%22cv%22%3a%22Tom+Leppard%22%2c%22pv%22%3a%22%22%2c%22hps%22%3afalse%2c%22iqp%22%3atrue%7d%5d%7d", "thumbnail": {"thumbnailUrl": "https:\/\/tse3.mm.bing.net\/th?q=Tom+Leppard&pid=Api&mkt=de-DE&cc=DE&setlang=de&adlt=moderate&t=1"}}, {"text": "Julia Gnuse", "displayText": "Julia Gnuse", "webSearchUrl": "https:\/\/www.bing.com\/images\/search?q=Julia+Gnuse&tq=%7b%22pq%22%3a%22tattoo%22%2c%22qs%22%3a%5b%7b%22cv%22%3a%22tattoo%22%2c%22pv%22%3a%22tattoo%22%2c%22hps%22%3atrue%2c%22iqp%22%3afalse%7d%2c%7b%22cv%22%3a%22Julia+Gnuse%22%2c%22pv%22%3a%22%22%2c%22hps%22%3afalse%2c%22iqp%22%3atrue%7d%5d%7d&FORM=IRQBPS", "searchLink": "https:\/\/api.bing.microsoft.com\/api\/v7\/images\/search?q=Julia+Gnuse&tq=%7b%22pq%22%3a%22tattoo%22%2c%22qs%22%3a%5b%7b%22cv%22%3a%22tattoo%22%2c%22pv%22%3a%22tattoo%22%2c%22hps%22%3atrue%2c%22iqp%22%3afalse%7d%2c%7b%22cv%22%3a%22Julia+Gnuse%22%2c%22pv%22%3a%22%22%2c%22hps%22%3afalse%2c%22iqp%22%3atrue%7d%5d%7d", "thumbnail": {"thumbnailUrl": "https:\/\/tse4.mm.bing.net\/th?q=Julia+Gnuse&pid=Api&mkt=de-DE&cc=DE&setlang=de&adlt=moderate&t=1"}}, {"text": "Sailor Jerry", "displayText": "Sailor Jerry", "webSearchUrl": "https:\/\/www.bing.com\/images\/search?q=Sailor+Jerry&tq=%7b%22pq%22%3a%22tattoo%22%2c%22qs%22%3a%5b%7b%22cv%22%3a%22tattoo%22%2c%22pv%22%3a%22tattoo%22%2c%22hps%22%3atrue%2c%22iqp%22%3afalse%7d%2c%7b%22cv%22%3a%22Sailor+Jerry%22%2c%22pv%22%3a%22%22%2c%22hps%22%3afalse%2c%22iqp%22%3atrue%7d%5d%7d&FORM=IRQBPS", "searchLink": "https:\/\/api.bing.microsoft.com\/api\/v7\/images\/search?q=Sailor+Jerry&tq=%7b%22pq%22%3a%22tattoo%22%2c%22qs%22%3a%5b%7b%22cv%22%3a%22tattoo%22%2c%22pv%22%3a%22tattoo%22%2c%22hps%22%3atrue%2c%22iqp%22%3afalse%7d%2c%7b%22cv%22%3a%22Sailor+Jerry%22%2c%22pv%22%3a%22%22%2c%22hps%22%3afalse%2c%22iqp%22%3atrue%7d%5d%7d", "thumbnail": {"thumbnailUrl": "https:\/\/tse3.mm.bing.net\/th?q=Sailor+Jerry&pid=Api&mkt=de-DE&cc=DE&setlang=de&adlt=moderate&t=1"}}]}], "relatedSearches": [{"text": "Simple Tattoos", "displayText": "Simple Tattoos", "webSearchUrl": "https:\/\/www.bing.com\/images\/search?q=Simple+Tattoos&FORM=IRPATC", "searchLink": "https:\/\/api.bing.microsoft.com\/api\/v7\/images\/search?q=Simple+Tattoos", "thumbnail": {"thumbnailUrl": "https:\/\/tse3.mm.bing.net\/th?q=Simple+Tattoos&pid=Api&mkt=de-DE&cc=DE&setlang=de&adlt=moderate&t=1"}}, {"text": "Small Tattoos", "displayText": "Small Tattoos", "webSearchUrl": "https:\/\/www.bing.com\/images\/search?q=Small+Tattoos&FORM=IRPATC", "searchLink": "https:\/\/api.bing.microsoft.com\/api\/v7\/images\/search?q=Small+Tattoos", "thumbnail": {"thumbnailUrl": "https:\/\/tse4.mm.bing.net\/th?q=Small+Tattoos&pid=Api&mkt=de-DE&cc=DE&setlang=de&adlt=moderate&t=1"}}, {"text": "Cool Tattoos", "displayText": "Cool Tattoos", "webSearchUrl": "https:\/\/www.bing.com\/images\/search?q=Cool+Tattoos&FORM=IRPATC", "searchLink": "https:\/\/api.bing.microsoft.com\/api\/v7\/images\/search?q=Cool+Tattoos", "thumbnail": {"thumbnailUrl": "https:\/\/tse4.mm.bing.net\/th?q=Cool+Tattoos&pid=Api&mkt=de-DE&cc=DE&setlang=de&adlt=moderate&t=1"}}, {"text": "Sun Tattoo", "displayText": "Sun Tattoo", "webSearchUrl": "https:\/\/www.bing.com\/images\/search?q=Sun+Tattoo&FORM=IRPATC", "searchLink": "https:\/\/api.bing.microsoft.com\/api\/v7\/images\/search?q=Sun+Tattoo", "thumbnail": {"thumbnailUrl": "https:\/\/tse4.mm.bing.net\/th?q=Sun+Tattoo&pid=Api&mkt=de-DE&cc=DE&setlang=de&adlt=moderate&t=1"}}, {"text": "Tree Tattoo", "displayText": "Tree Tattoo", "webSearchUrl": "https:\/\/www.bing.com\/images\/search?q=Tree+Tattoo&FORM=IRPATC", "searchLink": "https:\/\/api.bing.microsoft.com\/api\/v7\/images\/search?q=Tree+Tattoo", "thumbnail": {"thumbnailUrl": "https:\/\/tse2.mm.bing.net\/th?q=Tree+Tattoo&pid=Api&mkt=de-DE&cc=DE&setlang=de&adlt=moderate&t=1"}}, {"text": "Tattoo Styles", "displayText": "Tattoo Styles", "webSearchUrl": "https:\/\/www.bing.com\/images\/search?q=Tattoo+Styles&FORM=IRPATC", "searchLink": "https:\/\/api.bing.microsoft.com\/api\/v7\/images\/search?q=Tattoo+Styles", "thumbnail": {"thumbnailUrl": "https:\/\/tse2.mm.bing.net\/th?q=Tattoo+Styles&pid=Api&mkt=de-DE&cc=DE&setlang=de&adlt=moderate&t=1"}}, {"text": "Symbol Tattoo", "displayText": "Symbol Tattoo", "webSearchUrl": "https:\/\/www.bing.com\/images\/search?q=Symbol+Tattoo&FORM=IRPATC", "searchLink": "https:\/\/api.bing.microsoft.com\/api\/v7\/images\/search?q=Symbol+Tattoo", "thumbnail": {"thumbnailUrl": "https:\/\/tse4.mm.bing.net\/th?q=Symbol+Tattoo&pid=Api&mkt=de-DE&cc=DE&setlang=de&adlt=moderate&t=1"}}, {"text": "Back Tattoo", "displayText": "Back Tattoo", "webSearchUrl": "https:\/\/www.bing.com\/images\/search?q=Back+Tattoo&FORM=IRPATC", "searchLink": "https:\/\/api.bing.microsoft.com\/api\/v7\/images\/search?q=Back+Tattoo", "thumbnail": {"thumbnailUrl": "https:\/\/tse3.mm.bing.net\/th?q=Back+Tattoo&pid=Api&mkt=de-DE&cc=DE&setlang=de&adlt=moderate&t=1"}}, {"text": "Hand Tattoos", "displayText": "Hand Tattoos", "webSearchUrl": "https:\/\/www.bing.com\/images\/search?q=Hand+Tattoos&FORM=IRPATC", "searchLink": "https:\/\/api.bing.microsoft.com\/api\/v7\/images\/search?q=Hand+Tattoos", "thumbnail": {"thumbnailUrl": "https:\/\/tse4.mm.bing.net\/th?q=Hand+Tattoos&pid=Api&mkt=de-DE&cc=DE&setlang=de&adlt=moderate&t=1"}}, {"text": "Tattoo Designs", "displayText": "Tattoo Designs", "webSearchUrl": "https:\/\/www.bing.com\/images\/search?q=Tattoo+Designs&FORM=IRPATC", "searchLink": "https:\/\/api.bing.microsoft.com\/api\/v7\/images\/search?q=Tattoo+Designs", "thumbnail": {"thumbnailUrl": "https:\/\/tse1.mm.bing.net\/th?q=Tattoo+Designs&pid=Api&mkt=de-DE&cc=DE&setlang=de&adlt=moderate&t=1"}}, {"text": "Wrist Tattoos", "displayText": "Wrist Tattoos", "webSearchUrl": "https:\/\/www.bing.com\/images\/search?q=Wrist+Tattoos&FORM=IRPATC", "searchLink": "https:\/\/api.bing.microsoft.com\/api\/v7\/images\/search?q=Wrist+Tattoos", "thumbnail": {"thumbnailUrl": "https:\/\/tse4.mm.bing.net\/th?q=Wrist+Tattoos&pid=Api&mkt=de-DE&cc=DE&setlang=de&adlt=moderate&t=1"}}, {"text": "Tattoo Clip Art", "displayText": "Tattoo Clip Art", "webSearchUrl": "https:\/\/www.bing.com\/images\/search?q=Tattoo+Clip+Art&FORM=IRPATC", "searchLink": "https:\/\/api.bing.microsoft.com\/api\/v7\/images\/search?q=Tattoo+Clip+Art", "thumbnail": {"thumbnailUrl": "https:\/\/tse3.mm.bing.net\/th?q=Tattoo+Clip+Art&pid=Api&mkt=de-DE&cc=DE&setlang=de&adlt=moderate&t=1"}}, {"text": "Wings Tattoo", "displayText": "Wings Tattoo", "webSearchUrl": "https:\/\/www.bing.com\/images\/search?q=Wings+Tattoo&FORM=IRPATC", "searchLink": "https:\/\/api.bing.microsoft.com\/api\/v7\/images\/search?q=Wings+Tattoo", "thumbnail": {"thumbnailUrl": "https:\/\/tse4.mm.bing.net\/th?q=Wings+Tattoo&pid=Api&mkt=de-DE&cc=DE&setlang=de&adlt=moderate&t=1"}}, {"text": "Tattoo Sleeve", "displayText": "Tattoo Sleeve", "webSearchUrl": "https:\/\/www.bing.com\/images\/search?q=Tattoo+Sleeve&FORM=IRPATC", "searchLink": "https:\/\/api.bing.microsoft.com\/api\/v7\/images\/search?q=Tattoo+Sleeve", "thumbnail": {"thumbnailUrl": "https:\/\/tse4.mm.bing.net\/th?q=Tattoo+Sleeve&pid=Api&mkt=de-DE&cc=DE&setlang=de&adlt=moderate&t=1"}}, {"text": "Tattoo Text", "displayText": "Tattoo Text", "webSearchUrl": "https:\/\/www.bing.com\/images\/search?q=Tattoo+Text&FORM=IRPATC", "searchLink": "https:\/\/api.bing.microsoft.com\/api\/v7\/images\/search?q=Tattoo+Text", "thumbnail": {"thumbnailUrl": "https:\/\/tse3.mm.bing.net\/th?q=Tattoo+Text&pid=Api&mkt=de-DE&cc=DE&setlang=de&adlt=moderate&t=1"}}, {"text": "Tattoo Logo", "displayText": "Tattoo Logo", "webSearchUrl": "https:\/\/www.bing.com\/images\/search?q=Tattoo+Logo&FORM=IRPATC", "searchLink": "https:\/\/api.bing.microsoft.com\/api\/v7\/images\/search?q=Tattoo+Logo", "thumbnail": {"thumbnailUrl": "https:\/\/tse3.mm.bing.net\/th?q=Tattoo+Logo&pid=Api&mkt=de-DE&cc=DE&setlang=de&adlt=moderate&t=1"}}, {"text": "Tattoo Art", "displayText": "Tattoo Art", "webSearchUrl": "https:\/\/www.bing.com\/images\/search?q=Tattoo+Art&FORM=IRPATC", "searchLink": "https:\/\/api.bing.microsoft.com\/api\/v7\/images\/search?q=Tattoo+Art", "thumbnail": {"thumbnailUrl": "https:\/\/tse3.mm.bing.net\/th?q=Tattoo+Art&pid=Api&mkt=de-DE&cc=DE&setlang=de&adlt=moderate&t=1"}}, {"text": "Coole Tattoos", "displayText": "Coole Tattoos", "webSearchUrl": "https:\/\/www.bing.com\/images\/search?q=Coole+Tattoos&FORM=IRPATC", "searchLink": "https:\/\/api.bing.microsoft.com\/api\/v7\/images\/search?q=Coole+Tattoos", "thumbnail": {"thumbnailUrl": "https:\/\/tse1.mm.bing.net\/th?q=Coole+Tattoos&pid=Api&mkt=de-DE&cc=DE&setlang=de&adlt=moderate&t=1"}}, {"text": "Taurus Tattoo", "displayText": "Taurus Tattoo", "webSearchUrl": "https:\/\/www.bing.com\/images\/search?q=Taurus+Tattoo&FORM=IRPATC", "searchLink": "https:\/\/api.bing.microsoft.com\/api\/v7\/images\/search?q=Taurus+Tattoo", "thumbnail": {"thumbnailUrl": "https:\/\/tse4.mm.bing.net\/th?q=Taurus+Tattoo&pid=Api&mkt=de-DE&cc=DE&setlang=de&adlt=moderate&t=1"}}, {"text": "Flames Tattoo", "displayText": "Flames Tattoo", "webSearchUrl": "https:\/\/www.bing.com\/images\/search?q=Flames+Tattoo&FORM=IRPATC", "searchLink": "https:\/\/api.bing.microsoft.com\/api\/v7\/images\/search?q=Flames+Tattoo", "thumbnail": {"thumbnailUrl": "https:\/\/tse4.mm.bing.net\/th?q=Flames+Tattoo&pid=Api&mkt=de-DE&cc=DE&setlang=de&adlt=moderate&t=1"}}, {"text": "Elephant Tattoo", "displayText": "Elephant Tattoo", "webSearchUrl": "https:\/\/www.bing.com\/images\/search?q=Elephant+Tattoo&FORM=IRPATC", "searchLink": "https:\/\/api.bing.microsoft.com\/api\/v7\/images\/search?q=Elephant+Tattoo", "thumbnail": {"thumbnailUrl": "https:\/\/tse1.mm.bing.net\/th?q=Elephant+Tattoo&pid=Api&mkt=de-DE&cc=DE&setlang=de&adlt=moderate&t=1"}}, {"text": "Bad Tattoos", "displayText": "Bad Tattoos", "webSearchUrl": "https:\/\/www.bing.com\/images\/search?q=Bad+Tattoos&FORM=IRPATC", "searchLink": "https:\/\/api.bing.microsoft.com\/api\/v7\/images\/search?q=Bad+Tattoos", "thumbnail": {"thumbnailUrl": "https:\/\/tse4.mm.bing.net\/th?q=Bad+Tattoos&pid=Api&mkt=de-DE&cc=DE&setlang=de&adlt=moderate&t=1"}}, {"text": "Lighthouse Tattoo", "displayText": "Lighthouse Tattoo", "webSearchUrl": "https:\/\/www.bing.com\/images\/search?q=Lighthouse+Tattoo&FORM=IRPATC", "searchLink": "https:\/\/api.bing.microsoft.com\/api\/v7\/images\/search?q=Lighthouse+Tattoo", "thumbnail": {"thumbnailUrl": "https:\/\/tse2.mm.bing.net\/th?q=Lighthouse+Tattoo&pid=Api&mkt=de-DE&cc=DE&setlang=de&adlt=moderate&t=1"}}, {"text": "Color Tattoo", "displayText": "Color Tattoo", "webSearchUrl": "https:\/\/www.bing.com\/images\/search?q=Color+Tattoo&FORM=IRPATC", "searchLink": "https:\/\/api.bing.microsoft.com\/api\/v7\/images\/search?q=Color+Tattoo", "thumbnail": {"thumbnailUrl": "https:\/\/tse3.mm.bing.net\/th?q=Color+Tattoo&pid=Api&mkt=de-DE&cc=DE&setlang=de&adlt=moderate&t=1"}}, {"text": "Tattoo Warrior", "displayText": "Tattoo Warrior", "webSearchUrl": "https:\/\/www.bing.com\/images\/search?q=Tattoo+Warrior&FORM=IRPATC", "searchLink": "https:\/\/api.bing.microsoft.com\/api\/v7\/images\/search?q=Tattoo+Warrior", "thumbnail": {"thumbnailUrl": "https:\/\/tse2.mm.bing.net\/th?q=Tattoo+Warrior&pid=Api&mkt=de-DE&cc=DE&setlang=de&adlt=moderate&t=1"}}, {"text": "Demon Tattoo", "displayText": "Demon Tattoo", "webSearchUrl": "https:\/\/www.bing.com\/images\/search?q=Demon+Tattoo&FORM=IRPATC", "searchLink": "https:\/\/api.bing.microsoft.com\/api\/v7\/images\/search?q=Demon+Tattoo", "thumbnail": {"thumbnailUrl": "https:\/\/tse3.mm.bing.net\/th?q=Demon+Tattoo&pid=Api&mkt=de-DE&cc=DE&setlang=de&adlt=moderate&t=1"}}, {"text": "Tattoo Inspiration", "displayText": "Tattoo Inspiration", "webSearchUrl": "https:\/\/www.bing.com\/images\/search?q=Tattoo+Inspiration&FORM=IRPATC", "searchLink": "https:\/\/api.bing.microsoft.com\/api\/v7\/images\/search?q=Tattoo+Inspiration", "thumbnail": {"thumbnailUrl": "https:\/\/tse2.mm.bing.net\/th?q=Tattoo+Inspiration&pid=Api&mkt=de-DE&cc=DE&setlang=de&adlt=moderate&t=1"}}, {"text": "Gangster Tattoo", "displayText": "Gangster Tattoo", "webSearchUrl": "https:\/\/www.bing.com\/images\/search?q=Gangster+Tattoo&FORM=IRPATC", "searchLink": "https:\/\/api.bing.microsoft.com\/api\/v7\/images\/search?q=Gangster+Tattoo", "thumbnail": {"thumbnailUrl": "https:\/\/tse3.mm.bing.net\/th?q=Gangster+Tattoo&pid=Api&mkt=de-DE&cc=DE&setlang=de&adlt=moderate&t=1"}}, {"text": "Tattoo Drawing", "displayText": "Tattoo Drawing", "webSearchUrl": "https:\/\/www.bing.com\/images\/search?q=Tattoo+Drawing&FORM=IRPATC", "searchLink": "https:\/\/api.bing.microsoft.com\/api\/v7\/images\/search?q=Tattoo+Drawing", "thumbnail": {"thumbnailUrl": "https:\/\/tse2.mm.bing.net\/th?q=Tattoo+Drawing&pid=Api&mkt=de-DE&cc=DE&setlang=de&adlt=moderate&t=1"}}, {"text": "Tattoo Symbole", "displayText": "Tattoo Symbole", "webSearchUrl": "https:\/\/www.bing.com\/images\/search?q=Tattoo+Symbole&FORM=IRPATC", "searchLink": "https:\/\/api.bing.microsoft.com\/api\/v7\/images\/search?q=Tattoo+Symbole", "thumbnail": {"thumbnailUrl": "https:\/\/tse1.mm.bing.net\/th?q=Tattoo+Symbole&pid=Api&mkt=de-DE&cc=DE&setlang=de&adlt=moderate&t=1"}}, {"text": "Mini Tattoos", "displayText": "Mini Tattoos", "webSearchUrl": "https:\/\/www.bing.com\/images\/search?q=Mini+Tattoos&FORM=IRPATC", "searchLink": "https:\/\/api.bing.microsoft.com\/api\/v7\/images\/search?q=Mini+Tattoos", "thumbnail": {"thumbnailUrl": "https:\/\/tse4.mm.bing.net\/th?q=Mini+Tattoos&pid=Api&mkt=de-DE&cc=DE&setlang=de&adlt=moderate&t=1"}}, {"text": "Family Tattoo", "displayText": "Family Tattoo", "webSearchUrl": "https:\/\/www.bing.com\/images\/search?q=Family+Tattoo&FORM=IRPATC", "searchLink": "https:\/\/api.bing.microsoft.com\/api\/v7\/images\/search?q=Family+Tattoo", "thumbnail": {"thumbnailUrl": "https:\/\/tse2.mm.bing.net\/th?q=Family+Tattoo&pid=Api&mkt=de-DE&cc=DE&setlang=de&adlt=moderate&t=1"}}, {"text": "Sketch Tattoo", "displayText": "Sketch Tattoo", "webSearchUrl": "https:\/\/www.bing.com\/images\/search?q=Sketch+Tattoo&FORM=IRPATC", "searchLink": "https:\/\/api.bing.microsoft.com\/api\/v7\/images\/search?q=Sketch+Tattoo", "thumbnail": {"thumbnailUrl": "https:\/\/tse2.mm.bing.net\/th?q=Sketch+Tattoo&pid=Api&mkt=de-DE&cc=DE&setlang=de&adlt=moderate&t=1"}}, {"text": "Tribal Tattoo", "displayText": "Tribal Tattoo", "webSearchUrl": "https:\/\/www.bing.com\/images\/search?q=Tribal+Tattoo&FORM=IRPATC", "searchLink": "https:\/\/api.bing.microsoft.com\/api\/v7\/images\/search?q=Tribal+Tattoo", "thumbnail": {"thumbnailUrl": "https:\/\/tse2.mm.bing.net\/th?q=Tribal+Tattoo&pid=Api&mkt=de-DE&cc=DE&setlang=de&adlt=moderate&t=1"}}, {"text": "Skull Tattoo", "displayText": "Skull Tattoo", "webSearchUrl": "https:\/\/www.bing.com\/images\/search?q=Skull+Tattoo&FORM=IRPATC", "searchLink": "https:\/\/api.bing.microsoft.com\/api\/v7\/images\/search?q=Skull+Tattoo", "thumbnail": {"thumbnailUrl": "https:\/\/tse1.mm.bing.net\/th?q=Skull+Tattoo&pid=Api&mkt=de-DE&cc=DE&setlang=de&adlt=moderate&t=1"}}, {"text": "Flower Tattoo", "displayText": "Flower Tattoo", "webSearchUrl": "https:\/\/www.bing.com\/images\/search?q=Flower+Tattoo&FORM=IRPATC", "searchLink": "https:\/\/api.bing.microsoft.com\/api\/v7\/images\/search?q=Flower+Tattoo", "thumbnail": {"thumbnailUrl": "https:\/\/tse3.mm.bing.net\/th?q=Flower+Tattoo&pid=Api&mkt=de-DE&cc=DE&setlang=de&adlt=moderate&t=1"}}, {"text": "Mandala Tattoo", "displayText": "Mandala Tattoo", "webSearchUrl": "https:\/\/www.bing.com\/images\/search?q=Mandala+Tattoo&FORM=IRPATC", "searchLink": "https:\/\/api.bing.microsoft.com\/api\/v7\/images\/search?q=Mandala+Tattoo", "thumbnail": {"thumbnailUrl": "https:\/\/tse2.mm.bing.net\/th?q=Mandala+Tattoo&pid=Api&mkt=de-DE&cc=DE&setlang=de&adlt=moderate&t=1"}}, {"text": "Maori Tattoo", "displayText": "Maori Tattoo", "webSearchUrl": "https:\/\/www.bing.com\/images\/search?q=Maori+Tattoo&FORM=IRPATC", "searchLink": "https:\/\/api.bing.microsoft.com\/api\/v7\/images\/search?q=Maori+Tattoo", "thumbnail": {"thumbnailUrl": "https:\/\/tse4.mm.bing.net\/th?q=Maori+Tattoo&pid=Api&mkt=de-DE&cc=DE&setlang=de&adlt=moderate&t=1"}}, {"text": "Tiger Tattoo", "displayText": "Tiger Tattoo", "webSearchUrl": "https:\/\/www.bing.com\/images\/search?q=Tiger+Tattoo&FORM=IRPATC", "searchLink": "https:\/\/api.bing.microsoft.com\/api\/v7\/images\/search?q=Tiger+Tattoo", "thumbnail": {"thumbnailUrl": "https:\/\/tse3.mm.bing.net\/th?q=Tiger+Tattoo&pid=Api&mkt=de-DE&cc=DE&setlang=de&adlt=moderate&t=1"}}, {"text": "Japanese Tattoo", "displayText": "Japanese Tattoo", "webSearchUrl": "https:\/\/www.bing.com\/images\/search?q=Japanese+Tattoo&FORM=IRPATC", "searchLink": "https:\/\/api.bing.microsoft.com\/api\/v7\/images\/search?q=Japanese+Tattoo", "thumbnail": {"thumbnailUrl": "https:\/\/tse3.mm.bing.net\/th?q=Japanese+Tattoo&pid=Api&mkt=de-DE&cc=DE&setlang=de&adlt=moderate&t=1"}}, {"text": "Buddha Tattoo", "displayText": "Buddha Tattoo", "webSearchUrl": "https:\/\/www.bing.com\/images\/search?q=Buddha+Tattoo&FORM=IRPATC", "searchLink": "https:\/\/api.bing.microsoft.com\/api\/v7\/images\/search?q=Buddha+Tattoo", "thumbnail": {"thumbnailUrl": "https:\/\/tse4.mm.bing.net\/th?q=Buddha+Tattoo&pid=Api&mkt=de-DE&cc=DE&setlang=de&adlt=moderate&t=1"}}, {"text": "Bird Tattoo", "displayText": "Bird Tattoo", "webSearchUrl": "https:\/\/www.bing.com\/images\/search?q=Bird+Tattoo&FORM=IRPATC", "searchLink": "https:\/\/api.bing.microsoft.com\/api\/v7\/images\/search?q=Bird+Tattoo", "thumbnail": {"thumbnailUrl": "https:\/\/tse3.mm.bing.net\/th?q=Bird+Tattoo&pid=Api&mkt=de-DE&cc=DE&setlang=de&adlt=moderate&t=1"}}, {"text": "Amazing Tattoos", "displayText": "Amazing Tattoos", "webSearchUrl": "https:\/\/www.bing.com\/images\/search?q=Amazing+Tattoos&FORM=IRPATC", "searchLink": "https:\/\/api.bing.microsoft.com\/api\/v7\/images\/search?q=Amazing+Tattoos", "thumbnail": {"thumbnailUrl": "https:\/\/tse2.mm.bing.net\/th?q=Amazing+Tattoos&pid=Api&mkt=de-DE&cc=DE&setlang=de&adlt=moderate&t=1"}}, {"text": "Koi Tattoo", "displayText": "Koi Tattoo", "webSearchUrl": "https:\/\/www.bing.com\/images\/search?q=Koi+Tattoo&FORM=IRPATC", "searchLink": "https:\/\/api.bing.microsoft.com\/api\/v7\/images\/search?q=Koi+Tattoo", "thumbnail": {"thumbnailUrl": "https:\/\/tse1.mm.bing.net\/th?q=Koi+Tattoo&pid=Api&mkt=de-DE&cc=DE&setlang=de&adlt=moderate&t=1"}}, {"text": "Anime Tattoo", "displayText": "Anime Tattoo", "webSearchUrl": "https:\/\/www.bing.com\/images\/search?q=Anime+Tattoo&FORM=IRPATC", "searchLink": "https:\/\/api.bing.microsoft.com\/api\/v7\/images\/search?q=Anime+Tattoo", "thumbnail": {"thumbnailUrl": "https:\/\/tse2.mm.bing.net\/th?q=Anime+Tattoo&pid=Api&mkt=de-DE&cc=DE&setlang=de&adlt=moderate&t=1"}}]}