{"_type": "Images", "instrumentation": {"_type": "ResponseInstrumentation"}, "readLink": "https:\/\/api.bing.microsoft.com\/api\/v7\/images\/search?q=logo", "webSearchUrl": "https:\/\/www.bing.com\/images\/search?q=logo&FORM=OIIARP", "queryContext": {"originalQuery": "logo", "alterationDisplayQuery": "logo", "alterationOverrideQuery": "+logo", "alterationMethod": "AM_JustChangeIt", "alterationType": "CombinedAlterationsChained"}, "totalEstimatedMatches": 1000, "nextOffset": 35, "currentOffset": 0, "value": [{"webSearchUrl": "https:\/\/www.bing.com\/images\/search?view=detailv2&FORM=OIIRPO&q=logo&id=92A3E74091D1DA83710AC892C26223C3DB4231D0&simid=608038885699168268", "name": "Awe-Inspiring Badge & Emblem Logo Designs | Logos | Graphic Design Junction", "thumbnailUrl": "https:\/\/tse2.mm.bing.net\/th?id=OIP.ACbzgWsjsCNdLDWDyepNlgHaHa&pid=Api", "datePublished": "2021-07-20T20:01:00.0000000Z", "isFamilyFriendly": true, "contentUrl": "https:\/\/graphicdesignjunction.com\/wp-content\/uploads\/2017\/07\/emblem-badges-logo-31.jpg", "hostPageUrl": "http:\/\/graphicdesignjunction.com\/2017\/07\/inspiring-badge-emblem-logo\/", "contentSize": "257072 B", "encodingFormat": "jpeg", "hostPageDisplayUrl": "graphicdesignjunction.com\/2017\/07\/inspiring-badge-emblem-logo", "width": 1080, "height": 1080, "hostPageFavIconUrl": "https:\/\/www.bing.com\/th?id=ODF.a2rLVqrj-AuaE4491t1yZQ&pid=Api", "hostPageDomainFriendlyName": "Graphic Design Junction", "hostPageDiscoveredDate": "2017-07-09T00:00:00.0000000Z", "thumbnail": {"width": 474, "height": 474}, "imageInsightsToken": "ccid_ACbzgWsj*cp_5602DF4DBD178A992464D470871354EA*mid_92A3E74091D1DA83710AC892C26223C3DB4231D0*simid_608038885699168268*thid_OIP.ACbzgWsjsCNdLDWDyepNlgHaHa", "insightsMetadata": {"pagesIncludingCount": 6, "availableSizesCount": 1}, "imageId": "92A3E74091D1DA83710AC892C26223C3DB4231D0", "accentColor": "B5B316"}, {"webSearchUrl": "https:\/\/www.bing.com\/images\/search?view=detailv2&FORM=OIIRPO&q=logo&id=BCBFD5EB1BED262BF4A78192E3451346609F39D4&simid=607991988949771774", "name": "BMW logo PNG", "thumbnailUrl": "https:\/\/tse4.mm.bing.net\/th?id=OIP.n3FNVeo_gI4Ce0GOlevWZgHaHa&pid=Api", "datePublished": "2021-04-26T03:12:00.0000000Z", "isFamilyFriendly": true, "contentUrl": "https:\/\/pngimg.com\/uploads\/bmw_logo\/bmw_logo_PNG19705.png", "hostPageUrl": "http:\/\/pngimg.com\/image\/19738", "contentSize": "106839 B", "encodingFormat": "png", "hostPageDisplayUrl": "pngimg.com\/image\/19738", "width": 3072, "height": 3072, "hostPageDiscoveredDate": "2021-02-14T00:00:00.0000000Z", "thumbnail": {"width": 474, "height": 474}, "imageInsightsToken": "ccid_n3FNVeo\/*cp_EE57001A958E5A4FBCD5D52E790FD3BE*mid_BCBFD5EB1BED262BF4A78192E3451346609F39D4*simid_607991988949771774*thid_OIP.n3FNVeo!_gI4Ce0GOlevWZgHaHa", "insightsMetadata": {"pagesIncludingCount": 3254, "availableSizesCount": 293}, "imageId": "BCBFD5EB1BED262BF4A78192E3451346609F39D4", "accentColor": "0B36C0"}, {"webSearchUrl": "https:\/\/www.bing.com\/images\/search?view=detailv2&FORM=OIIRPO&q=logo&id=5C88716DA41759431581A6A2D1D9841594C0EEA2&simid=607999157252468509", "name": "IBM Logo, symbol, meaning, history, PNG", "thumbnailUrl": "https:\/\/tse3.mm.bing.net\/th?id=OIP.gdCpREaIf2Ywr4jfxoHpnAHaEK&pid=Api", "datePublished": "2020-09-19T06:06:00.0000000Z", "isFamilyFriendly": true, "contentUrl": "https:\/\/logos-world.net\/wp-content\/uploads\/2020\/09\/International-Time-Recording-Company-Logo-1889-1914.png", "hostPageUrl": "https:\/\/logos-world.net\/ibm-logo\/", "contentSize": "38589 B", "encodingFormat": "png", "hostPageDisplayUrl": "https:\/\/logos-world.net\/ibm-logo", "width": 3840, "height": 2160, "hostPageDiscoveredDate": "2020-09-19T06:06:06.0000000Z", "thumbnail": {"width": 474, "height": 266}, "imageInsightsToken": "ccid_gdCpREaI*cp_3CC0DCEF02A6AF98E37ED2BD23DB93C9*mid_5C88716DA41759431581A6A2D1D9841594C0EEA2*simid_607999157252468509*thid_OIP.gdCpREaIf2Ywr4jfxoHpnAHaEK", "insightsMetadata": {"pagesIncludingCount": 5, "availableSizesCount": 8}, "imageId": "5C88716DA41759431581A6A2D1D9841594C0EEA2", "accentColor": "666665"}, {"webSearchUrl": "https:\/\/www.bing.com\/images\/search?view=detailv2&FORM=OIIRPO&q=logo&id=37A9B24761B1F1E28F9FA92581ECB11CE80CCB88&simid=607998439989927974", "name": "CBC Logo, symbol, meaning, history, PNG", "thumbnailUrl": "https:\/\/tse2.mm.bing.net\/th?id=OIP.ujEDBwDmb50BTi6XmHfgOgHaEK&pid=Api", "datePublished": "2021-04-06T01:07:00.0000000Z", "isFamilyFriendly": true, "contentUrl": "https:\/\/logos-world.net\/wp-content\/uploads\/2021\/02\/Canadian-Broadcasting-Corporation-Logo-1940-1958.png", "hostPageUrl": "https:\/\/logos-world.net\/cbc-logo\/", "contentSize": "1193903 B", "encodingFormat": "png", "hostPageDisplayUrl": "https:\/\/logos-world.net\/cbc-logo", "width": 3840, "height": 2160, "hostPageDiscoveredDate": "2021-04-06T01:07:26.0000000Z", "thumbnail": {"width": 474, "height": 266}, "imageInsightsToken": "ccid_ujEDBwDm*cp_CDB5605D238E2CCA693C4603CE4B8A84*mid_37A9B24761B1F1E28F9FA92581ECB11CE80CCB88*simid_607998439989927974*thid_OIP.ujEDBwDmb50BTi6XmHfgOgHaEK", "insightsMetadata": {"pagesIncludingCount": 3, "availableSizesCount": 4}, "imageId": "37A9B24761B1F1E28F9FA92581ECB11CE80CCB88", "accentColor": "118CBA"}, {"webSearchUrl": "https:\/\/www.bing.com\/images\/search?view=detailv2&FORM=OIIRPO&q=logo&id=E17FE5A402137E337A6F52F27552A5D3831301C3&simid=608049846453872150", "name": "BMW Logo, symbol, meaning, history, PNG", "thumbnailUrl": "https:\/\/tse4.mm.bing.net\/th?id=OIP._vSHgNsnptwiFsHL8wiTBQHaEK&pid=Api", "datePublished": "2020-04-23T17:24:00.0000000Z", "isFamilyFriendly": true, "contentUrl": "https:\/\/logos-world.net\/wp-content\/uploads\/2020\/04\/BMW-Logo-1923-1953.png", "hostPageUrl": "https:\/\/logos-world.net\/bmw-logo\/", "contentSize": "47157 B", "encodingFormat": "png", "hostPageDisplayUrl": "https:\/\/logos-world.net\/bmw-logo", "width": 3840, "height": 2160, "hostPageDiscoveredDate": "2020-04-20T00:00:00.0000000Z", "thumbnail": {"width": 474, "height": 266}, "imageInsightsToken": "ccid_\/vSHgNsn*cp_D0A1F386280228128C0257DB31D5AA4C*mid_E17FE5A402137E337A6F52F27552A5D3831301C3*simid_608049846453872150*thid_OIP.!_vSHgNsnptwiFsHL8wiTBQHaEK", "insightsMetadata": {"pagesIncludingCount": 10, "availableSizesCount": 14}, "imageId": "E17FE5A402137E337A6F52F27552A5D3831301C3", "accentColor": "0042CC"}, {"webSearchUrl": "https:\/\/www.bing.com\/images\/search?view=detailv2&FORM=OIIRPO&q=logo&id=39B56A9C7C462FE61AD89E7922EAC3FFAB2CA3F0&simid=608025979316736118", "name": "Lamborghini logo - Best htc one wallpapers, free and easy to download", "thumbnailUrl": "https:\/\/tse2.mm.bing.net\/th?id=OIP.LUyprQQf7RiL6MFbYmqAeAHaNK&pid=Api", "datePublished": "2014-11-14T12:00:00.0000000Z", "isFamilyFriendly": true, "contentUrl": "http:\/\/htc-wallpaper.com\/wp-content\/uploads\/2014\/10\/Lamborghini-logo-car.jpg", "hostPageUrl": "http:\/\/htc-wallpaper.com\/2014\/11\/14\/lamborghini-logo\/", "contentSize": "188582 B", "encodingFormat": "jpeg", "hostPageDisplayUrl": "htc-wallpaper.com\/2014\/11\/14\/lamborghini-logo", "width": 1080, "height": 1920, "hostPageDiscoveredDate": "2014-11-14T12:00:00.0000000Z", "thumbnail": {"width": 474, "height": 842}, "imageInsightsToken": "ccid_LUyprQQf*cp_8A462E98FDA35C8333C664C773729146*mid_39B56A9C7C462FE61AD89E7922EAC3FFAB2CA3F0*simid_608025979316736118*thid_OIP.LUyprQQf7RiL6MFbYmqAeAHaNK", "insightsMetadata": {"recipeSourcesCount": 0, "pagesIncludingCount": 144, "availableSizesCount": 46}, "imageId": "39B56A9C7C462FE61AD89E7922EAC3FFAB2CA3F0", "accentColor": "C6A205"}, {"webSearchUrl": "https:\/\/www.bing.com\/images\/search?view=detailv2&FORM=OIIRPO&q=logo&id=7BC3217B87D2FB9EA34A6FD09E3CB06D4155B1C9&simid=608002120778735555", "name": "Sky Logo and symbol, meaning, history, PNG", "thumbnailUrl": "https:\/\/tse4.mm.bing.net\/th?id=OIP.UNG41yJk-yFMVYulqmOxhgHaEK&pid=Api", "datePublished": "2021-04-09T03:42:00.0000000Z", "isFamilyFriendly": true, "contentUrl": "https:\/\/logos-world.net\/wp-content\/uploads\/2021\/02\/Sky-Logo-1998-1999.png", "hostPageUrl": "https:\/\/logos-world.net\/sky-logo\/", "contentSize": "31414 B", "encodingFormat": "png", "hostPageDisplayUrl": "https:\/\/logos-world.net\/sky-logo", "width": 3840, "height": 2160, "hostPageDiscoveredDate": "2021-04-09T03:42:33.0000000Z", "thumbnail": {"width": 474, "height": 266}, "imageInsightsToken": "ccid_UNG41yJk*cp_5AEB18A571D5DD01BD87825812A4697C*mid_7BC3217B87D2FB9EA34A6FD09E3CB06D4155B1C9*simid_608002120778735555*thid_OIP.UNG41yJk-yFMVYulqmOxhgHaEK", "insightsMetadata": {"pagesIncludingCount": 5, "availableSizesCount": 3}, "imageId": "7BC3217B87D2FB9EA34A6FD09E3CB06D4155B1C9", "accentColor": "666666"}, {"webSearchUrl": "https:\/\/www.bing.com\/images\/search?view=detailv2&FORM=OIIRPO&q=logo&id=680E084F02E775B7160F830608B6792E3E1524C6&simid=608008387136993584", "name": "Volkswagen Logo and symbol, meaning, history, PNG", "thumbnailUrl": "https:\/\/tse3.mm.bing.net\/th?id=OIP.HeIjJMk0nt5vyvC9YQvCSQHaEK&pid=Api", "datePublished": "2021-05-15T13:21:00.0000000Z", "isFamilyFriendly": true, "contentUrl": "https:\/\/logos-world.net\/wp-content\/uploads\/2021\/04\/Volkswagen-Logo-1967-1978.png", "hostPageUrl": "https:\/\/logos-world.net\/volkswagen-logo\/", "contentSize": "37699 B", "encodingFormat": "png", "hostPageDisplayUrl": "https:\/\/logos-world.net\/volkswagen-logo", "width": 3840, "height": 2160, "hostPageDiscoveredDate": "2021-05-15T13:21:10.0000000Z", "thumbnail": {"width": 474, "height": 266}, "imageInsightsToken": "ccid_HeIjJMk0*cp_8B4691439A47B39E958128D70E0FB485*mid_680E084F02E775B7160F830608B6792E3E1524C6*simid_608008387136993584*thid_OIP.HeIjJMk0nt5vyvC9YQvCSQHaEK", "insightsMetadata": {"pagesIncludingCount": 4, "availableSizesCount": 2}, "imageId": "680E084F02E775B7160F830608B6792E3E1524C6", "accentColor": "0093CC"}, {"webSearchUrl": "https:\/\/www.bing.com\/images\/search?view=detailv2&FORM=OIIRPO&q=logo&id=7FCDBFCC975218EEFA6CAC55F82011EA81F4B7A2&simid=608047333894208927", "name": "KFC logo PNG", "thumbnailUrl": "https:\/\/tse1.mm.bing.net\/th?id=OIP.JqFZCSNoNnAKCqj1C4m4ewHaHd&pid=Api", "datePublished": "2021-02-06T16:13:00.0000000Z", "isFamilyFriendly": true, "contentUrl": "https:\/\/pngimg.com\/uploads\/kfc\/kfc_PNG20.png", "hostPageUrl": "http:\/\/pngimg.com\/image\/82023", "contentSize": "80018 B", "encodingFormat": "png", "hostPageDisplayUrl": "pngimg.com\/image\/82023", "width": 2400, "height": 2419, "hostPageDiscoveredDate": "2021-02-03T00:00:00.0000000Z", "thumbnail": {"width": 474, "height": 477}, "imageInsightsToken": "ccid_JqFZCSNo*cp_4B7D0B7F11491E25807A71BF6B5792EE*mid_7FCDBFCC975218EEFA6CAC55F82011EA81F4B7A2*simid_608047333894208927*thid_OIP.JqFZCSNoNnAKCqj1C4m4ewHaHd", "insightsMetadata": {"recipeSourcesCount": 0, "pagesIncludingCount": 3564, "availableSizesCount": 1174}, "imageId": "7FCDBFCC975218EEFA6CAC55F82011EA81F4B7A2", "accentColor": "666666"}, {"webSearchUrl": "https:\/\/www.bing.com\/images\/search?view=detailv2&FORM=OIIRPO&q=logo&id=39E980AA637067D9910247BCF8C239221900FE4A&simid=608027362296084185", "name": "Huawei Logo - PNG and Vector - Logo Download", "thumbnailUrl": "https:\/\/tse1.mm.bing.net\/th?id=OIP.FS1OKwuybMppPKhl63i5DgHaHX&pid=Api", "datePublished": "2021-03-07T08:14:00.0000000Z", "isFamilyFriendly": true, "contentUrl": "https:\/\/logodownload.org\/wp-content\/uploads\/2016\/09\/huawei-logo-3-1.png", "hostPageUrl": "https:\/\/en.logodownload.org\/huawei-logo\/", "contentSize": "199899 B", "encodingFormat": "png", "hostPageDisplayUrl": "https:\/\/en.logodownload.org\/huawei-logo", "width": 1440, "height": 1433, "hostPageDiscoveredDate": "2021-03-07T08:14:47.0000000Z", "thumbnail": {"width": 474, "height": 471}, "imageInsightsToken": "ccid_FS1OKwuy*cp_A95A3A32F414F78D8D63D9910D65EBC6*mid_39E980AA637067D9910247BCF8C239221900FE4A*simid_608027362296084185*thid_OIP.FS1OKwuybMppPKhl63i5DgHaHX", "insightsMetadata": {"pagesIncludingCount": 265, "availableSizesCount": 91}, "imageId": "39E980AA637067D9910247BCF8C239221900FE4A", "accentColor": "C04A0B"}, {"webSearchUrl": "https:\/\/www.bing.com\/images\/search?view=detailv2&FORM=OIIRPO&q=logo&id=4492C88EA086B9D9D4B1D2FF2755AF28A4B0D554&simid=607999715594229951", "name": "WordPress logo PNG", "thumbnailUrl": "https:\/\/tse2.mm.bing.net\/th?id=OIP.ryuCFUo5993X4cvN3zJUDAHaHW&pid=Api", "datePublished": "2020-12-20T17:03:00.0000000Z", "isFamilyFriendly": true, "contentUrl": "https:\/\/pngimg.com\/uploads\/wordpress\/wordpress_PNG28.png", "hostPageUrl": "http:\/\/pngimg.com\/download\/73532", "contentSize": "1061202 B", "encodingFormat": "png", "hostPageDisplayUrl": "pngimg.com\/download\/73532", "width": 1185, "height": 1175, "hostPageDiscoveredDate": "2019-04-22T00:00:00.0000000Z", "thumbnail": {"width": 474, "height": 470}, "imageInsightsToken": "ccid_ryuCFUo5*cp_53C878E8EA48ED0A019ADFC5ACB408BE*mid_4492C88EA086B9D9D4B1D2FF2755AF28A4B0D554*simid_607999715594229951*thid_OIP.ryuCFUo5993X4cvN3zJUDAHaHW", "insightsMetadata": {"pagesIncludingCount": 856, "availableSizesCount": 219}, "imageId": "4492C88EA086B9D9D4B1D2FF2755AF28A4B0D554", "accentColor": "004972"}, {"webSearchUrl": "https:\/\/www.bing.com\/images\/search?view=detailv2&FORM=OIIRPO&q=logo&id=869FBF0690ABDA32ADC94F79AE0CC4FFA5220191&simid=608023672925265614", "name": "MSI Logo, symbol, meaning, history, PNG", "thumbnailUrl": "https:\/\/tse4.mm.bing.net\/th?id=OIP.NjQwgT3ch2qFW1qEI2PRRwHaEK&pid=Api", "datePublished": "2020-11-29T11:40:00.0000000Z", "isFamilyFriendly": true, "contentUrl": "https:\/\/logos-world.net\/wp-content\/uploads\/2020\/11\/MSI-Logo-2011-2019.png", "hostPageUrl": "https:\/\/logos-world.net\/msi-logo\/", "contentSize": "286532 B", "encodingFormat": "png", "hostPageDisplayUrl": "https:\/\/logos-world.net\/msi-logo", "width": 3840, "height": 2160, "hostPageDiscoveredDate": "2020-11-29T11:40:52.0000000Z", "thumbnail": {"width": 474, "height": 266}, "imageInsightsToken": "ccid_NjQwgT3c*cp_FB24FA24FCA3253240C4C695AD540641*mid_869FBF0690ABDA32ADC94F79AE0CC4FFA5220191*simid_608023672925265614*thid_OIP.NjQwgT3ch2qFW1qEI2PRRwHaEK", "insightsMetadata": {"pagesIncludingCount": 21, "availableSizesCount": 21}, "imageId": "869FBF0690ABDA32ADC94F79AE0CC4FFA5220191", "accentColor": "B91217"}, {"webSearchUrl": "https:\/\/www.bing.com\/images\/search?view=detailv2&FORM=OIIRPO&q=logo&id=F820A5A6BC40B7C6D5CC91820D14BD185B7433AD&simid=607998774992454392", "name": "Peugeot Logo – PNG e Vetor – Download de Logo", "thumbnailUrl": "https:\/\/tse2.mm.bing.net\/th?id=OIP.ejobHMGHKq0P7Awk1cUttwHaII&pid=Api", "datePublished": "2014-12-05T19:59:00.0000000Z", "isFamilyFriendly": true, "contentUrl": "https:\/\/logodownload.org\/wp-content\/uploads\/2014\/09\/peugeot-logo-1-1-1399x1536.png", "hostPageUrl": "https:\/\/logodownload.org\/peugeot-logo\/", "contentSize": "310695 B", "encodingFormat": "png", "hostPageDisplayUrl": "https:\/\/logodownload.org\/peugeot-logo", "width": 1399, "height": 1536, "hostPageDiscoveredDate": "2014-12-05T19:59:00.0000000Z", "thumbnail": {"width": 474, "height": 520}, "imageInsightsToken": "ccid_ejobHMGH*cp_AABAECA7B4C04A7C1B77EFE2C03F75F4*mid_F820A5A6BC40B7C6D5CC91820D14BD185B7433AD*simid_607998774992454392*thid_OIP.ejobHMGHKq0P7Awk1cUttwHaII", "insightsMetadata": {"pagesIncludingCount": 2914, "availableSizesCount": 777}, "imageId": "F820A5A6BC40B7C6D5CC91820D14BD185B7433AD", "accentColor": "666666"}, {"webSearchUrl": "https:\/\/www.bing.com\/images\/search?view=detailv2&FORM=OIIRPO&q=logo&id=E19CC6BA82598E3798EF73043487C9CD2618E308&simid=608038894285969061", "name": "Renault Logo and symbol, meaning, history, PNG", "thumbnailUrl": "https:\/\/tse2.mm.bing.net\/th?id=OIP.vXgRPAHmI5wZYaVBM_sI5QHaEK&pid=Api", "datePublished": "2021-05-15T12:07:00.0000000Z", "isFamilyFriendly": true, "contentUrl": "https:\/\/logos-world.net\/wp-content\/uploads\/2021\/04\/Renault-Logo-2008-2015.png", "hostPageUrl": "https:\/\/logos-world.net\/renault-logo\/", "contentSize": "202997 B", "encodingFormat": "png", "hostPageDisplayUrl": "https:\/\/logos-world.net\/renault-logo", "width": 3840, "height": 2160, "hostPageDiscoveredDate": "2021-05-15T12:07:39.0000000Z", "thumbnail": {"width": 474, "height": 266}, "imageInsightsToken": "ccid_vXgRPAHm*cp_7302A3F337F504B67D43CD1905B9745A*mid_E19CC6BA82598E3798EF73043487C9CD2618E308*simid_608038894285969061*thid_OIP.vXgRPAHmI5wZYaVBM!_sI5QHaEK", "insightsMetadata": {"pagesIncludingCount": 3, "availableSizesCount": 2}, "imageId": "E19CC6BA82598E3798EF73043487C9CD2618E308", "accentColor": "CB9200"}, {"webSearchUrl": "https:\/\/www.bing.com\/images\/search?view=detailv2&FORM=OIIRPO&q=logo&id=7BC3217B87D2FB9EA34A913CAC57A989CC5A4250&simid=607999861624349745", "name": "Sky Logo and symbol, meaning, history, PNG", "thumbnailUrl": "https:\/\/tse3.mm.bing.net\/th?id=OIP.AU7OPmLZ-8Ynlq_-8WNpAQHaEK&pid=Api", "datePublished": "2021-04-09T03:42:00.0000000Z", "isFamilyFriendly": true, "contentUrl": "https:\/\/logos-world.net\/wp-content\/uploads\/2021\/02\/Sky-Logo-1989-1993.png", "hostPageUrl": "https:\/\/logos-world.net\/sky-logo\/", "contentSize": "31252 B", "encodingFormat": "png", "hostPageDisplayUrl": "https:\/\/logos-world.net\/sky-logo", "width": 3840, "height": 2160, "hostPageDiscoveredDate": "2021-04-09T03:42:33.0000000Z", "thumbnail": {"width": 474, "height": 266}, "imageInsightsToken": "ccid_AU7OPmLZ*cp_74CAA86D57F2E4328585A01BACAEAE7D*mid_7BC3217B87D2FB9EA34A913CAC57A989CC5A4250*simid_607999861624349745*thid_OIP.AU7OPmLZ-8Ynlq!_-8WNpAQHaEK", "insightsMetadata": {"pagesIncludingCount": 3, "availableSizesCount": 4}, "imageId": "7BC3217B87D2FB9EA34A913CAC57A989CC5A4250", "accentColor": "666666"}, {"webSearchUrl": "https:\/\/www.bing.com\/images\/search?view=detailv2&FORM=OIIRPO&q=logo&id=E8A956B04540C39DC15D5F8F9F4314EEBBC6495E&simid=608028337249665343", "name": "LG Logo, symbol, meaning, history, PNG", "thumbnailUrl": "https:\/\/tse4.explicit.bing.net\/th?id=OIP.0yKv9G4LXOB_DmRngfgMCAHaEK&pid=Api", "datePublished": "2020-06-01T10:02:00.0000000Z", "isFamilyFriendly": false, "contentUrl": "https:\/\/logos-world.net\/wp-content\/uploads\/2020\/05\/GoldStar-Logo-1964-1983-1.png", "hostPageUrl": "https:\/\/logos-world.net\/lg-logo\/", "contentSize": "20207 B", "encodingFormat": "png", "hostPageDisplayUrl": "https:\/\/logos-world.net\/lg-logo", "width": 3840, "height": 2160, "hostPageDiscoveredDate": "2020-06-01T10:02:06.0000000Z", "thumbnail": {"width": 474, "height": 266}, "imageInsightsToken": "ccid_0yKv9G4L*cp_DA686283C1DCC9B6309A97B6833128BC*mid_E8A956B04540C39DC15D5F8F9F4314EEBBC6495E*simid_608028337249665343*thid_OIP.0yKv9G4LXOB!_DmRngfgMCAHaEK", "insightsMetadata": {"pagesIncludingCount": 7, "availableSizesCount": 6}, "imageId": "E8A956B04540C39DC15D5F8F9F4314EEBBC6495E", "accentColor": "666666"}, {"webSearchUrl": "https:\/\/www.bing.com\/images\/search?view=detailv2&FORM=OIIRPO&q=logo&id=9F8C19F5736DD9C1AEDB1A1600ACB70DB915F33E&simid=608046419078366430", "name": "Lipton logo histoire et signification, evolution, symbole Lipton", "thumbnailUrl": "https:\/\/tse2.mm.bing.net\/th?id=OIP.wlFVt5qDkB7AasgpzPD8hQHaEK&pid=Api", "datePublished": "2019-11-22T04:26:00.0000000Z", "isFamilyFriendly": true, "contentUrl": "https:\/\/tous-logos.com\/wp-content\/uploads\/2017\/12\/Lipton-logo.jpg", "hostPageUrl": "https:\/\/tous-logos.com\/logo-lipton\/", "contentSize": "153800 B", "encodingFormat": "jpeg", "hostPageDisplayUrl": "https:\/\/tous-logos.com\/logo-lipton", "width": 1920, "height": 1080, "hostPageDiscoveredDate": "2018-10-29T00:00:00.0000000Z", "thumbnail": {"width": 474, "height": 266}, "imageInsightsToken": "ccid_wlFVt5qD*cp_FA6F8FF36F1BD2FBD7B0677A37F040E1*mid_9F8C19F5736DD9C1AEDB1A1600ACB70DB915F33E*simid_608046419078366430*thid_OIP.wlFVt5qDkB7AasgpzPD8hQHaEK", "insightsMetadata": {"pagesIncludingCount": 2, "availableSizesCount": 2}, "imageId": "9F8C19F5736DD9C1AEDB1A1600ACB70DB915F33E", "accentColor": "020000"}, {"webSearchUrl": "https:\/\/www.bing.com\/images\/search?view=detailv2&FORM=OIIRPO&q=logo&id=92B353070D205BC168427C6291864FB58883AEFF&simid=608015533958715636", "name": "Rolex Logo - 1000marken: Alle Marken Logo PNG, SVG", "thumbnailUrl": "https:\/\/tse1.mm.bing.net\/th?id=OIP.67aocnCZRhxuMQA3DnuMXAHaEK&pid=Api", "datePublished": "2021-05-17T10:40:00.0000000Z", "isFamilyFriendly": true, "contentUrl": "https:\/\/1000marken.net\/wp-content\/uploads\/2021\/01\/Rolex-Logo.jpg", "hostPageUrl": "https:\/\/1000marken.net\/rolex-logo\/", "contentSize": "123179 B", "encodingFormat": "jpeg", "hostPageDisplayUrl": "https:\/\/1000marken.net\/rolex-logo", "width": 3840, "height": 2160, "hostPageDiscoveredDate": "2021-05-17T10:40:00.0000000Z", "thumbnail": {"width": 474, "height": 266}, "imageInsightsToken": "ccid_67aocnCZ*cp_8FAE75FC0C527CD843C88F9C10E3A539*mid_92B353070D205BC168427C6291864FB58883AEFF*simid_608015533958715636*thid_OIP.67aocnCZRhxuMQA3DnuMXAHaEK", "insightsMetadata": {"pagesIncludingCount": 214, "availableSizesCount": 99}, "imageId": "92B353070D205BC168427C6291864FB58883AEFF", "accentColor": "005227"}, {"webSearchUrl": "https:\/\/www.bing.com\/images\/search?view=detailv2&FORM=OIIRPO&q=logo&id=4E5BA4296095277CB020D2A35ED67111F834B0A6&simid=608010577573271808", "name": "professional logo design with unlimited revision for $25 - SEOClerks", "thumbnailUrl": "https:\/\/tse3.mm.bing.net\/th?id=OIP.2B-m1aRl3UcA_7Jl7rpqbwHaHV&pid=Api", "datePublished": "2021-04-16T06:30:00.0000000Z", "isFamilyFriendly": true, "contentUrl": "https:\/\/www.seoclerk.com\/pics\/000\/742\/461\/d81fa6d5a465dd4700ffb265eeba6a6f.jpg", "hostPageUrl": "https:\/\/www.seoclerk.com\/Graphics\/639254\/professional-logo-design-with-unlimited-revision", "contentSize": "74852 B", "encodingFormat": "jpeg", "hostPageDisplayUrl": "https:\/\/www.seoclerk.com\/Graphics\/639254\/professional-logo-design-with-unlimited-revision", "width": 1500, "height": 1486, "hostPageFavIconUrl": "https:\/\/www.bing.com\/th?id=ODF.OS8QYyuv_aRs11DZr9MkUg&pid=Api", "hostPageDiscoveredDate": "2019-03-25T00:00:00.0000000Z", "thumbnail": {"width": 474, "height": 469}, "imageInsightsToken": "ccid_2B+m1aRl*cp_6B66853246A85659B7E0F8E5D1935A1C*mid_4E5BA4296095277CB020D2A35ED67111F834B0A6*simid_608010577573271808*thid_OIP.2B-m1aRl3UcA!_7Jl7rpqbwHaHV", "insightsMetadata": {"pagesIncludingCount": 4, "availableSizesCount": 1}, "imageId": "4E5BA4296095277CB020D2A35ED67111F834B0A6", "accentColor": "C88001"}, {"webSearchUrl": "https:\/\/www.bing.com\/images\/search?view=detailv2&FORM=OIIRPO&q=logo&id=07937EAAA39093297FC89E7DC3DF2758883D9D7D&simid=608035995182060777", "name": "Worlds Most Expensive Famous Logos In History - Art, Graphics & Video ...", "thumbnailUrl": "https:\/\/tse3.mm.bing.net\/th?id=OIP.IDPHDwOsacsaD0NGMPNUMAHaEi&pid=Api", "datePublished": "2018-08-16T07:24:00.0000000Z", "isFamilyFriendly": true, "contentUrl": "https:\/\/www.nairaland.com\/attachments\/1048921_bp_logo_jpeg760e881fcb3ffb5f5704a2950d2e06fd", "hostPageUrl": "https:\/\/www.nairaland.com\/1246040\/worlds-most-expensive-famous-logos", "contentSize": "154354 B", "encodingFormat": "jpeg", "hostPageDisplayUrl": "https:\/\/www.nairaland.com\/1246040\/worlds-most-expensive-famous-logos", "width": 2187, "height": 1340, "hostPageFavIconUrl": "https:\/\/www.bing.com\/th?id=ODF.xsYtx70a8U7YqlalkezGhg&pid=Api", "hostPageDomainFriendlyName": "Nairaland", "hostPageDiscoveredDate": "2018-08-16T07:24:00.0000000Z", "thumbnail": {"width": 474, "height": 290}, "imageInsightsToken": "ccid_IDPHDwOs*cp_49D806C1953C6ED8EB5EBA78AB64AFA6*mid_07937EAAA39093297FC89E7DC3DF2758883D9D7D*simid_608035995182060777*thid_OIP.IDPHDwOsacsaD0NGMPNUMAHaEi", "insightsMetadata": {"recipeSourcesCount": 0, "pagesIncludingCount": 154, "availableSizesCount": 67}, "imageId": "07937EAAA39093297FC89E7DC3DF2758883D9D7D", "accentColor": "019803"}, {"webSearchUrl": "https:\/\/www.bing.com\/images\/search?view=detailv2&FORM=OIIRPO&q=logo&id=B7B7CA4CE897A394134A3032301B94E3E0736E59&simid=608032898511283810", "name": "Chevrolet Logo, symbol, meaning, history, PNG", "thumbnailUrl": "https:\/\/tse1.mm.bing.net\/th?id=OIP.D_LfFpHURLJ-rwn8BaHlaAHaEK&pid=Api", "datePublished": "2021-06-08T09:17:00.0000000Z", "isFamilyFriendly": true, "contentUrl": "https:\/\/logos-world.net\/wp-content\/uploads\/2021\/03\/Chevrolet-Logo-1934-1940.png", "hostPageUrl": "https:\/\/logos-world.net\/chevrolet-logo\/", "contentSize": "175981 B", "encodingFormat": "png", "hostPageDisplayUrl": "https:\/\/logos-world.net\/chevrolet-logo", "width": 3840, "height": 2160, "hostPageDiscoveredDate": "2021-06-02T00:00:00.0000000Z", "thumbnail": {"width": 474, "height": 266}, "imageInsightsToken": "ccid_D\/LfFpHU*cp_3FAB82EEEA364584D7CF1CA9DC9F268D*mid_B7B7CA4CE897A394134A3032301B94E3E0736E59*simid_608032898511283810*thid_OIP.D!_LfFpHURLJ-rwn8BaHlaAHaEK", "insightsMetadata": {"pagesIncludingCount": 3, "availableSizesCount": 4}, "imageId": "B7B7CA4CE897A394134A3032301B94E3E0736E59", "accentColor": "666666"}, {"webSearchUrl": "https:\/\/www.bing.com\/images\/search?view=detailv2&FORM=OIIRPO&q=logo&id=CEB5A54F01DFE0A58C54F8AE520C094BA90256EF&simid=608015078690526750", "name": "World’s Most Famous Logos And The Stories Behind Them | LOGO.com", "thumbnailUrl": "https:\/\/tse1.mm.bing.net\/th?id=OIP.QHeMPOJ0qZW5fZFXQmyk5wHaFf&pid=Api", "datePublished": "2021-08-19T09:22:00.0000000Z", "isFamilyFriendly": true, "contentUrl": "https:\/\/global-uploads.webflow.com\/5e157548d6f7910beea4e2d6\/611e17ebf252adff5480aef3_DMSlDQUuTZetljlTjKw6NfmtfDbOlaS08FUI42EQJYGrP0sb_Mnhck8S3KmhI9PoQkEsFAqFf21M13WaZ089jerVNTNSz9rTNKfDsareelasXbJ9Z9KkTfVzAZOIB8V0MBwWvavy.jpeg", "hostPageUrl": "https:\/\/logo.com\/blog\/famous-logos", "contentSize": "37668 B", "encodingFormat": "jpeg", "hostPageDisplayUrl": "https:\/\/logo.com\/blog\/famous-logos", "width": 1024, "height": 759, "hostPageDiscoveredDate": "2021-08-19T09:22:32.0000000Z", "thumbnail": {"width": 474, "height": 351}, "imageInsightsToken": "ccid_QHeMPOJ0*cp_EDA77105009E4E3627D047BC55E4C700*mid_CEB5A54F01DFE0A58C54F8AE520C094BA90256EF*simid_608015078690526750*thid_OIP.QHeMPOJ0qZW5fZFXQmyk5wHaFf", "insightsMetadata": {"pagesIncludingCount": 4, "availableSizesCount": 1}, "imageId": "CEB5A54F01DFE0A58C54F8AE520C094BA90256EF", "accentColor": "CB0100"}, {"webSearchUrl": "https:\/\/www.bing.com\/images\/search?view=detailv2&FORM=OIIRPO&q=logo&id=9177A078C9B9733F3E2A1D07856BDB52FB78573A&simid=608025859059623820", "name": "KTM Logo, symbol, meaning, history, PNG", "thumbnailUrl": "https:\/\/tse2.mm.bing.net\/th?id=OIP.j7yGhjncpQJHzk4TvRMmewHaEK&pid=Api", "datePublished": "2020-12-01T21:20:00.0000000Z", "isFamilyFriendly": true, "contentUrl": "https:\/\/logos-world.net\/wp-content\/uploads\/2020\/11\/KTM-Logo.png", "hostPageUrl": "https:\/\/logos-world.net\/ktm-logo\/", "contentSize": "19676 B", "encodingFormat": "png", "hostPageDisplayUrl": "https:\/\/logos-world.net\/ktm-logo", "width": 3840, "height": 2160, "hostPageDiscoveredDate": "2020-12-01T21:20:27.0000000Z", "thumbnail": {"width": 474, "height": 266}, "imageInsightsToken": "ccid_j7yGhjnc*cp_CA4486C6FB8BF80A2EC226E9617EDB95*mid_9177A078C9B9733F3E2A1D07856BDB52FB78573A*simid_608025859059623820*thid_OIP.j7yGhjncpQJHzk4TvRMmewHaEK", "insightsMetadata": {"pagesIncludingCount": 2462, "availableSizesCount": 397}, "imageId": "9177A078C9B9733F3E2A1D07856BDB52FB78573A", "accentColor": "666666"}, {"webSearchUrl": "https:\/\/www.bing.com\/images\/search?view=detailv2&FORM=OIIRPO&q=logo&id=1A33C3649B2CB18EF5977AC3CD6F84D37FCBE33A&simid=608008554641053352", "name": "Deadpool logo PNG", "thumbnailUrl": "https:\/\/tse4.mm.bing.net\/th?id=OIP.sxdELx88HQjlvgfXWUENawHaHa&pid=Api", "datePublished": "2021-04-03T01:45:00.0000000Z", "isFamilyFriendly": true, "contentUrl": "https:\/\/pngimg.com\/uploads\/deadpool\/deadpool_PNG3.png", "hostPageUrl": "http:\/\/pngimg.com\/image\/63232", "contentSize": "260887 B", "encodingFormat": "png", "hostPageDisplayUrl": "pngimg.com\/image\/63232", "width": 910, "height": 910, "hostPageDiscoveredDate": "2021-02-02T00:00:00.0000000Z", "thumbnail": {"width": 474, "height": 474}, "imageInsightsToken": "ccid_sxdELx88*cp_F8487949AA404B9104188256D04769AF*mid_1A33C3649B2CB18EF5977AC3CD6F84D37FCBE33A*simid_608008554641053352*thid_OIP.sxdELx88HQjlvgfXWUENawHaHa", "insightsMetadata": {"pagesIncludingCount": 12, "availableSizesCount": 2}, "imageId": "1A33C3649B2CB18EF5977AC3CD6F84D37FCBE33A", "accentColor": "BF0C11"}, {"webSearchUrl": "https:\/\/www.bing.com\/images\/search?view=detailv2&FORM=OIIRPO&q=logo&id=41B7C81E6B412B1BB5E010002EED74AE97B26D2E&simid=607990193657697060", "name": "Reebok logo histoire et signification, evolution, symbole Reebok", "thumbnailUrl": "https:\/\/tse3.mm.bing.net\/th?id=OIP.sdRuIftkc37e9GogfEijmAHaHC&pid=Api", "datePublished": "2019-11-16T12:25:00.0000000Z", "isFamilyFriendly": true, "contentUrl": "https:\/\/tous-logos.com\/wp-content\/uploads\/2017\/05\/Symbole-Reebok.jpg", "hostPageUrl": "https:\/\/tous-logos.com\/reebok-logo\/", "contentSize": "265309 B", "encodingFormat": "jpeg", "hostPageDisplayUrl": "https:\/\/tous-logos.com\/reebok-logo", "width": 2000, "height": 1900, "hostPageDiscoveredDate": "2018-10-29T00:00:00.0000000Z", "thumbnail": {"width": 474, "height": 450}, "imageInsightsToken": "ccid_sdRuIftk*cp_C33DFC6B8C2F837B370B7FE045B460D5*mid_41B7C81E6B412B1BB5E010002EED74AE97B26D2E*simid_607990193657697060*thid_OIP.sdRuIftkc37e9GogfEijmAHaHC", "insightsMetadata": {"recipeSourcesCount": 0, "pagesIncludingCount": 275, "availableSizesCount": 74}, "imageId": "41B7C81E6B412B1BB5E010002EED74AE97B26D2E", "accentColor": "BB102C"}, {"webSearchUrl": "https:\/\/www.bing.com\/images\/search?view=detailv2&FORM=OIIRPO&q=logo&id=A1E945319A91D04A8BA6CB29CACAAEC3CB6222E4&simid=608028783936346919", "name": "Nike logo PNG", "thumbnailUrl": "https:\/\/tse4.mm.bing.net\/th?id=OIP.kIMyGsCSJD9ZRExrLCIMwgHaEZ&pid=Api", "datePublished": "2021-04-23T14:14:00.0000000Z", "isFamilyFriendly": true, "contentUrl": "https:\/\/pngimg.com\/uploads\/nike\/nike_PNG5.png", "hostPageUrl": "http:\/\/pngimg.com\/image\/23671", "contentSize": "307407 B", "encodingFormat": "png", "hostPageDisplayUrl": "pngimg.com\/image\/23671", "width": 3117, "height": 1848, "hostPageDiscoveredDate": "2021-01-28T00:00:00.0000000Z", "thumbnail": {"width": 474, "height": 281}, "imageInsightsToken": "ccid_kIMyGsCS*cp_5B6F6249DAD94B32346F1A2763539D02*mid_A1E945319A91D04A8BA6CB29CACAAEC3CB6222E4*simid_608028783936346919*thid_OIP.kIMyGsCSJD9ZRExrLCIMwgHaEZ", "insightsMetadata": {"pagesIncludingCount": 173, "availableSizesCount": 18}, "imageId": "A1E945319A91D04A8BA6CB29CACAAEC3CB6222E4", "accentColor": "060808"}, {"webSearchUrl": "https:\/\/www.bing.com\/images\/search?view=detailv2&FORM=OIIRPO&q=logo&id=37A9B24761B1F1E28F9FA564220EBC2D1894FB76&simid=608044099783370620", "name": "CBC Logo, symbol, meaning, history, PNG", "thumbnailUrl": "https:\/\/tse3.explicit.bing.net\/th?id=OIP.6__NO3I0hlJe3vZCLY4OpwHaEK&pid=Api", "datePublished": "2021-04-06T01:07:00.0000000Z", "isFamilyFriendly": false, "contentUrl": "https:\/\/logos-world.net\/wp-content\/uploads\/2021\/02\/CBC-Logo.png", "hostPageUrl": "https:\/\/logos-world.net\/cbc-logo\/", "contentSize": "29961 B", "encodingFormat": "png", "hostPageDisplayUrl": "https:\/\/logos-world.net\/cbc-logo", "width": 3840, "height": 2160, "hostPageDiscoveredDate": "2021-04-06T01:07:26.0000000Z", "thumbnail": {"width": 474, "height": 266}, "imageInsightsToken": "ccid_6\/\/NO3I0*cp_314EF716A9E6D125395E9B5E1EDC7985*mid_37A9B24761B1F1E28F9FA564220EBC2D1894FB76*simid_608044099783370620*thid_OIP.6!_!_NO3I0hlJe3vZCLY4OpwHaEK", "insightsMetadata": {"pagesIncludingCount": 657, "availableSizesCount": 142}, "imageId": "37A9B24761B1F1E28F9FA564220EBC2D1894FB76", "accentColor": "CC0000"}, {"webSearchUrl": "https:\/\/www.bing.com\/images\/search?view=detailv2&FORM=OIIRPO&q=logo&id=4C5DB1FDFE0E5C718D435CF6A7710348E3648E16&simid=608043691770197618", "name": "Chrome Logo, symbol, meaning, history, PNG", "thumbnailUrl": "https:\/\/tse4.mm.bing.net\/th?id=OIP.LzLOECF9Fe6qKImle3TIUAHaEK&pid=Api", "datePublished": "2020-08-29T03:04:00.0000000Z", "isFamilyFriendly": true, "contentUrl": "https:\/\/logos-world.net\/wp-content\/uploads\/2020\/08\/Google-Chrome-Logo-2008-2011.png", "hostPageUrl": "https:\/\/logos-world.net\/chrome-logo\/", "contentSize": "416749 B", "encodingFormat": "png", "hostPageDisplayUrl": "https:\/\/logos-world.net\/chrome-logo", "width": 3840, "height": 2160, "hostPageDiscoveredDate": "2020-08-29T03:04:57.0000000Z", "thumbnail": {"width": 474, "height": 266}, "imageInsightsToken": "ccid_LzLOECF9*cp_4D48D3B2B234BEEF31CF47DAFBE56BD6*mid_4C5DB1FDFE0E5C718D435CF6A7710348E3648E16*simid_608043691770197618*thid_OIP.LzLOECF9Fe6qKImle3TIUAHaEK", "insightsMetadata": {"pagesIncludingCount": 16, "availableSizesCount": 5}, "imageId": "4C5DB1FDFE0E5C718D435CF6A7710348E3648E16", "accentColor": "00951C"}, {"webSearchUrl": "https:\/\/www.bing.com\/images\/search?view=detailv2&FORM=OIIRPO&q=logo&id=693C340DB8C9457259DAF2399538240EF4FB02EC&simid=608017599846182342", "name": "I will design a modern corporate logo for $1 - SEOClerks", "thumbnailUrl": "https:\/\/tse3.mm.bing.net\/th?id=OIP.9xuhBcBTLta9m4yjmnjC5wHaEo&pid=Api", "datePublished": "2021-02-18T20:00:00.0000000Z", "isFamilyFriendly": true, "contentUrl": "https:\/\/www.seoclerk.com\/pics\/001\/006\/874\/f71ba105c0532ed6bd9b8ca39a78c2e7.png", "hostPageUrl": "https:\/\/www.seoclerk.com\/Graphics\/861217\/I-will-design-a-modern-corporate-logo", "contentSize": "223807 B", "encodingFormat": "png", "hostPageDisplayUrl": "https:\/\/www.seoclerk.com\/Graphics\/861217\/I-will-design-a-modern-corporate-logo", "width": 5334, "height": 3334, "hostPageFavIconUrl": "https:\/\/www.bing.com\/th?id=ODF.OS8QYyuv_aRs11DZr9MkUg&pid=Api", "hostPageDiscoveredDate": "2020-12-26T00:00:00.0000000Z", "thumbnail": {"width": 474, "height": 296}, "imageInsightsToken": "ccid_9xuhBcBT*cp_9DCC397D2DDD3EA512122CD4983863A8*mid_693C340DB8C9457259DAF2399538240EF4FB02EC*simid_608017599846182342*thid_OIP.9xuhBcBTLta9m4yjmnjC5wHaEo", "insightsMetadata": {"pagesIncludingCount": 1, "availableSizesCount": 1}, "imageId": "693C340DB8C9457259DAF2399538240EF4FB02EC", "accentColor": "CA0101"}, {"webSearchUrl": "https:\/\/www.bing.com\/images\/search?view=detailv2&FORM=OIIRPO&q=logo&id=1BA2EC69185A3A48B1EFAD9481DE3749E5370E89&simid=608009164521015932", "name": "Le logo moto Hino, embleme [sigle lancia]", "thumbnailUrl": "https:\/\/tse4.mm.bing.net\/th?id=OIP.5h0MSWjbQrJ7JbWb0qav9wHaFo&pid=Api", "datePublished": "2021-06-23T08:51:00.0000000Z", "isFamilyFriendly": true, "contentUrl": "http:\/\/marque-voiture.com\/wp-content\/uploads\/2017\/11\/Symbole-Hino.jpg", "hostPageUrl": "http:\/\/marque-voiture.com\/le-logo-hino\/", "contentSize": "168455 B", "encodingFormat": "jpeg", "hostPageDisplayUrl": "marque-voiture.com\/le-logo-hino", "width": 2300, "height": 1750, "hostPageDiscoveredDate": "2017-11-21T00:00:00.0000000Z", "thumbnail": {"width": 474, "height": 360}, "imageInsightsToken": "ccid_5h0MSWjb*cp_DB510DB5FF0E1A3CC7CADAD6863AB5F7*mid_1BA2EC69185A3A48B1EFAD9481DE3749E5370E89*simid_608009164521015932*thid_OIP.5h0MSWjbQrJ7JbWb0qav9wHaFo", "insightsMetadata": {"pagesIncludingCount": 11, "availableSizesCount": 6}, "imageId": "1BA2EC69185A3A48B1EFAD9481DE3749E5370E89", "accentColor": "666666"}, {"webSearchUrl": "https:\/\/www.bing.com\/images\/search?view=detailv2&FORM=OIIRPO&q=logo&id=8CE73CDF1BA7AB9802EF22A7BC57B86E52150D31&simid=608014189630144335", "name": "Michelin Logo, symbol, meaning, history, PNG", "thumbnailUrl": "https:\/\/tse3.mm.bing.net\/th?id=OIP.V2kdpsnONfRdrlvwT8kopwHaEK&pid=Api", "datePublished": "2020-09-19T06:06:00.0000000Z", "isFamilyFriendly": true, "contentUrl": "https:\/\/logos-world.net\/wp-content\/uploads\/2020\/09\/Michelin-Logo-2017-present.jpg", "hostPageUrl": "https:\/\/logos-world.net\/michelin-logo\/", "contentSize": "114778 B", "encodingFormat": "jpeg", "hostPageDisplayUrl": "https:\/\/logos-world.net\/michelin-logo", "width": 3840, "height": 2160, "hostPageDiscoveredDate": "2020-09-19T06:06:06.0000000Z", "thumbnail": {"width": 474, "height": 266}, "imageInsightsToken": "ccid_V2kdpsnO*cp_F69A692B3FF0A635BCBFBDE5BBBC71BA*mid_8CE73CDF1BA7AB9802EF22A7BC57B86E52150D31*simid_608014189630144335*thid_OIP.V2kdpsnONfRdrlvwT8kopwHaEK", "insightsMetadata": {"pagesIncludingCount": 553, "availableSizesCount": 288}, "imageId": "8CE73CDF1BA7AB9802EF22A7BC57B86E52150D31", "accentColor": "CCBA00"}, {"webSearchUrl": "https:\/\/www.bing.com\/images\/search?view=detailv2&FORM=OIIRPO&q=logo&id=36CCC37381581242446828843B3E88D8FA027A9B&simid=608013884690401195", "name": "Adidas Logo -LogoLook – logo PNG, SVG free download", "thumbnailUrl": "https:\/\/tse3.mm.bing.net\/th?id=OIP.--1_ExzuvXFwrbg_938NIAHaEK&pid=Api", "datePublished": "2021-06-23T02:53:00.0000000Z", "isFamilyFriendly": true, "contentUrl": "https:\/\/logolook.net\/wp-content\/uploads\/2021\/06\/Adidas-Logo-19711.png", "hostPageUrl": "https:\/\/logolook.net\/adidas-logo\/", "contentSize": "31868 B", "encodingFormat": "png", "hostPageDisplayUrl": "https:\/\/logolook.net\/adidas-logo", "width": 3840, "height": 2160, "hostPageDiscoveredDate": "2021-06-23T02:53:52.0000000Z", "thumbnail": {"width": 474, "height": 266}, "imageInsightsToken": "ccid_++1\/Exzu*cp_8E96611C79EBE1E7FA99065A759761AF*mid_36CCC37381581242446828843B3E88D8FA027A9B*simid_608013884690401195*thid_OIP.--1!_ExzuvXFwrbg!_938NIAHaEK", "insightsMetadata": {"pagesIncludingCount": 15, "availableSizesCount": 12}, "imageId": "36CCC37381581242446828843B3E88D8FA027A9B", "accentColor": "666666"}, {"webSearchUrl": "https:\/\/www.bing.com\/images\/search?view=detailv2&FORM=OIIRPO&q=logo&id=B4CC8D37582107E60CB60A1558C35945C6E0D99A&simid=608011427971688501", "name": "Quicksilver Logo and symbol, meaning, history, PNG", "thumbnailUrl": "https:\/\/tse4.mm.bing.net\/th?id=OIP.5fr_SflxkJV_ftC8g-DA0gHaEK&pid=Api", "datePublished": "2021-04-09T13:34:00.0000000Z", "isFamilyFriendly": true, "contentUrl": "https:\/\/logos-world.net\/wp-content\/uploads\/2020\/12\/Quicksilver-Logo-1969-present.png", "hostPageUrl": "https:\/\/logos-world.net\/quicksilver-logo\/", "contentSize": "20407 B", "encodingFormat": "png", "hostPageDisplayUrl": "https:\/\/logos-world.net\/quicksilver-logo", "width": 3840, "height": 2160, "hostPageDiscoveredDate": "2021-01-12T00:00:00.0000000Z", "thumbnail": {"width": 474, "height": 266}, "imageInsightsToken": "ccid_5fr\/Sflx*cp_CA72C1BB5682B520F51D17609ED3E9E7*mid_B4CC8D37582107E60CB60A1558C35945C6E0D99A*simid_608011427971688501*thid_OIP.5fr!_SflxkJV!_ftC8g-DA0gHaEK", "insightsMetadata": {"pagesIncludingCount": 7, "availableSizesCount": 5}, "imageId": "B4CC8D37582107E60CB60A1558C35945C6E0D99A", "accentColor": "666666"}, {"webSearchUrl": "https:\/\/www.bing.com\/images\/search?view=detailv2&FORM=OIIRPO&q=logo&id=3D13940269366DDE24530EE880E9F0E72C3A3A21&simid=608035084649759118", "name": "Design a unique elegant and professional logo for $1 - SEOClerks", "thumbnailUrl": "https:\/\/tse1.mm.bing.net\/th?id=OIP.b8fxwVJw3QP_g5p8lLR7uAHaE8&pid=Api", "datePublished": "2021-01-18T01:34:00.0000000Z", "isFamilyFriendly": true, "contentUrl": "https:\/\/www.seoclerk.com\/pics\/000\/986\/397\/6fc7f1c15270dd03ff839a7c94b47bb8.jpg", "hostPageUrl": "https:\/\/www.seoclerk.com\/Graphics\/865641\/Design-a-unique-elegant-and-professional-logo", "contentSize": "2528115 B", "encodingFormat": "jpeg", "hostPageDisplayUrl": "https:\/\/www.seoclerk.com\/Graphics\/865641\/Design-a-unique-elegant-and-professional-logo", "width": 3000, "height": 2000, "hostPageFavIconUrl": "https:\/\/www.bing.com\/th?id=ODF.OS8QYyuv_aRs11DZr9MkUg&pid=Api", "hostPageDiscoveredDate": "2021-01-14T00:00:00.0000000Z", "thumbnail": {"width": 474, "height": 316}, "imageInsightsToken": "ccid_b8fxwVJw*cp_0FCB3A90034FB029CBFB2F3B769BEC05*mid_3D13940269366DDE24530EE880E9F0E72C3A3A21*simid_608035084649759118*thid_OIP.b8fxwVJw3QP!_g5p8lLR7uAHaE8", "insightsMetadata": {"pagesIncludingCount": 3, "availableSizesCount": 1}, "imageId": "3D13940269366DDE24530EE880E9F0E72C3A3A21", "accentColor": "1D84AE"}, {"webSearchUrl": "https:\/\/www.bing.com\/images\/search?view=detailv2&FORM=OIIRPO&q=logo&id=BAB90D117B8955AED4CC437CA04801586C368B02&simid=608031300792814522", "name": "Triumph Logo, symbol, meaning, history, PNG", "thumbnailUrl": "https:\/\/tse4.mm.bing.net\/th?id=OIP.cgeqQQMyGmrlNDBCRMj_4QHaEK&pid=Api", "datePublished": "2020-11-29T21:29:00.0000000Z", "isFamilyFriendly": true, "contentUrl": "https:\/\/logos-world.net\/wp-content\/uploads\/2020\/11\/Triumph-Logo.png", "hostPageUrl": "https:\/\/logos-world.net\/triumph-logo\/", "contentSize": "35219 B", "encodingFormat": "png", "hostPageDisplayUrl": "https:\/\/logos-world.net\/triumph-logo", "width": 3840, "height": 2160, "hostPageDiscoveredDate": "2020-11-29T21:29:45.0000000Z", "thumbnail": {"width": 474, "height": 266}, "imageInsightsToken": "ccid_cgeqQQMy*cp_F0931A293F6BD11FB54E2659C32B214D*mid_BAB90D117B8955AED4CC437CA04801586C368B02*simid_608031300792814522*thid_OIP.cgeqQQMyGmrlNDBCRMj!_4QHaEK", "insightsMetadata": {"pagesIncludingCount": 6, "availableSizesCount": 4}, "imageId": "BAB90D117B8955AED4CC437CA04801586C368B02", "accentColor": "1E1819"}], "queryExpansions": [{"text": "Logo Icon", "displayText": "Icon", "webSearchUrl": "https:\/\/www.bing.com\/images\/search?q=Logo+Icon&tq=%7b%22pq%22%3a%22logo%22%2c%22qs%22%3a%5b%7b%22cv%22%3a%22logo%22%2c%22pv%22%3a%22logo%22%2c%22hps%22%3afalse%2c%22iqp%22%3afalse%7d%2c%7b%22cv%22%3a%22Icon%22%2c%22pv%22%3a%22%22%2c%22hps%22%3afalse%2c%22iqp%22%3atrue%7d%5d%7d&FORM=IRPATC", "searchLink": "https:\/\/api.bing.microsoft.com\/api\/v7\/images\/search?q=Logo+Icon&tq=%7b%22pq%22%3a%22logo%22%2c%22qs%22%3a%5b%7b%22cv%22%3a%22logo%22%2c%22pv%22%3a%22logo%22%2c%22hps%22%3afalse%2c%22iqp%22%3afalse%7d%2c%7b%22cv%22%3a%22Icon%22%2c%22pv%22%3a%22%22%2c%22hps%22%3afalse%2c%22iqp%22%3atrue%7d%5d%7d", "thumbnail": {"thumbnailUrl": "https:\/\/tse3.mm.bing.net\/th?q=Logo+Icon&pid=Api&mkt=de-DE&cc=DE&setlang=de&adlt=moderate&t=1"}}, {"text": "Famous Logos", "displayText": "Famous", "webSearchUrl": "https:\/\/www.bing.com\/images\/search?q=Famous+Logos&tq=%7b%22pq%22%3a%22logo%22%2c%22qs%22%3a%5b%7b%22cv%22%3a%22logo%22%2c%22pv%22%3a%22logo%22%2c%22hps%22%3afalse%2c%22iqp%22%3afalse%7d%2c%7b%22cv%22%3a%22Famous%22%2c%22pv%22%3a%22%22%2c%22hps%22%3afalse%2c%22iqp%22%3atrue%7d%5d%7d&FORM=IRPATC", "searchLink": "https:\/\/api.bing.microsoft.com\/api\/v7\/images\/search?q=Famous+Logos&tq=%7b%22pq%22%3a%22logo%22%2c%22qs%22%3a%5b%7b%22cv%22%3a%22logo%22%2c%22pv%22%3a%22logo%22%2c%22hps%22%3afalse%2c%22iqp%22%3afalse%7d%2c%7b%22cv%22%3a%22Famous%22%2c%22pv%22%3a%22%22%2c%22hps%22%3afalse%2c%22iqp%22%3atrue%7d%5d%7d", "thumbnail": {"thumbnailUrl": "https:\/\/tse2.mm.bing.net\/th?q=Famous+Logos&pid=Api&mkt=de-DE&cc=DE&setlang=de&adlt=moderate&t=1"}}, {"text": "Logo Design", "displayText": "Design", "webSearchUrl": "https:\/\/www.bing.com\/images\/search?q=Logo+Design&tq=%7b%22pq%22%3a%22logo%22%2c%22qs%22%3a%5b%7b%22cv%22%3a%22logo%22%2c%22pv%22%3a%22logo%22%2c%22hps%22%3afalse%2c%22iqp%22%3afalse%7d%2c%7b%22cv%22%3a%22Design%22%2c%22pv%22%3a%22%22%2c%22hps%22%3afalse%2c%22iqp%22%3atrue%7d%5d%7d&FORM=IRPATC", "searchLink": "https:\/\/api.bing.microsoft.com\/api\/v7\/images\/search?q=Logo+Design&tq=%7b%22pq%22%3a%22logo%22%2c%22qs%22%3a%5b%7b%22cv%22%3a%22logo%22%2c%22pv%22%3a%22logo%22%2c%22hps%22%3afalse%2c%22iqp%22%3afalse%7d%2c%7b%22cv%22%3a%22Design%22%2c%22pv%22%3a%22%22%2c%22hps%22%3afalse%2c%22iqp%22%3atrue%7d%5d%7d", "thumbnail": {"thumbnailUrl": "https:\/\/tse4.mm.bing.net\/th?q=Logo+Design&pid=Api&mkt=de-DE&cc=DE&setlang=de&adlt=moderate&t=1"}}, {"text": "Simple Logos", "displayText": "Simple", "webSearchUrl": "https:\/\/www.bing.com\/images\/search?q=Simple+Logos&tq=%7b%22pq%22%3a%22logo%22%2c%22qs%22%3a%5b%7b%22cv%22%3a%22logo%22%2c%22pv%22%3a%22logo%22%2c%22hps%22%3afalse%2c%22iqp%22%3afalse%7d%2c%7b%22cv%22%3a%22Simple%22%2c%22pv%22%3a%22%22%2c%22hps%22%3afalse%2c%22iqp%22%3atrue%7d%5d%7d&FORM=IRPATC", "searchLink": "https:\/\/api.bing.microsoft.com\/api\/v7\/images\/search?q=Simple+Logos&tq=%7b%22pq%22%3a%22logo%22%2c%22qs%22%3a%5b%7b%22cv%22%3a%22logo%22%2c%22pv%22%3a%22logo%22%2c%22hps%22%3afalse%2c%22iqp%22%3afalse%7d%2c%7b%22cv%22%3a%22Simple%22%2c%22pv%22%3a%22%22%2c%22hps%22%3afalse%2c%22iqp%22%3atrue%7d%5d%7d", "thumbnail": {"thumbnailUrl": "https:\/\/tse1.mm.bing.net\/th?q=Simple+Logos&pid=Api&mkt=de-DE&cc=DE&setlang=de&adlt=moderate&t=1"}}, {"text": "Nike Logo", "displayText": "Nike", "webSearchUrl": "https:\/\/www.bing.com\/images\/search?q=Nike+Logo&tq=%7b%22pq%22%3a%22logo%22%2c%22qs%22%3a%5b%7b%22cv%22%3a%22logo%22%2c%22pv%22%3a%22logo%22%2c%22hps%22%3afalse%2c%22iqp%22%3afalse%7d%2c%7b%22cv%22%3a%22Nike%22%2c%22pv%22%3a%22%22%2c%22hps%22%3afalse%2c%22iqp%22%3atrue%7d%5d%7d&FORM=IRPATC", "searchLink": "https:\/\/api.bing.microsoft.com\/api\/v7\/images\/search?q=Nike+Logo&tq=%7b%22pq%22%3a%22logo%22%2c%22qs%22%3a%5b%7b%22cv%22%3a%22logo%22%2c%22pv%22%3a%22logo%22%2c%22hps%22%3afalse%2c%22iqp%22%3afalse%7d%2c%7b%22cv%22%3a%22Nike%22%2c%22pv%22%3a%22%22%2c%22hps%22%3afalse%2c%22iqp%22%3atrue%7d%5d%7d", "thumbnail": {"thumbnailUrl": "https:\/\/tse3.mm.bing.net\/th?q=Nike+Logo&pid=Api&mkt=de-DE&cc=DE&setlang=de&adlt=moderate&t=1"}}, {"text": "Free Logo", "displayText": "Free", "webSearchUrl": "https:\/\/www.bing.com\/images\/search?q=Free+Logo&tq=%7b%22pq%22%3a%22logo%22%2c%22qs%22%3a%5b%7b%22cv%22%3a%22logo%22%2c%22pv%22%3a%22logo%22%2c%22hps%22%3afalse%2c%22iqp%22%3afalse%7d%2c%7b%22cv%22%3a%22Free%22%2c%22pv%22%3a%22%22%2c%22hps%22%3afalse%2c%22iqp%22%3atrue%7d%5d%7d&FORM=IRPATC", "searchLink": "https:\/\/api.bing.microsoft.com\/api\/v7\/images\/search?q=Free+Logo&tq=%7b%22pq%22%3a%22logo%22%2c%22qs%22%3a%5b%7b%22cv%22%3a%22logo%22%2c%22pv%22%3a%22logo%22%2c%22hps%22%3afalse%2c%22iqp%22%3afalse%7d%2c%7b%22cv%22%3a%22Free%22%2c%22pv%22%3a%22%22%2c%22hps%22%3afalse%2c%22iqp%22%3atrue%7d%5d%7d", "thumbnail": {"thumbnailUrl": "https:\/\/tse2.mm.bing.net\/th?q=Free+Logo&pid=Api&mkt=de-DE&cc=DE&setlang=de&adlt=moderate&t=1"}}, {"text": "Sport Logo", "displayText": "Sport", "webSearchUrl": "https:\/\/www.bing.com\/images\/search?q=Sport+Logo&tq=%7b%22pq%22%3a%22logo%22%2c%22qs%22%3a%5b%7b%22cv%22%3a%22logo%22%2c%22pv%22%3a%22logo%22%2c%22hps%22%3afalse%2c%22iqp%22%3afalse%7d%2c%7b%22cv%22%3a%22Sport%22%2c%22pv%22%3a%22%22%2c%22hps%22%3afalse%2c%22iqp%22%3atrue%7d%5d%7d&FORM=IRPATC", "searchLink": "https:\/\/api.bing.microsoft.com\/api\/v7\/images\/search?q=Sport+Logo&tq=%7b%22pq%22%3a%22logo%22%2c%22qs%22%3a%5b%7b%22cv%22%3a%22logo%22%2c%22pv%22%3a%22logo%22%2c%22hps%22%3afalse%2c%22iqp%22%3afalse%7d%2c%7b%22cv%22%3a%22Sport%22%2c%22pv%22%3a%22%22%2c%22hps%22%3afalse%2c%22iqp%22%3atrue%7d%5d%7d", "thumbnail": {"thumbnailUrl": "https:\/\/tse2.mm.bing.net\/th?q=Sport+Logo&pid=Api&mkt=de-DE&cc=DE&setlang=de&adlt=moderate&t=1"}}, {"text": "Logo Template", "displayText": "Template", "webSearchUrl": "https:\/\/www.bing.com\/images\/search?q=Logo+Template&tq=%7b%22pq%22%3a%22logo%22%2c%22qs%22%3a%5b%7b%22cv%22%3a%22logo%22%2c%22pv%22%3a%22logo%22%2c%22hps%22%3afalse%2c%22iqp%22%3afalse%7d%2c%7b%22cv%22%3a%22Template%22%2c%22pv%22%3a%22%22%2c%22hps%22%3afalse%2c%22iqp%22%3atrue%7d%5d%7d&FORM=IRPATC", "searchLink": "https:\/\/api.bing.microsoft.com\/api\/v7\/images\/search?q=Logo+Template&tq=%7b%22pq%22%3a%22logo%22%2c%22qs%22%3a%5b%7b%22cv%22%3a%22logo%22%2c%22pv%22%3a%22logo%22%2c%22hps%22%3afalse%2c%22iqp%22%3afalse%7d%2c%7b%22cv%22%3a%22Template%22%2c%22pv%22%3a%22%22%2c%22hps%22%3afalse%2c%22iqp%22%3atrue%7d%5d%7d", "thumbnail": {"thumbnailUrl": "https:\/\/tse2.mm.bing.net\/th?q=Logo+Template&pid=Api&mkt=de-DE&cc=DE&setlang=de&adlt=moderate&t=1"}}, {"text": "MC Logo", "displayText": "MC", "webSearchUrl": "https:\/\/www.bing.com\/images\/search?q=MC+Logo&tq=%7b%22pq%22%3a%22logo%22%2c%22qs%22%3a%5b%7b%22cv%22%3a%22logo%22%2c%22pv%22%3a%22logo%22%2c%22hps%22%3afalse%2c%22iqp%22%3afalse%7d%2c%7b%22cv%22%3a%22MC%22%2c%22pv%22%3a%22%22%2c%22hps%22%3afalse%2c%22iqp%22%3atrue%7d%5d%7d&FORM=IRPATC", "searchLink": "https:\/\/api.bing.microsoft.com\/api\/v7\/images\/search?q=MC+Logo&tq=%7b%22pq%22%3a%22logo%22%2c%22qs%22%3a%5b%7b%22cv%22%3a%22logo%22%2c%22pv%22%3a%22logo%22%2c%22hps%22%3afalse%2c%22iqp%22%3afalse%7d%2c%7b%22cv%22%3a%22MC%22%2c%22pv%22%3a%22%22%2c%22hps%22%3afalse%2c%22iqp%22%3atrue%7d%5d%7d", "thumbnail": {"thumbnailUrl": "https:\/\/tse2.mm.bing.net\/th?q=MC+Logo&pid=Api&mkt=de-DE&cc=DE&setlang=de&adlt=moderate&t=1"}}, {"text": "Company Logo", "displayText": "Company", "webSearchUrl": "https:\/\/www.bing.com\/images\/search?q=Company+Logo&tq=%7b%22pq%22%3a%22logo%22%2c%22qs%22%3a%5b%7b%22cv%22%3a%22logo%22%2c%22pv%22%3a%22logo%22%2c%22hps%22%3afalse%2c%22iqp%22%3afalse%7d%2c%7b%22cv%22%3a%22Company%22%2c%22pv%22%3a%22%22%2c%22hps%22%3afalse%2c%22iqp%22%3atrue%7d%5d%7d&FORM=IRPATC", "searchLink": "https:\/\/api.bing.microsoft.com\/api\/v7\/images\/search?q=Company+Logo&tq=%7b%22pq%22%3a%22logo%22%2c%22qs%22%3a%5b%7b%22cv%22%3a%22logo%22%2c%22pv%22%3a%22logo%22%2c%22hps%22%3afalse%2c%22iqp%22%3afalse%7d%2c%7b%22cv%22%3a%22Company%22%2c%22pv%22%3a%22%22%2c%22hps%22%3afalse%2c%22iqp%22%3atrue%7d%5d%7d", "thumbnail": {"thumbnailUrl": "https:\/\/tse1.mm.bing.net\/th?q=Company+Logo&pid=Api&mkt=de-DE&cc=DE&setlang=de&adlt=moderate&t=1"}}, {"text": "Apple Logo", "displayText": "Apple", "webSearchUrl": "https:\/\/www.bing.com\/images\/search?q=Apple+Logo&tq=%7b%22pq%22%3a%22logo%22%2c%22qs%22%3a%5b%7b%22cv%22%3a%22logo%22%2c%22pv%22%3a%22logo%22%2c%22hps%22%3afalse%2c%22iqp%22%3afalse%7d%2c%7b%22cv%22%3a%22Apple%22%2c%22pv%22%3a%22%22%2c%22hps%22%3afalse%2c%22iqp%22%3atrue%7d%5d%7d&FORM=IRPATC", "searchLink": "https:\/\/api.bing.microsoft.com\/api\/v7\/images\/search?q=Apple+Logo&tq=%7b%22pq%22%3a%22logo%22%2c%22qs%22%3a%5b%7b%22cv%22%3a%22logo%22%2c%22pv%22%3a%22logo%22%2c%22hps%22%3afalse%2c%22iqp%22%3afalse%7d%2c%7b%22cv%22%3a%22Apple%22%2c%22pv%22%3a%22%22%2c%22hps%22%3afalse%2c%22iqp%22%3atrue%7d%5d%7d", "thumbnail": {"thumbnailUrl": "https:\/\/tse4.mm.bing.net\/th?q=Apple+Logo&pid=Api&mkt=de-DE&cc=DE&setlang=de&adlt=moderate&t=1"}}, {"text": "Adidas Logo", "displayText": "Adidas", "webSearchUrl": "https:\/\/www.bing.com\/images\/search?q=Adidas+Logo&tq=%7b%22pq%22%3a%22logo%22%2c%22qs%22%3a%5b%7b%22cv%22%3a%22logo%22%2c%22pv%22%3a%22logo%22%2c%22hps%22%3afalse%2c%22iqp%22%3afalse%7d%2c%7b%22cv%22%3a%22Adidas%22%2c%22pv%22%3a%22%22%2c%22hps%22%3afalse%2c%22iqp%22%3atrue%7d%5d%7d&FORM=IRPATC", "searchLink": "https:\/\/api.bing.microsoft.com\/api\/v7\/images\/search?q=Adidas+Logo&tq=%7b%22pq%22%3a%22logo%22%2c%22qs%22%3a%5b%7b%22cv%22%3a%22logo%22%2c%22pv%22%3a%22logo%22%2c%22hps%22%3afalse%2c%22iqp%22%3afalse%7d%2c%7b%22cv%22%3a%22Adidas%22%2c%22pv%22%3a%22%22%2c%22hps%22%3afalse%2c%22iqp%22%3atrue%7d%5d%7d", "thumbnail": {"thumbnailUrl": "https:\/\/tse2.mm.bing.net\/th?q=Adidas+Logo&pid=Api&mkt=de-DE&cc=DE&setlang=de&adlt=moderate&t=1"}}, {"text": "Logo Creator", "displayText": "Creator", "webSearchUrl": "https:\/\/www.bing.com\/images\/search?q=Logo+Creator&tq=%7b%22pq%22%3a%22logo%22%2c%22qs%22%3a%5b%7b%22cv%22%3a%22logo%22%2c%22pv%22%3a%22logo%22%2c%22hps%22%3afalse%2c%22iqp%22%3afalse%7d%2c%7b%22cv%22%3a%22Creator%22%2c%22pv%22%3a%22%22%2c%22hps%22%3afalse%2c%22iqp%22%3atrue%7d%5d%7d&FORM=IRPATC", "searchLink": "https:\/\/api.bing.microsoft.com\/api\/v7\/images\/search?q=Logo+Creator&tq=%7b%22pq%22%3a%22logo%22%2c%22qs%22%3a%5b%7b%22cv%22%3a%22logo%22%2c%22pv%22%3a%22logo%22%2c%22hps%22%3afalse%2c%22iqp%22%3afalse%7d%2c%7b%22cv%22%3a%22Creator%22%2c%22pv%22%3a%22%22%2c%22hps%22%3afalse%2c%22iqp%22%3atrue%7d%5d%7d", "thumbnail": {"thumbnailUrl": "https:\/\/tse2.mm.bing.net\/th?q=Logo+Creator&pid=Api&mkt=de-DE&cc=DE&setlang=de&adlt=moderate&t=1"}}, {"text": "Shield Logo", "displayText": "Shield", "webSearchUrl": "https:\/\/www.bing.com\/images\/search?q=Shield+Logo&tq=%7b%22pq%22%3a%22logo%22%2c%22qs%22%3a%5b%7b%22cv%22%3a%22logo%22%2c%22pv%22%3a%22logo%22%2c%22hps%22%3afalse%2c%22iqp%22%3afalse%7d%2c%7b%22cv%22%3a%22Shield%22%2c%22pv%22%3a%22%22%2c%22hps%22%3afalse%2c%22iqp%22%3atrue%7d%5d%7d&FORM=IRPATC", "searchLink": "https:\/\/api.bing.microsoft.com\/api\/v7\/images\/search?q=Shield+Logo&tq=%7b%22pq%22%3a%22logo%22%2c%22qs%22%3a%5b%7b%22cv%22%3a%22logo%22%2c%22pv%22%3a%22logo%22%2c%22hps%22%3afalse%2c%22iqp%22%3afalse%7d%2c%7b%22cv%22%3a%22Shield%22%2c%22pv%22%3a%22%22%2c%22hps%22%3afalse%2c%22iqp%22%3atrue%7d%5d%7d", "thumbnail": {"thumbnailUrl": "https:\/\/tse3.mm.bing.net\/th?q=Shield+Logo&pid=Api&mkt=de-DE&cc=DE&setlang=de&adlt=moderate&t=1"}}, {"text": "FirmenLogo", "displayText": "Firmen", "webSearchUrl": "https:\/\/www.bing.com\/images\/search?q=FirmenLogo&tq=%7b%22pq%22%3a%22logo%22%2c%22qs%22%3a%5b%7b%22cv%22%3a%22logo%22%2c%22pv%22%3a%22logo%22%2c%22hps%22%3afalse%2c%22iqp%22%3afalse%7d%2c%7b%22cv%22%3a%22Firmen%22%2c%22pv%22%3a%22%22%2c%22hps%22%3afalse%2c%22iqp%22%3atrue%7d%5d%7d&FORM=IRPATC", "searchLink": "https:\/\/api.bing.microsoft.com\/api\/v7\/images\/search?q=FirmenLogo&tq=%7b%22pq%22%3a%22logo%22%2c%22qs%22%3a%5b%7b%22cv%22%3a%22logo%22%2c%22pv%22%3a%22logo%22%2c%22hps%22%3afalse%2c%22iqp%22%3afalse%7d%2c%7b%22cv%22%3a%22Firmen%22%2c%22pv%22%3a%22%22%2c%22hps%22%3afalse%2c%22iqp%22%3atrue%7d%5d%7d", "thumbnail": {"thumbnailUrl": "https:\/\/tse3.mm.bing.net\/th?q=FirmenLogo&pid=Api&mkt=de-DE&cc=DE&setlang=de&adlt=moderate&t=1"}}, {"text": "Mode Logo", "displayText": "Mode", "webSearchUrl": "https:\/\/www.bing.com\/images\/search?q=Mode+Logo&tq=%7b%22pq%22%3a%22logo%22%2c%22qs%22%3a%5b%7b%22cv%22%3a%22logo%22%2c%22pv%22%3a%22logo%22%2c%22hps%22%3afalse%2c%22iqp%22%3afalse%7d%2c%7b%22cv%22%3a%22Mode%22%2c%22pv%22%3a%22%22%2c%22hps%22%3afalse%2c%22iqp%22%3atrue%7d%5d%7d&FORM=IRPATC", "searchLink": "https:\/\/api.bing.microsoft.com\/api\/v7\/images\/search?q=Mode+Logo&tq=%7b%22pq%22%3a%22logo%22%2c%22qs%22%3a%5b%7b%22cv%22%3a%22logo%22%2c%22pv%22%3a%22logo%22%2c%22hps%22%3afalse%2c%22iqp%22%3afalse%7d%2c%7b%22cv%22%3a%22Mode%22%2c%22pv%22%3a%22%22%2c%22hps%22%3afalse%2c%22iqp%22%3atrue%7d%5d%7d", "thumbnail": {"thumbnailUrl": "https:\/\/tse1.mm.bing.net\/th?q=Mode+Logo&pid=Api&mkt=de-DE&cc=DE&setlang=de&adlt=moderate&t=1"}}, {"text": "BMW Logo", "displayText": "BMW", "webSearchUrl": "https:\/\/www.bing.com\/images\/search?q=BMW+Logo&tq=%7b%22pq%22%3a%22logo%22%2c%22qs%22%3a%5b%7b%22cv%22%3a%22logo%22%2c%22pv%22%3a%22logo%22%2c%22hps%22%3afalse%2c%22iqp%22%3afalse%7d%2c%7b%22cv%22%3a%22BMW%22%2c%22pv%22%3a%22%22%2c%22hps%22%3afalse%2c%22iqp%22%3atrue%7d%5d%7d&FORM=IRPATC", "searchLink": "https:\/\/api.bing.microsoft.com\/api\/v7\/images\/search?q=BMW+Logo&tq=%7b%22pq%22%3a%22logo%22%2c%22qs%22%3a%5b%7b%22cv%22%3a%22logo%22%2c%22pv%22%3a%22logo%22%2c%22hps%22%3afalse%2c%22iqp%22%3afalse%7d%2c%7b%22cv%22%3a%22BMW%22%2c%22pv%22%3a%22%22%2c%22hps%22%3afalse%2c%22iqp%22%3atrue%7d%5d%7d", "thumbnail": {"thumbnailUrl": "https:\/\/tse4.mm.bing.net\/th?q=BMW+Logo&pid=Api&mkt=de-DE&cc=DE&setlang=de&adlt=moderate&t=1"}}, {"text": "Black Logo", "displayText": "Black", "webSearchUrl": "https:\/\/www.bing.com\/images\/search?q=Black+Logo&tq=%7b%22pq%22%3a%22logo%22%2c%22qs%22%3a%5b%7b%22cv%22%3a%22logo%22%2c%22pv%22%3a%22logo%22%2c%22hps%22%3afalse%2c%22iqp%22%3afalse%7d%2c%7b%22cv%22%3a%22Black%22%2c%22pv%22%3a%22%22%2c%22hps%22%3afalse%2c%22iqp%22%3atrue%7d%5d%7d&FORM=IRPATC", "searchLink": "https:\/\/api.bing.microsoft.com\/api\/v7\/images\/search?q=Black+Logo&tq=%7b%22pq%22%3a%22logo%22%2c%22qs%22%3a%5b%7b%22cv%22%3a%22logo%22%2c%22pv%22%3a%22logo%22%2c%22hps%22%3afalse%2c%22iqp%22%3afalse%7d%2c%7b%22cv%22%3a%22Black%22%2c%22pv%22%3a%22%22%2c%22hps%22%3afalse%2c%22iqp%22%3atrue%7d%5d%7d", "thumbnail": {"thumbnailUrl": "https:\/\/tse1.mm.bing.net\/th?q=Black+Logo&pid=Api&mkt=de-DE&cc=DE&setlang=de&adlt=moderate&t=1"}}, {"text": "Logos Example", "displayText": "Example", "webSearchUrl": "https:\/\/www.bing.com\/images\/search?q=Logos+Example&tq=%7b%22pq%22%3a%22logo%22%2c%22qs%22%3a%5b%7b%22cv%22%3a%22logo%22%2c%22pv%22%3a%22logo%22%2c%22hps%22%3afalse%2c%22iqp%22%3afalse%7d%2c%7b%22cv%22%3a%22Example%22%2c%22pv%22%3a%22%22%2c%22hps%22%3afalse%2c%22iqp%22%3atrue%7d%5d%7d&FORM=IRPATC", "searchLink": "https:\/\/api.bing.microsoft.com\/api\/v7\/images\/search?q=Logos+Example&tq=%7b%22pq%22%3a%22logo%22%2c%22qs%22%3a%5b%7b%22cv%22%3a%22logo%22%2c%22pv%22%3a%22logo%22%2c%22hps%22%3afalse%2c%22iqp%22%3afalse%7d%2c%7b%22cv%22%3a%22Example%22%2c%22pv%22%3a%22%22%2c%22hps%22%3afalse%2c%22iqp%22%3atrue%7d%5d%7d", "thumbnail": {"thumbnailUrl": "https:\/\/tse1.mm.bing.net\/th?q=Logos+Example&pid=Api&mkt=de-DE&cc=DE&setlang=de&adlt=moderate&t=1"}}, {"text": "ESport Logo", "displayText": "E-Sport", "webSearchUrl": "https:\/\/www.bing.com\/images\/search?q=ESport+Logo&tq=%7b%22pq%22%3a%22logo%22%2c%22qs%22%3a%5b%7b%22cv%22%3a%22logo%22%2c%22pv%22%3a%22logo%22%2c%22hps%22%3afalse%2c%22iqp%22%3afalse%7d%2c%7b%22cv%22%3a%22E-Sport%22%2c%22pv%22%3a%22%22%2c%22hps%22%3afalse%2c%22iqp%22%3atrue%7d%5d%7d&FORM=IRPATC", "searchLink": "https:\/\/api.bing.microsoft.com\/api\/v7\/images\/search?q=ESport+Logo&tq=%7b%22pq%22%3a%22logo%22%2c%22qs%22%3a%5b%7b%22cv%22%3a%22logo%22%2c%22pv%22%3a%22logo%22%2c%22hps%22%3afalse%2c%22iqp%22%3afalse%7d%2c%7b%22cv%22%3a%22E-Sport%22%2c%22pv%22%3a%22%22%2c%22hps%22%3afalse%2c%22iqp%22%3atrue%7d%5d%7d", "thumbnail": {"thumbnailUrl": "https:\/\/tse1.mm.bing.net\/th?q=ESport+Logo&pid=Api&mkt=de-DE&cc=DE&setlang=de&adlt=moderate&t=1"}}, {"text": "Brand Logo", "displayText": "Brand", "webSearchUrl": "https:\/\/www.bing.com\/images\/search?q=Brand+Logo&tq=%7b%22pq%22%3a%22logo%22%2c%22qs%22%3a%5b%7b%22cv%22%3a%22logo%22%2c%22pv%22%3a%22logo%22%2c%22hps%22%3afalse%2c%22iqp%22%3afalse%7d%2c%7b%22cv%22%3a%22Brand%22%2c%22pv%22%3a%22%22%2c%22hps%22%3afalse%2c%22iqp%22%3atrue%7d%5d%7d&FORM=IRPATC", "searchLink": "https:\/\/api.bing.microsoft.com\/api\/v7\/images\/search?q=Brand+Logo&tq=%7b%22pq%22%3a%22logo%22%2c%22qs%22%3a%5b%7b%22cv%22%3a%22logo%22%2c%22pv%22%3a%22logo%22%2c%22hps%22%3afalse%2c%22iqp%22%3afalse%7d%2c%7b%22cv%22%3a%22Brand%22%2c%22pv%22%3a%22%22%2c%22hps%22%3afalse%2c%22iqp%22%3atrue%7d%5d%7d", "thumbnail": {"thumbnailUrl": "https:\/\/tse3.mm.bing.net\/th?q=Brand+Logo&pid=Api&mkt=de-DE&cc=DE&setlang=de&adlt=moderate&t=1"}}, {"text": "Restaurant Logo", "displayText": "Restaurant", "webSearchUrl": "https:\/\/www.bing.com\/images\/search?q=Restaurant+Logo&tq=%7b%22pq%22%3a%22logo%22%2c%22qs%22%3a%5b%7b%22cv%22%3a%22logo%22%2c%22pv%22%3a%22logo%22%2c%22hps%22%3afalse%2c%22iqp%22%3afalse%7d%2c%7b%22cv%22%3a%22Restaurant%22%2c%22pv%22%3a%22%22%2c%22hps%22%3afalse%2c%22iqp%22%3atrue%7d%5d%7d&FORM=IRPATC", "searchLink": "https:\/\/api.bing.microsoft.com\/api\/v7\/images\/search?q=Restaurant+Logo&tq=%7b%22pq%22%3a%22logo%22%2c%22qs%22%3a%5b%7b%22cv%22%3a%22logo%22%2c%22pv%22%3a%22logo%22%2c%22hps%22%3afalse%2c%22iqp%22%3afalse%7d%2c%7b%22cv%22%3a%22Restaurant%22%2c%22pv%22%3a%22%22%2c%22hps%22%3afalse%2c%22iqp%22%3atrue%7d%5d%7d", "thumbnail": {"thumbnailUrl": "https:\/\/tse1.mm.bing.net\/th?q=Restaurant+Logo&pid=Api&mkt=de-DE&cc=DE&setlang=de&adlt=moderate&t=1"}}, {"text": "Logo Ideen", "displayText": "Ideen", "webSearchUrl": "https:\/\/www.bing.com\/images\/search?q=Logo+Ideen&tq=%7b%22pq%22%3a%22logo%22%2c%22qs%22%3a%5b%7b%22cv%22%3a%22logo%22%2c%22pv%22%3a%22logo%22%2c%22hps%22%3afalse%2c%22iqp%22%3afalse%7d%2c%7b%22cv%22%3a%22Ideen%22%2c%22pv%22%3a%22%22%2c%22hps%22%3afalse%2c%22iqp%22%3atrue%7d%5d%7d&FORM=IRPATC", "searchLink": "https:\/\/api.bing.microsoft.com\/api\/v7\/images\/search?q=Logo+Ideen&tq=%7b%22pq%22%3a%22logo%22%2c%22qs%22%3a%5b%7b%22cv%22%3a%22logo%22%2c%22pv%22%3a%22logo%22%2c%22hps%22%3afalse%2c%22iqp%22%3afalse%7d%2c%7b%22cv%22%3a%22Ideen%22%2c%22pv%22%3a%22%22%2c%22hps%22%3afalse%2c%22iqp%22%3atrue%7d%5d%7d", "thumbnail": {"thumbnailUrl": "https:\/\/tse3.mm.bing.net\/th?q=Logo+Ideen&pid=Api&mkt=de-DE&cc=DE&setlang=de&adlt=moderate&t=1"}}, {"text": "Werbung Logo", "displayText": "Werbung", "webSearchUrl": "https:\/\/www.bing.com\/images\/search?q=Werbung+Logo&tq=%7b%22pq%22%3a%22logo%22%2c%22qs%22%3a%5b%7b%22cv%22%3a%22logo%22%2c%22pv%22%3a%22logo%22%2c%22hps%22%3afalse%2c%22iqp%22%3afalse%7d%2c%7b%22cv%22%3a%22Werbung%22%2c%22pv%22%3a%22%22%2c%22hps%22%3afalse%2c%22iqp%22%3atrue%7d%5d%7d&FORM=IRPATC", "searchLink": "https:\/\/api.bing.microsoft.com\/api\/v7\/images\/search?q=Werbung+Logo&tq=%7b%22pq%22%3a%22logo%22%2c%22qs%22%3a%5b%7b%22cv%22%3a%22logo%22%2c%22pv%22%3a%22logo%22%2c%22hps%22%3afalse%2c%22iqp%22%3afalse%7d%2c%7b%22cv%22%3a%22Werbung%22%2c%22pv%22%3a%22%22%2c%22hps%22%3afalse%2c%22iqp%22%3atrue%7d%5d%7d", "thumbnail": {"thumbnailUrl": "https:\/\/tse4.mm.bing.net\/th?q=Werbung+Logo&pid=Api&mkt=de-DE&cc=DE&setlang=de&adlt=moderate&t=1"}}, {"text": "Business Logo", "displayText": "Business", "webSearchUrl": "https:\/\/www.bing.com\/images\/search?q=Business+Logo&tq=%7b%22pq%22%3a%22logo%22%2c%22qs%22%3a%5b%7b%22cv%22%3a%22logo%22%2c%22pv%22%3a%22logo%22%2c%22hps%22%3afalse%2c%22iqp%22%3afalse%7d%2c%7b%22cv%22%3a%22Business%22%2c%22pv%22%3a%22%22%2c%22hps%22%3afalse%2c%22iqp%22%3atrue%7d%5d%7d&FORM=IRPATC", "searchLink": "https:\/\/api.bing.microsoft.com\/api\/v7\/images\/search?q=Business+Logo&tq=%7b%22pq%22%3a%22logo%22%2c%22qs%22%3a%5b%7b%22cv%22%3a%22logo%22%2c%22pv%22%3a%22logo%22%2c%22hps%22%3afalse%2c%22iqp%22%3afalse%7d%2c%7b%22cv%22%3a%22Business%22%2c%22pv%22%3a%22%22%2c%22hps%22%3afalse%2c%22iqp%22%3atrue%7d%5d%7d", "thumbnail": {"thumbnailUrl": "https:\/\/tse2.mm.bing.net\/th?q=Business+Logo&pid=Api&mkt=de-DE&cc=DE&setlang=de&adlt=moderate&t=1"}}, {"text": "Animal Logo", "displayText": "Animal", "webSearchUrl": "https:\/\/www.bing.com\/images\/search?q=Animal+Logo&tq=%7b%22pq%22%3a%22logo%22%2c%22qs%22%3a%5b%7b%22cv%22%3a%22logo%22%2c%22pv%22%3a%22logo%22%2c%22hps%22%3afalse%2c%22iqp%22%3afalse%7d%2c%7b%22cv%22%3a%22Animal%22%2c%22pv%22%3a%22%22%2c%22hps%22%3afalse%2c%22iqp%22%3atrue%7d%5d%7d&FORM=IRPATC", "searchLink": "https:\/\/api.bing.microsoft.com\/api\/v7\/images\/search?q=Animal+Logo&tq=%7b%22pq%22%3a%22logo%22%2c%22qs%22%3a%5b%7b%22cv%22%3a%22logo%22%2c%22pv%22%3a%22logo%22%2c%22hps%22%3afalse%2c%22iqp%22%3afalse%7d%2c%7b%22cv%22%3a%22Animal%22%2c%22pv%22%3a%22%22%2c%22hps%22%3afalse%2c%22iqp%22%3atrue%7d%5d%7d", "thumbnail": {"thumbnailUrl": "https:\/\/tse4.mm.bing.net\/th?q=Animal+Logo&pid=Api&mkt=de-DE&cc=DE&setlang=de&adlt=moderate&t=1"}}, {"text": "Logo Erstellen", "displayText": "Erstellen", "webSearchUrl": "https:\/\/www.bing.com\/images\/search?q=Logo+Erstellen&tq=%7b%22pq%22%3a%22logo%22%2c%22qs%22%3a%5b%7b%22cv%22%3a%22logo%22%2c%22pv%22%3a%22logo%22%2c%22hps%22%3afalse%2c%22iqp%22%3afalse%7d%2c%7b%22cv%22%3a%22Erstellen%22%2c%22pv%22%3a%22%22%2c%22hps%22%3afalse%2c%22iqp%22%3atrue%7d%5d%7d&FORM=IRPATC", "searchLink": "https:\/\/api.bing.microsoft.com\/api\/v7\/images\/search?q=Logo+Erstellen&tq=%7b%22pq%22%3a%22logo%22%2c%22qs%22%3a%5b%7b%22cv%22%3a%22logo%22%2c%22pv%22%3a%22logo%22%2c%22hps%22%3afalse%2c%22iqp%22%3afalse%7d%2c%7b%22cv%22%3a%22Erstellen%22%2c%22pv%22%3a%22%22%2c%22hps%22%3afalse%2c%22iqp%22%3atrue%7d%5d%7d", "thumbnail": {"thumbnailUrl": "https:\/\/tse4.mm.bing.net\/th?q=Logo+Erstellen&pid=Api&mkt=de-DE&cc=DE&setlang=de&adlt=moderate&t=1"}}, {"text": "Gaming Logo", "displayText": "Gaming", "webSearchUrl": "https:\/\/www.bing.com\/images\/search?q=Gaming+Logo&tq=%7b%22pq%22%3a%22logo%22%2c%22qs%22%3a%5b%7b%22cv%22%3a%22logo%22%2c%22pv%22%3a%22logo%22%2c%22hps%22%3afalse%2c%22iqp%22%3afalse%7d%2c%7b%22cv%22%3a%22Gaming%22%2c%22pv%22%3a%22%22%2c%22hps%22%3afalse%2c%22iqp%22%3atrue%7d%5d%7d&FORM=IRPATC", "searchLink": "https:\/\/api.bing.microsoft.com\/api\/v7\/images\/search?q=Gaming+Logo&tq=%7b%22pq%22%3a%22logo%22%2c%22qs%22%3a%5b%7b%22cv%22%3a%22logo%22%2c%22pv%22%3a%22logo%22%2c%22hps%22%3afalse%2c%22iqp%22%3afalse%7d%2c%7b%22cv%22%3a%22Gaming%22%2c%22pv%22%3a%22%22%2c%22hps%22%3afalse%2c%22iqp%22%3atrue%7d%5d%7d", "thumbnail": {"thumbnailUrl": "https:\/\/tse3.mm.bing.net\/th?q=Gaming+Logo&pid=Api&mkt=de-DE&cc=DE&setlang=de&adlt=moderate&t=1"}}, {"text": "Game Logo", "displayText": "Game", "webSearchUrl": "https:\/\/www.bing.com\/images\/search?q=Game+Logo&tq=%7b%22pq%22%3a%22logo%22%2c%22qs%22%3a%5b%7b%22cv%22%3a%22logo%22%2c%22pv%22%3a%22logo%22%2c%22hps%22%3afalse%2c%22iqp%22%3afalse%7d%2c%7b%22cv%22%3a%22Game%22%2c%22pv%22%3a%22%22%2c%22hps%22%3afalse%2c%22iqp%22%3atrue%7d%5d%7d&FORM=IRPATC", "searchLink": "https:\/\/api.bing.microsoft.com\/api\/v7\/images\/search?q=Game+Logo&tq=%7b%22pq%22%3a%22logo%22%2c%22qs%22%3a%5b%7b%22cv%22%3a%22logo%22%2c%22pv%22%3a%22logo%22%2c%22hps%22%3afalse%2c%22iqp%22%3afalse%7d%2c%7b%22cv%22%3a%22Game%22%2c%22pv%22%3a%22%22%2c%22hps%22%3afalse%2c%22iqp%22%3atrue%7d%5d%7d", "thumbnail": {"thumbnailUrl": "https:\/\/tse4.mm.bing.net\/th?q=Game+Logo&pid=Api&mkt=de-DE&cc=DE&setlang=de&adlt=moderate&t=1"}}, {"text": "Clan Logo", "displayText": "Clan", "webSearchUrl": "https:\/\/www.bing.com\/images\/search?q=Clan+Logo&tq=%7b%22pq%22%3a%22logo%22%2c%22qs%22%3a%5b%7b%22cv%22%3a%22logo%22%2c%22pv%22%3a%22logo%22%2c%22hps%22%3afalse%2c%22iqp%22%3afalse%7d%2c%7b%22cv%22%3a%22Clan%22%2c%22pv%22%3a%22%22%2c%22hps%22%3afalse%2c%22iqp%22%3atrue%7d%5d%7d&FORM=IRPATC", "searchLink": "https:\/\/api.bing.microsoft.com\/api\/v7\/images\/search?q=Clan+Logo&tq=%7b%22pq%22%3a%22logo%22%2c%22qs%22%3a%5b%7b%22cv%22%3a%22logo%22%2c%22pv%22%3a%22logo%22%2c%22hps%22%3afalse%2c%22iqp%22%3afalse%7d%2c%7b%22cv%22%3a%22Clan%22%2c%22pv%22%3a%22%22%2c%22hps%22%3afalse%2c%22iqp%22%3atrue%7d%5d%7d", "thumbnail": {"thumbnailUrl": "https:\/\/tse2.mm.bing.net\/th?q=Clan+Logo&pid=Api&mkt=de-DE&cc=DE&setlang=de&adlt=moderate&t=1"}}, {"text": "Logo Generator", "displayText": "Generator", "webSearchUrl": "https:\/\/www.bing.com\/images\/search?q=Logo+Generator&tq=%7b%22pq%22%3a%22logo%22%2c%22qs%22%3a%5b%7b%22cv%22%3a%22logo%22%2c%22pv%22%3a%22logo%22%2c%22hps%22%3afalse%2c%22iqp%22%3afalse%7d%2c%7b%22cv%22%3a%22Generator%22%2c%22pv%22%3a%22%22%2c%22hps%22%3afalse%2c%22iqp%22%3atrue%7d%5d%7d&FORM=IRPATC", "searchLink": "https:\/\/api.bing.microsoft.com\/api\/v7\/images\/search?q=Logo+Generator&tq=%7b%22pq%22%3a%22logo%22%2c%22qs%22%3a%5b%7b%22cv%22%3a%22logo%22%2c%22pv%22%3a%22logo%22%2c%22hps%22%3afalse%2c%22iqp%22%3afalse%7d%2c%7b%22cv%22%3a%22Generator%22%2c%22pv%22%3a%22%22%2c%22hps%22%3afalse%2c%22iqp%22%3atrue%7d%5d%7d", "thumbnail": {"thumbnailUrl": "https:\/\/tse1.mm.bing.net\/th?q=Logo+Generator&pid=Api&mkt=de-DE&cc=DE&setlang=de&adlt=moderate&t=1"}}, {"text": "Bild Logo", "displayText": "Bild", "webSearchUrl": "https:\/\/www.bing.com\/images\/search?q=Bild+Logo&tq=%7b%22pq%22%3a%22logo%22%2c%22qs%22%3a%5b%7b%22cv%22%3a%22logo%22%2c%22pv%22%3a%22logo%22%2c%22hps%22%3afalse%2c%22iqp%22%3afalse%7d%2c%7b%22cv%22%3a%22Bild%22%2c%22pv%22%3a%22%22%2c%22hps%22%3afalse%2c%22iqp%22%3atrue%7d%5d%7d&FORM=IRPATC", "searchLink": "https:\/\/api.bing.microsoft.com\/api\/v7\/images\/search?q=Bild+Logo&tq=%7b%22pq%22%3a%22logo%22%2c%22qs%22%3a%5b%7b%22cv%22%3a%22logo%22%2c%22pv%22%3a%22logo%22%2c%22hps%22%3afalse%2c%22iqp%22%3afalse%7d%2c%7b%22cv%22%3a%22Bild%22%2c%22pv%22%3a%22%22%2c%22hps%22%3afalse%2c%22iqp%22%3atrue%7d%5d%7d", "thumbnail": {"thumbnailUrl": "https:\/\/tse3.mm.bing.net\/th?q=Bild+Logo&pid=Api&mkt=de-DE&cc=DE&setlang=de&adlt=moderate&t=1"}}, {"text": "Bike Logo", "displayText": "Bike", "webSearchUrl": "https:\/\/www.bing.com\/images\/search?q=Bike+Logo&tq=%7b%22pq%22%3a%22logo%22%2c%22qs%22%3a%5b%7b%22cv%22%3a%22logo%22%2c%22pv%22%3a%22logo%22%2c%22hps%22%3afalse%2c%22iqp%22%3afalse%7d%2c%7b%22cv%22%3a%22Bike%22%2c%22pv%22%3a%22%22%2c%22hps%22%3afalse%2c%22iqp%22%3atrue%7d%5d%7d&FORM=IRPATC", "searchLink": "https:\/\/api.bing.microsoft.com\/api\/v7\/images\/search?q=Bike+Logo&tq=%7b%22pq%22%3a%22logo%22%2c%22qs%22%3a%5b%7b%22cv%22%3a%22logo%22%2c%22pv%22%3a%22logo%22%2c%22hps%22%3afalse%2c%22iqp%22%3afalse%7d%2c%7b%22cv%22%3a%22Bike%22%2c%22pv%22%3a%22%22%2c%22hps%22%3afalse%2c%22iqp%22%3atrue%7d%5d%7d", "thumbnail": {"thumbnailUrl": "https:\/\/tse3.mm.bing.net\/th?q=Bike+Logo&pid=Api&mkt=de-DE&cc=DE&setlang=de&adlt=moderate&t=1"}}, {"text": "Logo Vorlage", "displayText": "Vorlage", "webSearchUrl": "https:\/\/www.bing.com\/images\/search?q=Logo+Vorlage&tq=%7b%22pq%22%3a%22logo%22%2c%22qs%22%3a%5b%7b%22cv%22%3a%22logo%22%2c%22pv%22%3a%22logo%22%2c%22hps%22%3afalse%2c%22iqp%22%3afalse%7d%2c%7b%22cv%22%3a%22Vorlage%22%2c%22pv%22%3a%22%22%2c%22hps%22%3afalse%2c%22iqp%22%3atrue%7d%5d%7d&FORM=IRPATC", "searchLink": "https:\/\/api.bing.microsoft.com\/api\/v7\/images\/search?q=Logo+Vorlage&tq=%7b%22pq%22%3a%22logo%22%2c%22qs%22%3a%5b%7b%22cv%22%3a%22logo%22%2c%22pv%22%3a%22logo%22%2c%22hps%22%3afalse%2c%22iqp%22%3afalse%7d%2c%7b%22cv%22%3a%22Vorlage%22%2c%22pv%22%3a%22%22%2c%22hps%22%3afalse%2c%22iqp%22%3atrue%7d%5d%7d", "thumbnail": {"thumbnailUrl": "https:\/\/tse4.mm.bing.net\/th?q=Logo+Vorlage&pid=Api&mkt=de-DE&cc=DE&setlang=de&adlt=moderate&t=1"}}], "pivotSuggestions": [{"pivot": "logo", "suggestions": []}], "relatedSearches": [{"text": "Logo Icon", "displayText": "Logo Icon", "webSearchUrl": "https:\/\/www.bing.com\/images\/search?q=Logo+Icon&FORM=IRPATC", "searchLink": "https:\/\/api.bing.microsoft.com\/api\/v7\/images\/search?q=Logo+Icon", "thumbnail": {"thumbnailUrl": "https:\/\/tse3.mm.bing.net\/th?q=Logo+Icon&pid=Api&mkt=de-DE&cc=DE&setlang=de&adlt=moderate&t=1"}}, {"text": "Famous Logos", "displayText": "Famous Logos", "webSearchUrl": "https:\/\/www.bing.com\/images\/search?q=Famous+Logos&FORM=IRPATC", "searchLink": "https:\/\/api.bing.microsoft.com\/api\/v7\/images\/search?q=Famous+Logos", "thumbnail": {"thumbnailUrl": "https:\/\/tse2.mm.bing.net\/th?q=Famous+Logos&pid=Api&mkt=de-DE&cc=DE&setlang=de&adlt=moderate&t=1"}}, {"text": "Simple Logos", "displayText": "Simple Logos", "webSearchUrl": "https:\/\/www.bing.com\/images\/search?q=Simple+Logos&FORM=IRPATC", "searchLink": "https:\/\/api.bing.microsoft.com\/api\/v7\/images\/search?q=Simple+Logos", "thumbnail": {"thumbnailUrl": "https:\/\/tse1.mm.bing.net\/th?q=Simple+Logos&pid=Api&mkt=de-DE&cc=DE&setlang=de&adlt=moderate&t=1"}}, {"text": "Nike Logo", "displayText": "Nike Logo", "webSearchUrl": "https:\/\/www.bing.com\/images\/search?q=Nike+Logo&FORM=IRPATC", "searchLink": "https:\/\/api.bing.microsoft.com\/api\/v7\/images\/search?q=Nike+Logo", "thumbnail": {"thumbnailUrl": "https:\/\/tse3.mm.bing.net\/th?q=Nike+Logo&pid=Api&mkt=de-DE&cc=DE&setlang=de&adlt=moderate&t=1"}}, {"text": "Free Logo", "displayText": "Free Logo", "webSearchUrl": "https:\/\/www.bing.com\/images\/search?q=Free+Logo&FORM=IRPATC", "searchLink": "https:\/\/api.bing.microsoft.com\/api\/v7\/images\/search?q=Free+Logo", "thumbnail": {"thumbnailUrl": "https:\/\/tse2.mm.bing.net\/th?q=Free+Logo&pid=Api&mkt=de-DE&cc=DE&setlang=de&adlt=moderate&t=1"}}, {"text": "Logo Design", "displayText": "Logo Design", "webSearchUrl": "https:\/\/www.bing.com\/images\/search?q=Logo+Design&FORM=IRPATC", "searchLink": "https:\/\/api.bing.microsoft.com\/api\/v7\/images\/search?q=Logo+Design", "thumbnail": {"thumbnailUrl": "https:\/\/tse4.mm.bing.net\/th?q=Logo+Design&pid=Api&mkt=de-DE&cc=DE&setlang=de&adlt=moderate&t=1"}}, {"text": "Logo Template", "displayText": "Logo Template", "webSearchUrl": "https:\/\/www.bing.com\/images\/search?q=Logo+Template&FORM=IRPATC", "searchLink": "https:\/\/api.bing.microsoft.com\/api\/v7\/images\/search?q=Logo+Template", "thumbnail": {"thumbnailUrl": "https:\/\/tse2.mm.bing.net\/th?q=Logo+Template&pid=Api&mkt=de-DE&cc=DE&setlang=de&adlt=moderate&t=1"}}, {"text": "Company Logo", "displayText": "Company Logo", "webSearchUrl": "https:\/\/www.bing.com\/images\/search?q=Company+Logo&FORM=IRPATC", "searchLink": "https:\/\/api.bing.microsoft.com\/api\/v7\/images\/search?q=Company+Logo", "thumbnail": {"thumbnailUrl": "https:\/\/tse1.mm.bing.net\/th?q=Company+Logo&pid=Api&mkt=de-DE&cc=DE&setlang=de&adlt=moderate&t=1"}}, {"text": "MC Logo", "displayText": "MC Logo", "webSearchUrl": "https:\/\/www.bing.com\/images\/search?q=MC+Logo&FORM=IRPATC", "searchLink": "https:\/\/api.bing.microsoft.com\/api\/v7\/images\/search?q=MC+Logo", "thumbnail": {"thumbnailUrl": "https:\/\/tse2.mm.bing.net\/th?q=MC+Logo&pid=Api&mkt=de-DE&cc=DE&setlang=de&adlt=moderate&t=1"}}, {"text": "Shield Logo", "displayText": "Shield Logo", "webSearchUrl": "https:\/\/www.bing.com\/images\/search?q=Shield+Logo&FORM=IRPATC", "searchLink": "https:\/\/api.bing.microsoft.com\/api\/v7\/images\/search?q=Shield+Logo", "thumbnail": {"thumbnailUrl": "https:\/\/tse3.mm.bing.net\/th?q=Shield+Logo&pid=Api&mkt=de-DE&cc=DE&setlang=de&adlt=moderate&t=1"}}, {"text": "Logo Creator", "displayText": "Logo Creator", "webSearchUrl": "https:\/\/www.bing.com\/images\/search?q=Logo+Creator&FORM=IRPATC", "searchLink": "https:\/\/api.bing.microsoft.com\/api\/v7\/images\/search?q=Logo+Creator", "thumbnail": {"thumbnailUrl": "https:\/\/tse2.mm.bing.net\/th?q=Logo+Creator&pid=Api&mkt=de-DE&cc=DE&setlang=de&adlt=moderate&t=1"}}, {"text": "Sport Logo", "displayText": "Sport Logo", "webSearchUrl": "https:\/\/www.bing.com\/images\/search?q=Sport+Logo&FORM=IRPATC", "searchLink": "https:\/\/api.bing.microsoft.com\/api\/v7\/images\/search?q=Sport+Logo", "thumbnail": {"thumbnailUrl": "https:\/\/tse2.mm.bing.net\/th?q=Sport+Logo&pid=Api&mkt=de-DE&cc=DE&setlang=de&adlt=moderate&t=1"}}, {"text": "Logos Example", "displayText": "Logos Example", "webSearchUrl": "https:\/\/www.bing.com\/images\/search?q=Logos+Example&FORM=IRPATC", "searchLink": "https:\/\/api.bing.microsoft.com\/api\/v7\/images\/search?q=Logos+Example", "thumbnail": {"thumbnailUrl": "https:\/\/tse1.mm.bing.net\/th?q=Logos+Example&pid=Api&mkt=de-DE&cc=DE&setlang=de&adlt=moderate&t=1"}}, {"text": "Logo Inspiration", "displayText": "Logo Inspiration", "webSearchUrl": "https:\/\/www.bing.com\/images\/search?q=Logo+Inspiration&FORM=IRPATC", "searchLink": "https:\/\/api.bing.microsoft.com\/api\/v7\/images\/search?q=Logo+Inspiration", "thumbnail": {"thumbnailUrl": "https:\/\/tse2.mm.bing.net\/th?q=Logo+Inspiration&pid=Api&mkt=de-DE&cc=DE&setlang=de&adlt=moderate&t=1"}}, {"text": "Black Logo", "displayText": "Black Logo", "webSearchUrl": "https:\/\/www.bing.com\/images\/search?q=Black+Logo&FORM=IRPATC", "searchLink": "https:\/\/api.bing.microsoft.com\/api\/v7\/images\/search?q=Black+Logo", "thumbnail": {"thumbnailUrl": "https:\/\/tse1.mm.bing.net\/th?q=Black+Logo&pid=Api&mkt=de-DE&cc=DE&setlang=de&adlt=moderate&t=1"}}, {"text": "Apple Logo", "displayText": "Apple Logo", "webSearchUrl": "https:\/\/www.bing.com\/images\/search?q=Apple+Logo&FORM=IRPATC", "searchLink": "https:\/\/api.bing.microsoft.com\/api\/v7\/images\/search?q=Apple+Logo", "thumbnail": {"thumbnailUrl": "https:\/\/tse4.mm.bing.net\/th?q=Apple+Logo&pid=Api&mkt=de-DE&cc=DE&setlang=de&adlt=moderate&t=1"}}, {"text": "Test Logo", "displayText": "Test Logo", "webSearchUrl": "https:\/\/www.bing.com\/images\/search?q=Test+Logo&FORM=IRPATC", "searchLink": "https:\/\/api.bing.microsoft.com\/api\/v7\/images\/search?q=Test+Logo", "thumbnail": {"thumbnailUrl": "https:\/\/tse2.mm.bing.net\/th?q=Test+Logo&pid=Api&mkt=de-DE&cc=DE&setlang=de&adlt=moderate&t=1"}}, {"text": "Mode Logo", "displayText": "Mode Logo", "webSearchUrl": "https:\/\/www.bing.com\/images\/search?q=Mode+Logo&FORM=IRPATC", "searchLink": "https:\/\/api.bing.microsoft.com\/api\/v7\/images\/search?q=Mode+Logo", "thumbnail": {"thumbnailUrl": "https:\/\/tse1.mm.bing.net\/th?q=Mode+Logo&pid=Api&mkt=de-DE&cc=DE&setlang=de&adlt=moderate&t=1"}}, {"text": "Jpg Logo", "displayText": "Jpg Logo", "webSearchUrl": "https:\/\/www.bing.com\/images\/search?q=Jpg+Logo&FORM=IRPATC", "searchLink": "https:\/\/api.bing.microsoft.com\/api\/v7\/images\/search?q=Jpg+Logo", "thumbnail": {"thumbnailUrl": "https:\/\/tse1.mm.bing.net\/th?q=Jpg+Logo&pid=Api&mkt=de-DE&cc=DE&setlang=de&adlt=moderate&t=1"}}, {"text": "Logo Bilder", "displayText": "Logo Bilder", "webSearchUrl": "https:\/\/www.bing.com\/images\/search?q=Logo+Bilder&FORM=IRPATC", "searchLink": "https:\/\/api.bing.microsoft.com\/api\/v7\/images\/search?q=Logo+Bilder", "thumbnail": {"thumbnailUrl": "https:\/\/tse2.mm.bing.net\/th?q=Logo+Bilder&pid=Api&mkt=de-DE&cc=DE&setlang=de&adlt=moderate&t=1"}}, {"text": "Marke Logo", "displayText": "Marke Logo", "webSearchUrl": "https:\/\/www.bing.com\/images\/search?q=Marke+Logo&FORM=IRPATC", "searchLink": "https:\/\/api.bing.microsoft.com\/api\/v7\/images\/search?q=Marke+Logo", "thumbnail": {"thumbnailUrl": "https:\/\/tse2.mm.bing.net\/th?q=Marke+Logo&pid=Api&mkt=de-DE&cc=DE&setlang=de&adlt=moderate&t=1"}}, {"text": "Logo Zeichen", "displayText": "Logo Zeichen", "webSearchUrl": "https:\/\/www.bing.com\/images\/search?q=Logo+Zeichen&FORM=IRPATC", "searchLink": "https:\/\/api.bing.microsoft.com\/api\/v7\/images\/search?q=Logo+Zeichen", "thumbnail": {"thumbnailUrl": "https:\/\/tse4.mm.bing.net\/th?q=Logo+Zeichen&pid=Api&mkt=de-DE&cc=DE&setlang=de&adlt=moderate&t=1"}}, {"text": "Logo Designer", "displayText": "Logo Designer", "webSearchUrl": "https:\/\/www.bing.com\/images\/search?q=Logo+Designer&FORM=IRPATC", "searchLink": "https:\/\/api.bing.microsoft.com\/api\/v7\/images\/search?q=Logo+Designer", "thumbnail": {"thumbnailUrl": "https:\/\/tse3.mm.bing.net\/th?q=Logo+Designer&pid=Api&mkt=de-DE&cc=DE&setlang=de&adlt=moderate&t=1"}}, {"text": "Fashion Logo", "displayText": "Fashion Logo", "webSearchUrl": "https:\/\/www.bing.com\/images\/search?q=Fashion+Logo&FORM=IRPATC", "searchLink": "https:\/\/api.bing.microsoft.com\/api\/v7\/images\/search?q=Fashion+Logo", "thumbnail": {"thumbnailUrl": "https:\/\/tse4.mm.bing.net\/th?q=Fashion+Logo&pid=Api&mkt=de-DE&cc=DE&setlang=de&adlt=moderate&t=1"}}, {"text": "Cool Logos", "displayText": "Cool Logos", "webSearchUrl": "https:\/\/www.bing.com\/images\/search?q=Cool+Logos&FORM=IRPATC", "searchLink": "https:\/\/api.bing.microsoft.com\/api\/v7\/images\/search?q=Cool+Logos", "thumbnail": {"thumbnailUrl": "https:\/\/tse4.mm.bing.net\/th?q=Cool+Logos&pid=Api&mkt=de-DE&cc=DE&setlang=de&adlt=moderate&t=1"}}, {"text": "FirmenLogo", "displayText": "FirmenLogo", "webSearchUrl": "https:\/\/www.bing.com\/images\/search?q=FirmenLogo&FORM=IRPATC", "searchLink": "https:\/\/api.bing.microsoft.com\/api\/v7\/images\/search?q=FirmenLogo", "thumbnail": {"thumbnailUrl": "https:\/\/tse3.mm.bing.net\/th?q=FirmenLogo&pid=Api&mkt=de-DE&cc=DE&setlang=de&adlt=moderate&t=1"}}, {"text": "Logo SPS", "displayText": "Logo SPS", "webSearchUrl": "https:\/\/www.bing.com\/images\/search?q=Logo+SPS&FORM=IRPATC", "searchLink": "https:\/\/api.bing.microsoft.com\/api\/v7\/images\/search?q=Logo+SPS", "thumbnail": {"thumbnailUrl": "https:\/\/tse2.mm.bing.net\/th?q=Logo+SPS&pid=Api&mkt=de-DE&cc=DE&setlang=de&adlt=moderate&t=1"}}, {"text": "Logo Grafik", "displayText": "Logo Grafik", "webSearchUrl": "https:\/\/www.bing.com\/images\/search?q=Logo+Grafik&FORM=IRPATC", "searchLink": "https:\/\/api.bing.microsoft.com\/api\/v7\/images\/search?q=Logo+Grafik", "thumbnail": {"thumbnailUrl": "https:\/\/tse4.mm.bing.net\/th?q=Logo+Grafik&pid=Api&mkt=de-DE&cc=DE&setlang=de&adlt=moderate&t=1"}}, {"text": "Brand Logo", "displayText": "Brand Logo", "webSearchUrl": "https:\/\/www.bing.com\/images\/search?q=Brand+Logo&FORM=IRPATC", "searchLink": "https:\/\/api.bing.microsoft.com\/api\/v7\/images\/search?q=Brand+Logo", "thumbnail": {"thumbnailUrl": "https:\/\/tse3.mm.bing.net\/th?q=Brand+Logo&pid=Api&mkt=de-DE&cc=DE&setlang=de&adlt=moderate&t=1"}}, {"text": "Restaurant Logo", "displayText": "Restaurant Logo", "webSearchUrl": "https:\/\/www.bing.com\/images\/search?q=Restaurant+Logo&FORM=IRPATC", "searchLink": "https:\/\/api.bing.microsoft.com\/api\/v7\/images\/search?q=Restaurant+Logo", "thumbnail": {"thumbnailUrl": "https:\/\/tse1.mm.bing.net\/th?q=Restaurant+Logo&pid=Api&mkt=de-DE&cc=DE&setlang=de&adlt=moderate&t=1"}}, {"text": "Logo Ideen", "displayText": "Logo Ideen", "webSearchUrl": "https:\/\/www.bing.com\/images\/search?q=Logo+Ideen&FORM=IRPATC", "searchLink": "https:\/\/api.bing.microsoft.com\/api\/v7\/images\/search?q=Logo+Ideen", "thumbnail": {"thumbnailUrl": "https:\/\/tse3.mm.bing.net\/th?q=Logo+Ideen&pid=Api&mkt=de-DE&cc=DE&setlang=de&adlt=moderate&t=1"}}, {"text": "Werbung Logo", "displayText": "Werbung Logo", "webSearchUrl": "https:\/\/www.bing.com\/images\/search?q=Werbung+Logo&FORM=IRPATC", "searchLink": "https:\/\/api.bing.microsoft.com\/api\/v7\/images\/search?q=Werbung+Logo", "thumbnail": {"thumbnailUrl": "https:\/\/tse4.mm.bing.net\/th?q=Werbung+Logo&pid=Api&mkt=de-DE&cc=DE&setlang=de&adlt=moderate&t=1"}}, {"text": "Business Logo", "displayText": "Business Logo", "webSearchUrl": "https:\/\/www.bing.com\/images\/search?q=Business+Logo&FORM=IRPATC", "searchLink": "https:\/\/api.bing.microsoft.com\/api\/v7\/images\/search?q=Business+Logo", "thumbnail": {"thumbnailUrl": "https:\/\/tse2.mm.bing.net\/th?q=Business+Logo&pid=Api&mkt=de-DE&cc=DE&setlang=de&adlt=moderate&t=1"}}, {"text": "Animal Logo", "displayText": "Animal Logo", "webSearchUrl": "https:\/\/www.bing.com\/images\/search?q=Animal+Logo&FORM=IRPATC", "searchLink": "https:\/\/api.bing.microsoft.com\/api\/v7\/images\/search?q=Animal+Logo", "thumbnail": {"thumbnailUrl": "https:\/\/tse4.mm.bing.net\/th?q=Animal+Logo&pid=Api&mkt=de-DE&cc=DE&setlang=de&adlt=moderate&t=1"}}, {"text": "Logo Erstellen", "displayText": "Logo Erstellen", "webSearchUrl": "https:\/\/www.bing.com\/images\/search?q=Logo+Erstellen&FORM=IRPATC", "searchLink": "https:\/\/api.bing.microsoft.com\/api\/v7\/images\/search?q=Logo+Erstellen", "thumbnail": {"thumbnailUrl": "https:\/\/tse4.mm.bing.net\/th?q=Logo+Erstellen&pid=Api&mkt=de-DE&cc=DE&setlang=de&adlt=moderate&t=1"}}, {"text": "B Logo", "displayText": "B Logo", "webSearchUrl": "https:\/\/www.bing.com\/images\/search?q=B+Logo&FORM=IRPATC", "searchLink": "https:\/\/api.bing.microsoft.com\/api\/v7\/images\/search?q=B+Logo", "thumbnail": {"thumbnailUrl": "https:\/\/tse2.mm.bing.net\/th?q=B+Logo&pid=Api&mkt=de-DE&cc=DE&setlang=de&adlt=moderate&t=1"}}, {"text": "Game Logo", "displayText": "Game Logo", "webSearchUrl": "https:\/\/www.bing.com\/images\/search?q=Game+Logo&FORM=IRPATC", "searchLink": "https:\/\/api.bing.microsoft.com\/api\/v7\/images\/search?q=Game+Logo", "thumbnail": {"thumbnailUrl": "https:\/\/tse4.mm.bing.net\/th?q=Game+Logo&pid=Api&mkt=de-DE&cc=DE&setlang=de&adlt=moderate&t=1"}}, {"text": "Logo Generator", "displayText": "Logo Generator", "webSearchUrl": "https:\/\/www.bing.com\/images\/search?q=Logo+Generator&FORM=IRPATC", "searchLink": "https:\/\/api.bing.microsoft.com\/api\/v7\/images\/search?q=Logo+Generator", "thumbnail": {"thumbnailUrl": "https:\/\/tse1.mm.bing.net\/th?q=Logo+Generator&pid=Api&mkt=de-DE&cc=DE&setlang=de&adlt=moderate&t=1"}}, {"text": "Logo Vorlage", "displayText": "Logo Vorlage", "webSearchUrl": "https:\/\/www.bing.com\/images\/search?q=Logo+Vorlage&FORM=IRPATC", "searchLink": "https:\/\/api.bing.microsoft.com\/api\/v7\/images\/search?q=Logo+Vorlage", "thumbnail": {"thumbnailUrl": "https:\/\/tse4.mm.bing.net\/th?q=Logo+Vorlage&pid=Api&mkt=de-DE&cc=DE&setlang=de&adlt=moderate&t=1"}}, {"text": "Bike Logo", "displayText": "Bike Logo", "webSearchUrl": "https:\/\/www.bing.com\/images\/search?q=Bike+Logo&FORM=IRPATC", "searchLink": "https:\/\/api.bing.microsoft.com\/api\/v7\/images\/search?q=Bike+Logo", "thumbnail": {"thumbnailUrl": "https:\/\/tse3.mm.bing.net\/th?q=Bike+Logo&pid=Api&mkt=de-DE&cc=DE&setlang=de&adlt=moderate&t=1"}}, {"text": "Gaming Logo", "displayText": "Gaming Logo", "webSearchUrl": "https:\/\/www.bing.com\/images\/search?q=Gaming+Logo&FORM=IRPATC", "searchLink": "https:\/\/api.bing.microsoft.com\/api\/v7\/images\/search?q=Gaming+Logo", "thumbnail": {"thumbnailUrl": "https:\/\/tse3.mm.bing.net\/th?q=Gaming+Logo&pid=Api&mkt=de-DE&cc=DE&setlang=de&adlt=moderate&t=1"}}, {"text": "Clan Logo", "displayText": "Clan Logo", "webSearchUrl": "https:\/\/www.bing.com\/images\/search?q=Clan+Logo&FORM=IRPATC", "searchLink": "https:\/\/api.bing.microsoft.com\/api\/v7\/images\/search?q=Clan+Logo", "thumbnail": {"thumbnailUrl": "https:\/\/tse2.mm.bing.net\/th?q=Clan+Logo&pid=Api&mkt=de-DE&cc=DE&setlang=de&adlt=moderate&t=1"}}, {"text": "Wolf Logo", "displayText": "Wolf Logo", "webSearchUrl": "https:\/\/www.bing.com\/images\/search?q=Wolf+Logo&FORM=IRPATC", "searchLink": "https:\/\/api.bing.microsoft.com\/api\/v7\/images\/search?q=Wolf+Logo", "thumbnail": {"thumbnailUrl": "https:\/\/tse4.mm.bing.net\/th?q=Wolf+Logo&pid=Api&mkt=de-DE&cc=DE&setlang=de&adlt=moderate&t=1"}}, {"text": "Animated Logo", "displayText": "Animated Logo", "webSearchUrl": "https:\/\/www.bing.com\/images\/search?q=Animated+Logo&FORM=IRPATC", "searchLink": "https:\/\/api.bing.microsoft.com\/api\/v7\/images\/search?q=Animated+Logo", "thumbnail": {"thumbnailUrl": "https:\/\/tse3.mm.bing.net\/th?q=Animated+Logo&pid=Api&mkt=de-DE&cc=DE&setlang=de&adlt=moderate&t=1"}}, {"text": "Logo Kreativ", "displayText": "Logo Kreativ", "webSearchUrl": "https:\/\/www.bing.com\/images\/search?q=Logo+Kreativ&FORM=IRPATC", "searchLink": "https:\/\/api.bing.microsoft.com\/api\/v7\/images\/search?q=Logo+Kreativ", "thumbnail": {"thumbnailUrl": "https:\/\/tse4.mm.bing.net\/th?q=Logo+Kreativ&pid=Api&mkt=de-DE&cc=DE&setlang=de&adlt=moderate&t=1"}}, {"text": "World Logo", "displayText": "World Logo", "webSearchUrl": "https:\/\/www.bing.com\/images\/search?q=World+Logo&FORM=IRPATC", "searchLink": "https:\/\/api.bing.microsoft.com\/api\/v7\/images\/search?q=World+Logo", "thumbnail": {"thumbnailUrl": "https:\/\/tse4.mm.bing.net\/th?q=World+Logo&pid=Api&mkt=de-DE&cc=DE&setlang=de&adlt=moderate&t=1"}}, {"text": "Logo Muster", "displayText": "Logo Muster", "webSearchUrl": "https:\/\/www.bing.com\/images\/search?q=Logo+Muster&FORM=IRPATC", "searchLink": "https:\/\/api.bing.microsoft.com\/api\/v7\/images\/search?q=Logo+Muster", "thumbnail": {"thumbnailUrl": "https:\/\/tse4.mm.bing.net\/th?q=Logo+Muster&pid=Api&mkt=de-DE&cc=DE&setlang=de&adlt=moderate&t=1"}}, {"text": "Gamer Logo", "displayText": "Gamer Logo", "webSearchUrl": "https:\/\/www.bing.com\/images\/search?q=Gamer+Logo&FORM=IRPATC", "searchLink": "https:\/\/api.bing.microsoft.com\/api\/v7\/images\/search?q=Gamer+Logo", "thumbnail": {"thumbnailUrl": "https:\/\/tse2.mm.bing.net\/th?q=Gamer+Logo&pid=Api&mkt=de-DE&cc=DE&setlang=de&adlt=moderate&t=1"}}, {"text": "Bild Logo", "displayText": "Bild Logo", "webSearchUrl": "https:\/\/www.bing.com\/images\/search?q=Bild+Logo&FORM=IRPATC", "searchLink": "https:\/\/api.bing.microsoft.com\/api\/v7\/images\/search?q=Bild+Logo", "thumbnail": {"thumbnailUrl": "https:\/\/tse3.mm.bing.net\/th?q=Bild+Logo&pid=Api&mkt=de-DE&cc=DE&setlang=de&adlt=moderate&t=1"}}, {"text": "Football Logos", "displayText": "Football Logos", "webSearchUrl": "https:\/\/www.bing.com\/images\/search?q=Football+Logos&FORM=IRPATC", "searchLink": "https:\/\/api.bing.microsoft.com\/api\/v7\/images\/search?q=Football+Logos", "thumbnail": {"thumbnailUrl": "https:\/\/tse2.mm.bing.net\/th?q=Football+Logos&pid=Api&mkt=de-DE&cc=DE&setlang=de&adlt=moderate&t=1"}}, {"text": "Einfache Logos", "displayText": "Einfache Logos", "webSearchUrl": "https:\/\/www.bing.com\/images\/search?q=Einfache+Logos&FORM=IRPATC", "searchLink": "https:\/\/api.bing.microsoft.com\/api\/v7\/images\/search?q=Einfache+Logos", "thumbnail": {"thumbnailUrl": "https:\/\/tse2.mm.bing.net\/th?q=Einfache+Logos&pid=Api&mkt=de-DE&cc=DE&setlang=de&adlt=moderate&t=1"}}]}