{"_type": "News", "readLink": "https:\/\/api.bing.microsoft.com\/api\/v7\/news\/search?q=heute", "queryContext": {"originalQuery": "heute", "adultIntent": false}, "totalEstimatedMatches": 123000000, "sort": [{"name": "Höchste Übereinstimmung", "id": "relevance", "isSelected": true, "url": "https:\/\/api.bing.microsoft.com\/api\/v7\/news\/search?q=heute"}, {"name": "Neueste", "id": "date", "isSelected": false, "url": "https:\/\/api.bing.microsoft.com\/api\/v7\/news\/search?q=heute&sortby=date"}], "value": [{"name": "WM 2022: Heute DFB-Pressekonferenz mit Hansi Flick und Joshua Kimmich im Liveticker", "url": "https:\/\/www.sport1.de\/news\/fussball\/wm\/2022\/11\/wm-2022-heute-dfb-pressekonferenz-mit-hansi-flick-und-joshua-kimmich-im-liveticker", "image": {"thumbnail": {"contentUrl": "https:\/\/www.bing.com\/th?id=OVFT.QY3oZXwEQdL2bOUEkuz4nS&pid=News", "width": 700, "height": 367}}, "description": "Auf der heutigen Pressekonferenz der Nationalelf stehen Hansi Flick und Joshua Kimmich Rede und Antwort. Die DFB-PK im Liveticker.", "provider": [{"_type": "Organization", "name": "Sport1", "image": {"thumbnail": {"contentUrl": "https:\/\/www.bing.com\/th?id=ODF.NIIxvhbTNY_CdjMkX6f2Pw&pid=news"}}}], "datePublished": "2022-11-22T14:56:00.0000000Z", "category": "Sports"}, {"name": "WM 2022: Mexiko – Polen heute live im Free-TV & Stream - Übertragung, Live-Ticker & Anstoß beim Fußball", "url": "https:\/\/www.augsburger-allgemeine.de\/sport\/wm-2022-mexiko-polen-heute-live-im-free-tv-stream-uebertragung-live-ticker-anstoss-beim-fussball-22-11-2022-id64609646.html", "image": {"thumbnail": {"contentUrl": "https:\/\/www.bing.com\/th?id=OVFT.yW0nGHAUk9zG1rg8YF86Py&pid=News", "width": 700, "height": 393}}, "description": "Datenschutzerklärung Laut dem Spielplan der WM 2022 in Katar wird das Spiel Mexiko - Polen um heute am 22. November um 17 Uhr ...", "provider": [{"_type": "Organization", "name": "Augsburger Allgemeine"}], "datePublished": "2022-11-22T15:08:00.0000000Z", "category": "Sports"}, {"name": "Inflation: So viel länger müsst ihr heute für viele Produkte arbeiten", "url": "https:\/\/www.msn.com\/de-de\/finance\/top-stories\/inflation-so-viel-l-c3-a4nger-m-c3-bcsst-ihr-heute-f-c3-bcr-strom-butter-oder-den-friseur-arbeiten-e2-80-93-f-c3-bcr-einige-produkte-aber-auch-k-c3-bcrzer\/ar-AA14pL9H", "image": {"thumbnail": {"contentUrl": "https:\/\/www.bing.com\/th?id=OVFT.VBhy7qDdJ0cPXE1z1ctPiC&pid=News", "width": 700, "height": 393}}, "description": "Ökonomen haben berechnet, wie die Inflation die Kaufkraft auffrisst. Die steigenden Preise seien heute stärker spürbar als in der Ölkrise 1973.", "provider": [{"_type": "Organization", "name": "Business Insider via MSN.com", "image": {"thumbnail": {"contentUrl": "https:\/\/www.bing.com\/th?id=ODF.V1dQy93RK60izkd-HZPMQw&pid=news"}}}], "datePublished": "2022-11-22T13:28:00.0000000Z", "category": "Business"}, {"name": "WM 2022 live: Wo läuft Mexiko - Polen heute im Free-TV und Stream?", "url": "https:\/\/www.tz.de\/sport\/fussball\/wm-2022-live-mexiko-polen-free-tv-stream-sender-heute-91931127.html", "image": {"thumbnail": {"contentUrl": "https:\/\/www.bing.com\/th?id=OVFT.fr_T-4_HU6B8Xc30pJfISC&pid=News", "width": 700, "height": 393}}, "description": "Am heutigen Dienstag kommt es zum mit Spannung erwarteten Duell zwischen Mexiko und Polen. Das Topspiel wird im Free-TV und kostenlosen Stream übertragen. München - Das Topspiel am dritten Tag der WM", "provider": [{"_type": "Organization", "name": "TZ", "image": {"thumbnail": {"contentUrl": "https:\/\/www.bing.com\/th?id=ODF.Wzps9D8gtFNSqg8P4QIUTw&pid=news"}}}], "datePublished": "2022-11-22T14:04:00.0000000Z", "category": "Sports"}, {"name": "Vodafone-Störung – hier gibt es heute Probleme", "url": "https:\/\/www.giga.de\/news\/vodafone-stoerung-hier-gibt-es-heute-probleme-22.11.2022\/", "image": {"thumbnail": {"contentUrl": "https:\/\/www.bing.com\/th?id=OVFT.TcZ2DPFGvhlCtOdAyCmkmC&pid=News", "width": 700, "height": 365}}, "description": "Durch Umbauarbeiten und technische Probleme kommt es bei Vodafone auch heute zu Störungen. GIGA hält die Probleme im Blick und erklärt, warum..", "provider": [{"_type": "Organization", "name": "Mac News", "image": {"thumbnail": {"contentUrl": "https:\/\/www.bing.com\/th?id=ODF._zo_bRUc8cUm-MdvxTAW1g&pid=news"}}}], "datePublished": "2022-11-22T13:41:00.0000000Z", "category": "ScienceAndTechnology"}, {"name": "Robert Geiss: Das machen seine Eltern heute", "url": "https:\/\/www.msn.com\/de-de\/entertainment\/tv\/robert-geiss-das-machen-seine-eltern-heute\/ar-AA146clP", "image": {"thumbnail": {"contentUrl": "https:\/\/www.bing.com\/th?id=OVFT.PrM6XthZD9-_rKOK8EPm_i&pid=News", "width": 549, "height": 700}}, "description": "Reinhold und Margret Geiss waren früher regelmäßig in der RTL ZWEI-Show „Die Geissens“ zu sehen. Doch inzwischen sieht man Robert Geiss Eltern kaum noch im TV. Was wurde eigentlich aus den beiden?", "provider": [{"_type": "Organization", "name": "Express via MSN.com", "image": {"thumbnail": {"contentUrl": "https:\/\/www.bing.com\/th?id=ODF.aQVC2WCWcsHo4HkNvDtb3Q&pid=news"}}}], "datePublished": "2022-11-22T15:04:17.0000000Z", "video": {"name": "Robert Geiss: Das machen seine Eltern heute", "thumbnailUrl": "https:\/\/www.bing.com\/th?id=OVF.ZkL8s%2FQ3xJRnvv2o5IjzPA&pid=News", "thumbnail": {"width": 292, "height": 520}}}, {"name": "Playstation 5 Ticker: Kann ich die PS5 heute kaufen?", "url": "https:\/\/www.businessinsider.de\/insider-picks\/technik\/playstation-5-ticker-125\/", "image": {"thumbnail": {"contentUrl": "https:\/\/www.bing.com\/th?id=OVFT.KIdzAtalEPxJPf-tWgipGy&pid=News", "width": 700, "height": 528}}, "description": "Ihr wollt euch auch endlich eine Playstation 5 sichern? Wir haben alle aktuellen Informationen zum Verkauf der begehrten Konsole für euch.", "provider": [{"_type": "Organization", "name": "Business Insider", "image": {"thumbnail": {"contentUrl": "https:\/\/www.bing.com\/th?id=ODF.V1dQy93RK60izkd-HZPMQw&pid=news"}}}], "datePublished": "2022-11-22T09:39:00.0000000Z", "category": "Business"}, {"name": "Bamberg: Weihnachtsmarkt 2022 startet heute - das wird am Eröffnungstag geboten", "url": "https:\/\/www.infranken.de\/lk\/bamberg\/bamberg-weihnachtsmarkt-2022-startet-heute-das-wird-am-eroeffnungstag-geboten-art-5589977", "image": {"thumbnail": {"contentUrl": "https:\/\/www.bing.com\/th?id=OVFT.TMOmxxGz1J_1H0awY5Hu-C&pid=News", "width": 700, "height": 367}}, "description": "Der Bamberger Weihnachtsmarkt ist ab heute (22. November 2022) für Besucher zugänglich. Ein Sprecher der Stadt informiert über den Ablauf der offiziellen Eröffnung, die heute um 18 Uhr auf dem Maxplat", "provider": [{"_type": "Organization", "name": "inFranken", "image": {"thumbnail": {"contentUrl": "https:\/\/www.bing.com\/th?id=ODF.GSnKL6LnNB8CXI8NAjgD7g&pid=news"}}}], "datePublished": "2022-11-22T13:30:00.0000000Z", "category": "Germany"}, {"name": "WM 2022 live: Wo läuft Frankreich - Australien heute im Free-TV und Stream?", "url": "https:\/\/www.tz.de\/sport\/fussball\/wm-2022-live-frankreich-australien-free-tv-stream-sender-heute-91931132.html", "image": {"thumbnail": {"contentUrl": "https:\/\/www.bing.com\/th?id=OVFT.5-EeiSy_APfJq3O-sUD81i&pid=News", "width": 700, "height": 393}}, "description": "Im Abendspiel am heutigen Dienstag trifft der amtierende Weltmeister Frankreich auf Australien. Alle Infos zur Übertragung im Free-TV und Stream. München - Der amtierende Weltmeister Frankreich greift", "provider": [{"_type": "Organization", "name": "TZ", "image": {"thumbnail": {"contentUrl": "https:\/\/www.bing.com\/th?id=ODF.Wzps9D8gtFNSqg8P4QIUTw&pid=news"}}}], "datePublished": "2022-11-22T14:06:00.0000000Z", "category": "Sports"}]}