{"_type": "SearchResponse", "queryContext": {"originalQuery": "wikipedia"}, "webPages": {"webSearchUrl": "https:\/\/www.bing.com\/search?q=wikipedia", "totalEstimatedMatches": 220000000, "value": [{"id": "https:\/\/api.bing.microsoft.com\/api\/v7\/#WebPages.0", "contractualRules": [{"_type": "ContractualRules\/LicenseAttribution", "targetPropertyName": "snippet", "targetPropertyIndex": 0, "mustBeCloseToContent": true, "license": {"name": "CC-BY-SA", "url": "http:\/\/creativecommons.org\/licenses\/by-sa\/3.0\/"}, "licenseNotice": "Text under CC-BY-SA license"}], "name": "Wikipedia, the free encyclopedia", "url": "https:\/\/en.wikipedia.org\/wiki\/Main_Page", "isFamilyFriendly": true, "displayUrl": "https:\/\/en.wikipedia.org\/wiki\/Main_Page", "snippet": "Community portal – The central hub for editors, with resources, links, tasks, and announcements.; Village pump – Forum for discussions about Wikipedia itself, including policies and technical issues.; Site news – Sources of news about Wikipedia and the broader Wikimedia movement.; Teahouse – Ask basic questions about using or editing Wikipedia.", "deepLinks": [{"name": "English Language", "url": "https:\/\/en.wikipedia.org\/wiki\/English_language", "snippet": "English is a West Germanic language of the Indo-European language family, with its earliest forms spoken by the inhabitants of early medieval England. It is named after the Angles, one of the ancient Germanic peoples that migrated to the island of Great Britain.English is genealogically West Germanic, closest related to the Low Saxon and Frisian languages; however, its vocabulary is also ..."}, {"name": "Wikipedia", "url": "https:\/\/www.wikipedia.org\/", "snippet": "Download Wikipedia for Android or iOS Save your favorite articles to read offline, sync your reading lists across devices and customize your reading experience with the official Wikipedia app. Google Play Store; Apple App Store; Commons Freely usable photos & more. Wikivoyage Free travel guide."}, {"name": "Biography", "url": "https:\/\/en.wikipedia.org\/wiki\/Portal:Biography", "snippet": "Caroline Agnes Brady (also known as Caroline Agnes Von Egmont Brady; October 3, 1905 – November 5, 1980) was an American philologist who specialised in Old English and Old Norse works. Her works included the 1943 book The Legends of Ermanaric, based on her doctoral dissertation, and three influential papers on the Anglo-Saxon poem Beowulf.She taught at the University of California, Berkeley ..."}, {"name": "History", "url": "https:\/\/en.wikipedia.org\/wiki\/Portal:History", "snippet": "Buzz Aldrin (\/ ˈ ɔː l d r ɪ n \/; born Edwin Eugene Aldrin Jr.; January 20, 1930) is an American former astronaut, engineer and fighter pilot.He made three spacewalks as pilot of the 1966 Gemini 12 mission. As the Lunar Module Eagle pilot on the 1969 Apollo 11 mission, he and mission commander Neil Armstrong were the first two people to land on the Moon. Born in Glen Ridge, New Jersey ..."}, {"name": "Contents", "url": "https:\/\/en.wikipedia.org\/wiki\/Wikipedia:Contents", "snippet": "Wikipedia is a compendium of the world's knowledge. If you know what you are looking for, type it into Wikipedia's search box. If, however, you need a bird's eye view of what Wikipedia has to offer, see its main contents pages below, which in turn list more specific pages. Navigate Wikipedia by subject"}], "dateLastCrawled": "2022-11-22T15:42:00.0000000Z", "language": "en", "isNavigational": true}, {"id": "https:\/\/api.bing.microsoft.com\/api\/v7\/#WebPages.1", "contractualRules": [{"_type": "ContractualRules\/LicenseAttribution", "targetPropertyName": "snippet", "targetPropertyIndex": 1, "mustBeCloseToContent": true, "license": {"name": "CC-BY-SA", "url": "http:\/\/creativecommons.org\/licenses\/by-sa\/3.0\/"}, "licenseNotice": "Text under CC-BY-SA license"}], "name": "Wikipedia – Die freie Enzyklopädie", "url": "https:\/\/de.wikipedia.org\/wiki\/Wikipedia:Hauptseite", "isFamilyFriendly": true, "displayUrl": "https:\/\/de.wikipedia.org\/wiki\/Wikipedia:Hauptseite", "snippet": "Willkommen bei Wikipedia. Wikipedia ist ein Projekt zum Aufbau einer Enzyklopädie aus freien Inhalten, zu denen du sehr gern beitragen kannst. Seit März 2001 sind 2.667.721 Artikel in deutscher Sprache entstanden. Geographie.", "dateLastCrawled": "2022-11-22T10:05:00.0000000Z", "language": "de", "isNavigational": false}, {"id": "https:\/\/api.bing.microsoft.com\/api\/v7\/#WebPages.2", "contractualRules": [{"_type": "ContractualRules\/LicenseAttribution", "targetPropertyName": "snippet", "targetPropertyIndex": 2, "mustBeCloseToContent": true, "license": {"name": "CC-BY-SA", "url": "http:\/\/creativecommons.org\/licenses\/by-sa\/3.0\/"}, "licenseNotice": "Text under CC-BY-SA license"}], "name": "Wikipedia – Wikipedia", "url": "https:\/\/de.wikipedia.org\/wiki\/Wikipedia", "thumbnailUrl": "https:\/\/www.bing.com\/th?id=OIP.eiLwCGsYY8xUtqdrUNCQSAAAAA&w=80&h=80&c=1&pid=5.1", "isFamilyFriendly": true, "displayUrl": "https:\/\/de.wikipedia.org\/wiki\/Wikipedia", "snippet": "Der Name Wikipedia ist ein Schachtelwort, das sich aus „Wiki“ und „Encyclopedia“ (dem englischen Wort für Enzyklopädie) zusammensetzt. Der Begriff „Wiki“ geht auf das hawaiische Wort für ‚schnell‘ zurück.", "dateLastCrawled": "2022-11-21T13:14:00.0000000Z", "language": "de", "isNavigational": false}, {"id": "https:\/\/api.bing.microsoft.com\/api\/v7\/#WebPages.3", "name": "Wikipedia, die freie Enzyklopädie", "url": "https:\/\/www.wikipedia.de\/", "isFamilyFriendly": true, "displayUrl": "https:\/\/www.wikipedia.de", "snippet": "Die internationale Wikimedia Foundation ist eine gemeinnützige Organisation, die weltweit Wikipedia und damit verbundene Projekte betreibt, voranbringt und entwickelt. Jetzt spenden *) vorläufig", "dateLastCrawled": "2022-11-22T10:35:00.0000000Z", "language": "de", "isNavigational": false}, {"id": "https:\/\/api.bing.microsoft.com\/api\/v7\/#WebPages.4", "name": "wikipedia.at - Wikipedia, die freie Enzyklopädie", "url": "https:\/\/www.wikipedia.at\/", "isFamilyFriendly": true, "displayUrl": "https:\/\/www.wikipedia.at", "snippet": "Wikimedia Österreich ist Teil der weltweit tätigen Wikimedia-Organisation, die die Wikipedia und ihre Schwesterprojekte betreibt und finanziert. Unterstützen Sie die Wikipedia\/Wikimedia mit einer Spende. und helfen Sie damit freies Wissen zu fördern!", "dateLastCrawled": "2022-11-21T03:26:00.0000000Z", "language": "de", "isNavigational": false}, {"id": "https:\/\/api.bing.microsoft.com\/api\/v7\/#WebPages.5", "contractualRules": [{"_type": "ContractualRules\/LicenseAttribution", "targetPropertyName": "snippet", "targetPropertyIndex": 5, "mustBeCloseToContent": true, "license": {"name": "CC-BY-SA", "url": "http:\/\/creativecommons.org\/licenses\/by-sa\/3.0\/"}, "licenseNotice": "Text under CC-BY-SA license"}], "name": "Wikipedia - Simple English Wikipedia, the free encyclopedia", "url": "https:\/\/simple.wikipedia.org\/wiki\/Wikipedia", "thumbnailUrl": "https:\/\/www.bing.com\/th?id=OIP.EU9gamGEQpEUmifnjD0XqgAAAA&w=80&h=80&c=1&pid=5.1", "isFamilyFriendly": true, "displayUrl": "https:\/\/simple.wikipedia.org\/wiki\/Wikipedia", "snippet": "WIKIPEDIA – The 5th most popular site on the Internet, was launched on January 15, 2001 (1st edit by co-founder Jimmy Wales), is currently published in over 300 languages, has been freely available worldwide for 21 years, 10 months and 7 days – Wikipedia (as of September 1, 2022) has over 59,326,710 total articles (6,546,419 in English (stats); 217,781 in Simple English) – *VITAL ARTICLES* => 10–100–1000; *BEST ARTICLES* => over 47,103; *POPULAR ARTICLES*: Last 24 hours; Last Week ...", "dateLastCrawled": "2022-11-22T10:23:00.0000000Z", "language": "en", "isNavigational": false}, {"id": "https:\/\/api.bing.microsoft.com\/api\/v7\/#WebPages.6", "name": "Wikimedia Commons", "url": "https:\/\/commons.wikimedia.org\/wiki\/Main_Page", "isFamilyFriendly": true, "displayUrl": "https:\/\/www.commons.wikimedia.org", "snippet": "Wikipedia Encyclopedia. Wikinews Open journalism. Wiktionary Dictionary & thesaurus. Wikibooks Textbooks & manuals. Wikiquote Quotations. Wikispecies Species directory. Wikiversity Learning resources. Wikivoyage Travel guide. Wikisource Source texts. Wikidata Knowledge base. Meta-Wiki Coordination. MediaWiki Wiki software development.", "dateLastCrawled": "2022-11-22T10:07:00.0000000Z", "language": "en", "isNavigational": false}, {"id": "https:\/\/api.bing.microsoft.com\/api\/v7\/#WebPages.7", "contractualRules": [{"_type": "ContractualRules\/LicenseAttribution", "targetPropertyName": "snippet", "targetPropertyIndex": 7, "mustBeCloseToContent": true, "license": {"name": "CC-BY-SA", "url": "http:\/\/creativecommons.org\/licenses\/by-sa\/3.0\/"}, "licenseNotice": "Text under CC-BY-SA license"}], "name": "Wikipédia – Wikipédia", "url": "https:\/\/hu.wikipedia.org\/wiki\/Wikip%C3%A9dia", "isFamilyFriendly": true, "displayUrl": "https:\/\/hu.wikipedia.org\/wiki\/Wikipédia", "snippet": "A Wikipédia többnyelvű, nyílt tartalmú, a nyílt közösség által fejlesztett online világenciklopédia, amelyet a floridai központú nonprofit Wikimédia Alapítvány üzemeltet, szerkesztését pedig önkéntes közösség végzi. Az Alexa rangsorolása szerint a világ 13. leglátogatottabb weboldala. A Wikipédia magában foglalja a különböző nyelvi változatait is, köztük a magyar Wikipédiát. Az angol változat 2015 novemberében elérte az 5 milliós szócikkszámot ...", "dateLastCrawled": "2022-11-22T20:05:00.0000000Z", "language": "hu", "isNavigational": false}]}, "rankingResponse": {"mainline": {"items": [{"answerType": "WebPages", "resultIndex": 0, "value": {"id": "https:\/\/api.bing.microsoft.com\/api\/v7\/#WebPages.0"}}, {"answerType": "WebPages", "resultIndex": 1, "value": {"id": "https:\/\/api.bing.microsoft.com\/api\/v7\/#WebPages.1"}}, {"answerType": "WebPages", "resultIndex": 2, "value": {"id": "https:\/\/api.bing.microsoft.com\/api\/v7\/#WebPages.2"}}, {"answerType": "WebPages", "resultIndex": 3, "value": {"id": "https:\/\/api.bing.microsoft.com\/api\/v7\/#WebPages.3"}}, {"answerType": "WebPages", "resultIndex": 4, "value": {"id": "https:\/\/api.bing.microsoft.com\/api\/v7\/#WebPages.4"}}, {"answerType": "WebPages", "resultIndex": 5, "value": {"id": "https:\/\/api.bing.microsoft.com\/api\/v7\/#WebPages.5"}}, {"answerType": "WebPages", "resultIndex": 6, "value": {"id": "https:\/\/api.bing.microsoft.com\/api\/v7\/#WebPages.6"}}, {"answerType": "WebPages", "resultIndex": 7, "value": {"id": "https:\/\/api.bing.microsoft.com\/api\/v7\/#WebPages.7"}}]}}}