{"_type": "SearchResponse", "queryContext": {"originalQuery": "heute"}, "webPages": {"webSearchUrl": "https:\/\/www.bing.com\/search?q=heute", "totalEstimatedMatches": 161000000, "value": [{"id": "https:\/\/api.bing.microsoft.com\/api\/v7\/#WebPages.0", "name": "heute - ZDFheute", "url": "https:\/\/www.zdf.de\/nachrichten\/heute-sendungen", "isFamilyFriendly": true, "displayUrl": "https:\/\/www.zdf.de\/nachrichten\/heute-sendungen", "snippet": "Nachrichten | heute - ZDF heute Sendung vom 22.11.2022 Mit folgenden Themen: Start der Haushaltswoche im Bundestag; Steigende Corona-Fälle in China; Gedrückte Stimmung auf den Weihnachtsmärkten ...", "deepLinks": [{"name": "So Wird Das Wetter", "url": "https:\/\/www.zdf.de\/nachrichten\/heute-sendungen\/so-wird-das-wetter-102.html", "snippet": "Die Wettervorhersage aus der 19 Uhr-heute-Sendung . Videolänge: 1 min Datum: 21.11.2022 Verfügbarkeit: Video verfügbar bis 17.10.2025 . Video herunterladen. Mehr heute-Sendungen . Video ..."}, {"name": "Heute Xpress", "url": "https:\/\/www.zdf.de\/nachrichten\/heute-sendungen\/videos\/heute-xpress-aktuelle-sendung-100.html", "snippet": "heute-Nachrichten; Politik & Gesellschaft; Sport; Dokus & Reportagen; Kultur; ZDFtivi für Kinder; Sendungen A-Z; TV-Programm; Karriere im ZDF"}], "dateLastCrawled": "2022-11-22T13:58:00.0000000Z", "language": "de", "isNavigational": true}, {"id": "https:\/\/api.bing.microsoft.com\/api\/v7\/#WebPages.1", "name": "Aktuelle Nachrichten und Videos auf einen Blick - heute", "url": "https:\/\/www.zdf.de\/nachrichten", "thumbnailUrl": "https:\/\/www.bing.com\/th?id=OIP.GJKGcBt9sQnCSI3dsoSW0QHaEK&w=80&h=80&c=1&pid=5.1", "isFamilyFriendly": true, "displayUrl": "https:\/\/www.zdf.de\/nachrichten", "snippet": "Nachrichten | heute 19:00 Uhr - ZDF heute Sendung vom 21. November 2022 . Untertitel; Deutsche Gebärdensprache", "dateLastCrawled": "2022-11-22T10:26:00.0000000Z", "language": "de", "isNavigational": false}, {"id": "https:\/\/api.bing.microsoft.com\/api\/v7\/#WebPages.2", "name": "Heute", "url": "https:\/\/www.heute.at\/", "isFamilyFriendly": true, "displayUrl": "https:\/\/www.heute.at", "snippet": "Das schnellste Newsportal - Die Newsplattform heute.at berichtet täglich während 24 Stunden über alle News und Hintergründe aus Aktuell, Länder, Politik, Welt, Sport, Community, People, Szene ...", "dateLastCrawled": "2022-11-22T10:10:00.0000000Z", "language": "de", "isNavigational": false}, {"id": "https:\/\/api.bing.microsoft.com\/api\/v7\/#WebPages.3", "name": "Duden | Heute | Rechtschreibung, Bedeutung, Definition, Herkunft", "url": "https:\/\/www.duden.de\/rechtschreibung\/Heute", "thumbnailUrl": "https:\/\/www.bing.com\/th?id=OIP.DuoqeDNA9oIRty3usQ6SMwHaDt&w=80&h=80&c=1&pid=5.1", "isFamilyFriendly": true, "displayUrl": "https:\/\/www.duden.de\/rechtschreibung\/Heute", "snippet": "Grammatik. ⓘ. das Heute; Genitiv: des Heute. → Zur Deklinationstabelle des Substantivs Heu­te.", "dateLastCrawled": "2022-11-21T06:15:00.0000000Z", "language": "de", "isNavigational": false}, {"id": "https:\/\/api.bing.microsoft.com\/api\/v7\/#WebPages.4", "name": "Heute.at | Österreich", "url": "https:\/\/www.heute.at\/oesterreich", "thumbnailUrl": "https:\/\/www.bing.com\/th?id=OIP.eZnT06et9Ic9Nwo0wl9gKQHaDt&w=80&h=80&c=1&pid=5.1", "isFamilyFriendly": true, "displayUrl": "https:\/\/www.heute.at\/oesterreich", "snippet": "Das schnellste Newsportal - Die Newsplattform heute.at berichtet täglich während 24 Stunden über alle News und Hintergründe aus Österreich.", "dateLastCrawled": "2022-11-21T21:07:00.0000000Z", "language": "de", "isNavigational": false}, {"id": "https:\/\/api.bing.microsoft.com\/api\/v7\/#WebPages.5", "name": "Kalender - Heute ist ...", "url": "https:\/\/kalender-365.de\/heute.php", "isFamilyFriendly": true, "displayUrl": "https:\/\/kalender-365.de\/heute.php", "snippet": "Heute: Kalenderdaten zum heutigen Tag, Monat und Jahr. Kalender | Mondkalender | Feiertage | Schulferien | Sonne, Mond - Aufgang, Untergang | Volksfeste | Gedenktage | Namenstage | Terminplaner | Wetter | Anzahl der Wochentage | Zeitraum berechnen | Kalender umrechnen | Schaltjahre | Namen & Bedeutungen | Kalenderliste | Heute", "dateLastCrawled": "2022-11-22T07:24:00.0000000Z", "language": "de", "isNavigational": false}]}, "images": {"id": "https:\/\/api.bing.microsoft.com\/api\/v7\/#Images", "readLink": "https:\/\/api.bing.microsoft.com\/api\/v7\/images\/search?q=Heute+Fernsehsendung&qpvt=Heute+Fernsehsendung", "webSearchUrl": "https:\/\/www.bing.com\/images\/search?q=Heute+Fernsehsendung&qpvt=Heute+Fernsehsendung", "isFamilyFriendly": true, "value": [{"webSearchUrl": "https:\/\/www.bing.com\/images\/search?q=Heute+Fernsehsendung&id=2F53742D0B475F5A0DEF1F529E7DC231A8D461F9&FORM=IARRTH", "name": "Heute-Show ZDF HD 20.03.2015 Folge 175 - YouTube", "thumbnailUrl": "https:\/\/tse1.mm.bing.net\/th?id=OIP.Tp-U5e5Sf5uFHiA6L7iMtQHaEK&pid=Api", "contentUrl": "https:\/\/i.ytimg.com\/vi\/3tQmEfaUGoA\/maxresdefault.jpg", "hostPageUrl": "http:\/\/www.youtube.com\/watch?v=3tQmEfaUGoA", "contentSize": "78163 B", "encodingFormat": "jpeg", "hostPageDisplayUrl": "http:\/\/www.youtube.com\/watch?v=3tQmEfaUGoA", "width": 1280, "height": 720, "thumbnail": {"width": 474, "height": 266}}, {"webSearchUrl": "https:\/\/www.bing.com\/images\/search?q=Heute+Fernsehsendung&id=D445CE2350BC3B40A774125FBD6DE56176E4EDF2&FORM=IARRTH", "name": "\"heute-show\" am 7.6.2019 verpasst?: Wiederholung online und im TV sehen ...", "thumbnailUrl": "https:\/\/tse1.mm.bing.net\/th?id=OIP.-fMIgI_WcksVlH0qIUqY5wHaEK&pid=Api", "contentUrl": "http:\/\/media.news.de\/resources\/thumbs\/71\/87\/856985425_736x414\/heute-show-bei-zdfneo-1559008805.jpg", "hostPageUrl": "http:\/\/www.news.de\/tv-aktuell\/855717487\/heute-show-verpasst-wiederholung-online-zdf-mediathek-folge-vom-31-5-2019-termine\/1\/", "contentSize": "191996 B", "encodingFormat": "jpeg", "hostPageDisplayUrl": "http:\/\/www.news.de\/tv-aktuell\/855717487\/heute-show-verpasst-wiederholung-online-zdf-mediathek-folge-vom-31-5-2019-termine\/1\/", "width": 736, "height": 414, "thumbnail": {"width": 474, "height": 266}}, {"webSearchUrl": "https:\/\/www.bing.com\/images\/search?q=Heute+Fernsehsendung&id=D1795214A427EFCBC1207EEE01677A371B233DB7&FORM=IARRTH", "name": "ZDF heute news redesign (2009) long version - YouTube", "thumbnailUrl": "https:\/\/tse1.mm.bing.net\/th?id=OIP.Gg_oV5fjdfn6WYwtnX3svQHaEK&pid=Api", "contentUrl": "http:\/\/i.ytimg.com\/vi\/AV5x_Qpmg-I\/maxresdefault.jpg", "hostPageUrl": "http:\/\/www.youtube.com\/watch?v=AV5x_Qpmg-I", "contentSize": "50322 B", "encodingFormat": "jpeg", "hostPageDisplayUrl": "http:\/\/www.youtube.com\/watch?v=AV5x_Qpmg-I", "width": 1280, "height": 720, "thumbnail": {"width": 474, "height": 266}}, {"webSearchUrl": "https:\/\/www.bing.com\/images\/search?q=Heute+Fernsehsendung&id=CEF515C19CB92F223C44FB6AF4FD003D7DAB5255&FORM=IARRTH", "name": "\"heute show\": Bald täglich neue Folgen online | TV", "thumbnailUrl": "https:\/\/tse1.mm.bing.net\/th?id=OIP.E5hQQ2w3zT8VrwCFlTReIgHaEK&pid=Api", "contentUrl": "https:\/\/www.tz.de\/bilder\/2014\/12\/01\/4496917\/869038602-heute-show-p9KLTO4cPfpeCf4wef.jpg", "hostPageUrl": "https:\/\/www.tz.de\/tv\/zdf-heute-show-bald-taeglich-online-laut-spiegel-zr-4496917.html", "contentSize": "54410 B", "encodingFormat": "jpeg", "hostPageDisplayUrl": "https:\/\/www.tz.de\/tv\/zdf-heute-show-bald-taeglich-online-laut-spiegel-zr-4496917.html", "width": 1200, "height": 675, "thumbnail": {"width": 474, "height": 266}}, {"webSearchUrl": "https:\/\/www.bing.com\/images\/search?q=Heute+Fernsehsendung&id=D47EF98CE74698DB55F7F6761F70FD6E42BF80E5&FORM=IARRTH", "name": "heute-show (TV-Serie) - wunschliste.de", "thumbnailUrl": "https:\/\/tse1.mm.bing.net\/th?id=OIP.QbdLuj8h-RZ3CAYbZacQpwHaBw&pid=Api", "contentUrl": "http:\/\/www.imfernsehen.de\/gfx\/bv\/heute-show.jpg", "hostPageUrl": "http:\/\/www.wunschliste.de\/serie\/heute-show", "contentSize": "90774 B", "encodingFormat": "jpeg", "hostPageDisplayUrl": "http:\/\/www.wunschliste.de\/serie\/heute-show", "width": 970, "height": 231, "thumbnail": {"width": 474, "height": 112}}]}, "videos": {"id": "https:\/\/api.bing.microsoft.com\/api\/v7\/#Videos", "readLink": "https:\/\/api.bing.microsoft.com\/api\/v7\/videos\/search?q=heute", "webSearchUrl": "https:\/\/www.bing.com\/videos\/search?q=heute", "isFamilyFriendly": true, "value": [{"webSearchUrl": "https:\/\/www.bing.com\/videos\/search?q=heute&view=detail&mid=901025EB21E7B453F7CE901025EB21E7B453F7CE", "name": "Opferzahlen häuslicher Gewalt steigen ", "description": "Die heute vorgestellte Kriminalstatistik zeigt, Gewalt in Partnerschaften bleibt ein Problem. Die Opferzahlen stiegen in den letzten Jahren, die Dunkelziffer ist vermutlich höher.", "thumbnailUrl": "https:\/\/tse4.mm.bing.net\/th?id=OVF.TGoQw7TPIoFvop7RB4qkNg&pid=Api", "datePublished": "2022-11-24T18:00:00.0000000", "publisher": [{"name": "zdf.de"}], "contentUrl": "https:\/\/www.zdf.de\/nachrichten\/heute-19-uhr\/gewalt-frauen-video-100.html", "hostPageUrl": "https:\/\/www.zdf.de\/nachrichten\/heute-19-uhr\/gewalt-frauen-video-100.html", "encodingFormat": "", "hostPageDisplayUrl": "https:\/\/www.zdf.de\/nachrichten\/heute-19-uhr\/gewalt-frauen-video-100.html", "width": 1920, "height": 1080, "duration": "PT1M31S", "thumbnail": {"width": 160, "height": 89}, "isSuperfresh": true}, {"webSearchUrl": "https:\/\/www.bing.com\/videos\/search?q=heute&view=detail&mid=03A0F85458BFA1793FCD03A0F85458BFA1793FCD", "name": "Untersuchung von Gewalt im Iran ", "description": "Der UN-Menschenrechtsrat hat heute in einer Sondersitzung eine Resolution zur Untersuchung der Gewalt im Iran beschlossen, wo seit zwei Monaten protestiert wird.", "thumbnailUrl": "https:\/\/tse4.mm.bing.net\/th?id=OVF.RIWvrZwRnRhxfxlRB4DQ9Q&pid=Api", "datePublished": "2022-11-24T18:00:00.0000000", "publisher": [{"name": "zdf.de"}], "contentUrl": "https:\/\/www.zdf.de\/nachrichten\/heute-19-uhr\/gewalt-iran-un-video-100.html", "hostPageUrl": "https:\/\/www.zdf.de\/nachrichten\/heute-19-uhr\/gewalt-iran-un-video-100.html", "encodingFormat": "", "hostPageDisplayUrl": "https:\/\/www.zdf.de\/nachrichten\/heute-19-uhr\/gewalt-iran-un-video-100.html", "width": 2400, "height": 1350, "duration": "PT1M41S", "thumbnail": {"width": 160, "height": 89}, "isSuperfresh": true}, {"webSearchUrl": "https:\/\/www.bing.com\/videos\/search?q=heute&view=detail&mid=766767E02ECC26D35A69766767E02ECC26D35A69", "name": "Russland verschärft Gesetz zu LGBT-Inhalten ", "description": "In Russland werden queere Menschen immer stärker unterdrückt. Nun wurde ein Gesetz verschärft, das die \"positive Darstellung\" von LGBT-Inhalten unter Strafe stellt.", "thumbnailUrl": "https:\/\/tse2.mm.bing.net\/th?id=OVF.f6dYWoZYKdW5iugxccE%2bWg&pid=Api", "datePublished": "2022-11-24T18:00:00.0000000", "publisher": [{"name": "zdf.de"}], "contentUrl": "https:\/\/www.zdf.de\/nachrichten\/heute-19-uhr\/russland-lgbtq-video-100.html", "hostPageUrl": "https:\/\/www.zdf.de\/nachrichten\/heute-19-uhr\/russland-lgbtq-video-100.html", "encodingFormat": "", "hostPageDisplayUrl": "https:\/\/www.zdf.de\/nachrichten\/heute-19-uhr\/russland-lgbtq-video-100.html", "width": 768, "height": 432, "duration": "PT1M34S", "thumbnail": {"width": 160, "height": 89}, "isSuperfresh": true}, {"webSearchUrl": "https:\/\/www.bing.com\/videos\/search?q=heute&view=detail&mid=7F0E74DB809C6E790E047F0E74DB809C6E790E04", "name": "Streit um Gaspreisdeckel ", "description": "Die EU will einen Gaspreisdeckel für den Einkauf. Brüssel würde eine Obergrenze benennen, mehr soll nicht bezahlt werden. Darüber streiten die Mitgliedsländer immer erbitterter.", "thumbnailUrl": "https:\/\/tse4.mm.bing.net\/th?id=OVF.Pm1SNBxWvq1qnKLREMOzHA&pid=Api", "datePublished": "2022-11-24T18:00:00.0000000", "publisher": [{"name": "zdf.de"}], "contentUrl": "https:\/\/www.zdf.de\/nachrichten\/heute-19-uhr\/gaspreisdeckel-eu-video-100.html", "hostPageUrl": "https:\/\/www.zdf.de\/nachrichten\/heute-19-uhr\/gaspreisdeckel-eu-video-100.html", "encodingFormat": "", "hostPageDisplayUrl": "https:\/\/www.zdf.de\/nachrichten\/heute-19-uhr\/gaspreisdeckel-eu-video-100.html", "width": 1920, "height": 1080, "duration": "PT1M31S", "thumbnail": {"width": 160, "height": 89}, "isSuperfresh": true}, {"webSearchUrl": "https:\/\/www.bing.com\/videos\/search?q=heute&view=detail&mid=EF9EA1D868E6A5BABD7AEF9EA1D868E6A5BABD7A", "name": "Nach Kritik: Wie geht es den Tönnies-Mitarbeitern heute?", "description": "Die Arbeitsbedingungen in der Fleischindustrie standen vor zwei Jahren stark in der Kritik. Als Konsequenz kam eine Gesetzesänderung. Was sich verändert hat, wollte der Deutsche Gewerkschaftsbund in Weissenfels wissen.", "thumbnailUrl": "https:\/\/tse4.mm.bing.net\/th?id=OVF.dkqzZfQxyADzHu8fzQMf8g&pid=Api", "datePublished": "2022-11-24T18:59:32.0000000", "publisher": [{"name": "mdr.de"}], "contentUrl": "https:\/\/www.mdr.de\/video\/mdr-videos\/a\/video-675802.html", "hostPageUrl": "https:\/\/www.mdr.de\/video\/mdr-videos\/a\/video-675802.html", "encodingFormat": "", "hostPageDisplayUrl": "https:\/\/www.mdr.de\/video\/mdr-videos\/a\/video-675802.html", "width": 1280, "height": 720, "duration": "PT1M44S", "thumbnail": {"width": 160, "height": 89}, "isSuperfresh": true}, {"webSearchUrl": "https:\/\/www.bing.com\/videos\/search?q=heute&view=detail&mid=7C96D552CAB350B5FA9A7C96D552CAB350B5FA9A", "name": "Menschenrechtsrat untersucht Gewalt im Iran ", "description": "Auf Antrag Deutschlands und Islands hat der UN-Menschenrechtsrat eine Untersuchungskommission beschlossen, die das brutale Vorgehen gegen die Proteste im Iran untersuchen soll.", "thumbnailUrl": "https:\/\/tse4.mm.bing.net\/th?id=OVF.PywgxPzatqjXx0otVP9jEw&pid=Api", "datePublished": "2022-11-24T19:45:00.0000000", "publisher": [{"name": "zdf.de"}], "contentUrl": "https:\/\/www.zdf.de\/nachrichten\/heute-journal\/menschenrechtsrat-untersuchung-iran-100.html", "hostPageUrl": "https:\/\/www.zdf.de\/nachrichten\/heute-journal\/menschenrechtsrat-untersuchung-iran-100.html", "encodingFormat": "", "hostPageDisplayUrl": "https:\/\/www.zdf.de\/nachrichten\/heute-journal\/menschenrechtsrat-untersuchung-iran-100.html", "width": 2400, "height": 1350, "duration": "PT1M34S", "thumbnail": {"width": 160, "height": 89}, "isSuperfresh": true}, {"webSearchUrl": "https:\/\/www.bing.com\/videos\/search?q=heute&view=detail&mid=B5808C4C5FD88161AFCCB5808C4C5FD88161AFCC", "name": "Lage in Cherson ", "description": "Der ukrainische Präsident Selenskyj sprach von \"Verbrechen gegen die Menschlichkeit\". Besonders schlimm steht es im zurück eroberten Cherson.", "thumbnailUrl": "https:\/\/tse1.mm.bing.net\/th?id=OVF.imivcV%2fCF%2fziK2EbWVmaHA&pid=Api", "datePublished": "2022-11-24T18:00:00.0000000", "publisher": [{"name": "zdf.de"}], "contentUrl": "https:\/\/www.zdf.de\/nachrichten\/heute-19-uhr\/cherson-lage-ukraine-video-100.html", "hostPageUrl": "https:\/\/www.zdf.de\/nachrichten\/heute-19-uhr\/cherson-lage-ukraine-video-100.html", "encodingFormat": "", "hostPageDisplayUrl": "https:\/\/www.zdf.de\/nachrichten\/heute-19-uhr\/cherson-lage-ukraine-video-100.html", "width": 2400, "height": 1350, "duration": "PT1M39S", "thumbnail": {"width": 160, "height": 89}, "isSuperfresh": true}, {"webSearchUrl": "https:\/\/www.bing.com\/videos\/search?q=heute&view=detail&mid=012335689B9747673785012335689B9747673785", "name": "Gewalt im Iran: UN will unabhängige Untersuchung | BR24", "description": "Der UN-Menschenrechtsrat hat sich heute in einer Sondersitzung mit der Lage im Iran befasst. Deutschland und Island hatten gemeinsam eine Resolution eingebracht, in der eine unabhängige Untersuchung der Lage im Iran gefordert wird. Hier geht's zu unserer BR24-Website: http:\/\/www.BR24.de BR24-Facebook: http:\/\/www.facebook.com\/BR24 BR24-Twitter ...", "thumbnailUrl": "https:\/\/tse4.mm.bing.net\/th?id=OVF.z9XFsHGU0NeI4ujQhVSpgQ&pid=Api", "datePublished": "2022-11-24T18:30:43.0000000", "publisher": [{"name": "YouTube"}], "isAccessibleForFree": true, "contentUrl": "https:\/\/www.youtube.com\/watch?v=IH3hqHtEcmg", "hostPageUrl": "https:\/\/www.youtube.com\/watch?v=IH3hqHtEcmg", "encodingFormat": "", "hostPageDisplayUrl": "https:\/\/www.youtube.com\/watch?v=IH3hqHtEcmg", "width": 1280, "height": 720, "duration": "PT8M26S", "embedHtml": "<iframe width=\"1280\" height=\"720\" src=\"http:\/\/www.youtube.com\/embed\/IH3hqHtEcmg?autoplay=1\" frameborder=\"0\" allowfullscreen><\/iframe>", "allowHttpsEmbed": true, "viewCount": 14, "thumbnail": {"width": 160, "height": 120}, "allowMobileEmbed": true, "isSuperfresh": true}, {"webSearchUrl": "https:\/\/www.bing.com\/videos\/search?q=heute&view=detail&mid=717FAD6BD9E8C4546B62717FAD6BD9E8C4546B62", "name": "Chersons Behörden rufen zur Evakuierung auf ", "description": "Wegen der gefährlichen Lebensbedingungen durch Versorgungsengpässe sollen die Bewohner ihre Stadt verlassen. Viele hoffen, ihre Kinder wiederzusehen.", "thumbnailUrl": "https:\/\/tse1.mm.bing.net\/th?id=OVF.SQkRgxS%2bQ6EuBd9B%2bdZeVg&pid=Api", "datePublished": "2022-11-24T15:32:00.0000000", "publisher": [{"name": "zdf.de"}], "contentUrl": "https:\/\/www.zdf.de\/nachrichten\/heute-sendungen\/behoerden-empfehlen-evakuierung-cherson-video-100.html", "hostPageUrl": "https:\/\/www.zdf.de\/nachrichten\/heute-sendungen\/behoerden-empfehlen-evakuierung-cherson-video-100.html", "encodingFormat": "", "hostPageDisplayUrl": "https:\/\/www.zdf.de\/nachrichten\/heute-sendungen\/behoerden-empfehlen-evakuierung-cherson-video-100.html", "width": 2400, "height": 1350, "duration": "PT1M12S", "thumbnail": {"width": 160, "height": 89}, "isSuperfresh": true}, {"webSearchUrl": "https:\/\/www.bing.com\/videos\/search?q=heute&view=detail&mid=B254666F33006D599513B254666F33006D599513", "name": "Tele M1 - Seit heute fiebert man also auch bei uns richtig...", "description": "Seit heute fiebert man also auch bei uns richtig mit und das auch trotz gewöhnungsbedürftigen Anspielzeiten. Da fragt es sich, kommen überhaupt Leute...", "thumbnailUrl": "https:\/\/tse1.mm.bing.net\/th?id=OVF.OZZBg7zaZjcl970okETLyw&pid=Api", "datePublished": "2022-11-24T18:06:51.0000000", "publisher": [{"name": "Facebook"}], "contentUrl": "https:\/\/www.facebook.com\/m1tele\/videos\/seit-heute-fiebert-man-also-auch-bei-uns-richtig-mit-und-das-auch-trotz-gew%C3%B6hnun\/1175872176334918\/", "hostPageUrl": "https:\/\/www.facebook.com\/m1tele\/videos\/seit-heute-fiebert-man-also-auch-bei-uns-richtig-mit-und-das-auch-trotz-gew%C3%B6hnun\/1175872176334918\/", "encodingFormat": "mp4", "hostPageDisplayUrl": "https:\/\/www.facebook.com\/m1tele\/videos\/seit-heute-fiebert-man-also-auch-bei-uns-richtig-mit-und-das-auch-trotz-gew%C3%B6hnun\/1175872176334918\/", "width": 1024, "height": 1024, "duration": "PT41S", "motionThumbnailUrl": "https:\/\/tse1.mm.bing.net\/th?id=OM.E5VZbQAzb2ZUsg&pid=Api", "embedHtml": "<iframe src=\"https:\/\/www.facebook.com\/plugins\/video.php?href=https:\/\/www.facebook.com\/m1tele\/videos\/seit-heute-fiebert-man-also-auch-bei-uns-richtig-mit-und-das-auch-trotz-gew%C3%B6hnun\/1175872176334918\/&show_text=0&width=410&height=238\" width=\"410\" height=\"238\" style=\"border:none;overflow:hidden\" scrolling=\"no\" frameborder=\"0\" allowTransparency=\"true\" allowFullScreen=\"true\"><\/iframe>", "allowHttpsEmbed": true, "thumbnail": {"width": 160, "height": 160}, "isSuperfresh": true}], "scenario": "List"}, "rankingResponse": {"mainline": {"items": [{"answerType": "WebPages", "resultIndex": 0, "value": {"id": "https:\/\/api.bing.microsoft.com\/api\/v7\/#WebPages.0"}}, {"answerType": "WebPages", "resultIndex": 1, "value": {"id": "https:\/\/api.bing.microsoft.com\/api\/v7\/#WebPages.1"}}, {"answerType": "WebPages", "resultIndex": 2, "value": {"id": "https:\/\/api.bing.microsoft.com\/api\/v7\/#WebPages.2"}}, {"answerType": "WebPages", "resultIndex": 3, "value": {"id": "https:\/\/api.bing.microsoft.com\/api\/v7\/#WebPages.3"}}, {"answerType": "WebPages", "resultIndex": 4, "value": {"id": "https:\/\/api.bing.microsoft.com\/api\/v7\/#WebPages.4"}}, {"answerType": "Videos", "value": {"id": "https:\/\/api.bing.microsoft.com\/api\/v7\/#Videos"}}, {"answerType": "WebPages", "resultIndex": 5, "value": {"id": "https:\/\/api.bing.microsoft.com\/api\/v7\/#WebPages.5"}}]}, "sidebar": {"items": [{"answerType": "Images", "value": {"id": "https:\/\/api.bing.microsoft.com\/api\/v7\/#Images"}}]}}}