{"_type": "SearchResponse", "queryContext": {"originalQuery": "limited"}, "webPages": {"webSearchUrl": "https:\/\/www.bing.com\/search?q=limited", "totalEstimatedMatches": 1060000000, "value": [{"id": "https:\/\/api.bing.microsoft.com\/api\/v7\/#WebPages.0", "contractualRules": [{"_type": "ContractualRules\/LicenseAttribution", "targetPropertyName": "snippet", "targetPropertyIndex": 0, "mustBeCloseToContent": true, "license": {"name": "CC-BY-SA", "url": "http:\/\/creativecommons.org\/licenses\/by-sa\/3.0\/"}, "licenseNotice": "Text lizenziert unter CC-BY-SA"}], "name": "Limited – Wikipedia", "url": "https:\/\/de.wikipedia.org\/wiki\/Limited", "isFamilyFriendly": true, "displayUrl": "https:\/\/de.wikipedia.org\/wiki\/Limited", "snippet": "Limited ist eine Bezeichnung für eine Kapitalgesellschaft in vielen Ländern, die zum Commonwealth oder zu ehemaligen englischen Kolonien gehören, und steht für: einer von verschiedenen beliebigen englischen Übersetzungen von kabushiki-gaisha (lateinisch KK abgekürzt, Aktiengesellschaft), einer Rechtsform für Unternehmen in Japan.", "dateLastCrawled": "2022-11-19T19:14:00.0000000Z", "language": "de", "isNavigational": false}, {"id": "https:\/\/api.bing.microsoft.com\/api\/v7\/#WebPages.1", "name": "Limited - Rechtsform englische Limited in Deutschland ① - UG-Ltd.de", "url": "https:\/\/www.ug-ltd.de\/limited.html", "thumbnailUrl": "https:\/\/www.bing.com\/th?id=OIP.0yLRmAydGZY3VYF98Q1kLgAAAA&w=80&h=80&c=1&pid=5.1", "isFamilyFriendly": true, "displayUrl": "https:\/\/www.ug-ltd.de\/limited.html", "snippet": "Die englische Limited (Ltd.) in Deutschland Rechtsform Limited: Private Limited Company by shares. In England ist die Limited (abgekürzt als Ltd., genauer die Private Limited Company by shares) die beliebteste Rechtsform bzw. Gesellschaftsform. Abzugrenzen ist die “Limited” von der PLC, der Public Limited Company. Diese Limited entspricht eher unserer Aktiengesellschaft, deren Anteile (Aktien) öffentlich erhältlich sind. Auf diesem Portal geht aber nur um die Limited in ersterem Sinne.", "dateLastCrawled": "2022-11-18T23:05:00.0000000Z", "language": "de", "isNavigational": false}, {"id": "https:\/\/api.bing.microsoft.com\/api\/v7\/#WebPages.2", "name": "limited | Übersetzung Englisch-Deutsch - dict.cc", "url": "https:\/\/www.dict.cc\/?s=limited", "isFamilyFriendly": true, "displayUrl": "https:\/\/www.dict.cc\/?s=limited", "snippet": "Limited <Ltd.> Gesellschaft {f} mit beschränkter Haftung <GmbH> 2 Wörter: Andere: computer-limited {adj} rechnerbegrenzt: electr. current-limited {adj} strombegrenzt: optics phys. diffraction-limited {adj} beugungsbegrenzt: equilibrium-limited {adj} gleichgewichtslimitiert: comp. limited recurrent {adj} partiell rekursiv: tech. limited resistance {adj} [postpos.] bedingt beständig", "dateLastCrawled": "2022-11-19T08:33:00.0000000Z", "language": "de", "isNavigational": false}, {"id": "https:\/\/api.bing.microsoft.com\/api\/v7\/#WebPages.3", "name": "Die englische Limited - Das sollten Sie wissen - Alle Infos | Anwalt-KG2022", "url": "https:\/\/anwalt-kg.de\/gesellschaftsrecht\/limited-gruendung\/", "isFamilyFriendly": true, "displayUrl": "https:\/\/anwalt-kg.de\/gesellschaftsrecht\/limited-gruendung", "snippet": "Da die Limited ist eine Kapitalgesellschaft ist, gelten grundsätzlich die gleichen Steuerpflichten (Körperschaftssteuer, Gewerbesteuer, Umsatzsteuer) und Buchführungs- sowie Bilanzierungspflichten wie bei der UG . Zusätzlich englische Steuern. Außerdem gelten für die Limited auch gewisse englische Steuer- und Publizitätspflichten. Erforderlich ist eine Steuererklärung und ein Jahresabschluss nach englischen Standards. Allerdings ist auf Antrag eine", "dateLastCrawled": "2022-11-19T21:10:00.0000000Z", "language": "de", "isNavigational": false}, {"id": "https:\/\/api.bing.microsoft.com\/api\/v7\/#WebPages.4", "name": "Limited gründen in Deutschland - fuer-gruender.de", "url": "https:\/\/www.fuer-gruender.de\/wissen\/existenzgruendung-planen\/recht-und-steuern\/rechtsform\/ltd\/", "isFamilyFriendly": true, "displayUrl": "https:\/\/www.fuer-gruender.de\/wissen\/existenzgruendung-planen\/recht-und-steuern\/...", "snippet": "Wenn Sie eine Limited gründen, ist anders als bei der GmbH keine notarielle Beglaubigung nötig. Wenn Sie eine Limited gründen, hat zunächst eine Anmeldung der Limited beim englischen Unternehmensregister zu erfolgen. Dafür muss eine Büroadresse in England bestehen. Die Anmeldung der Ltd. übernehmen darauf spezialisierte Dienstleister für eine jährliche Gebühr, die mehrere hundert Euro im Jahr beträgt.", "dateLastCrawled": "2022-11-19T18:36:00.0000000Z", "language": "de", "isNavigational": false}, {"id": "https:\/\/api.bing.microsoft.com\/api\/v7\/#WebPages.5", "name": "Limited24 - Start", "url": "https:\/\/www.limited24.de\/", "isFamilyFriendly": true, "displayUrl": "https:\/\/www.limited24.de", "snippet": "Herzlich willkommen bei Limited24, dem Marktführer für Auslandsfirmen, die in Deutschland rechtsfähig sind. Jede über uns gegründete und betreute Limited, Stiftungs-Limited und LLC profitiert von der Erfahrung aus über 10.000 Gründungen seit 2003.", "dateLastCrawled": "2022-11-19T13:21:00.0000000Z", "language": "de", "isNavigational": false}, {"id": "https:\/\/api.bing.microsoft.com\/api\/v7\/#WebPages.6", "name": "Limited Sports eShop - Tennisbekleidung günstig online kaufen", "url": "https:\/\/www.limited-sports.com\/", "isFamilyFriendly": true, "displayUrl": "https:\/\/www.limited-sports.com", "snippet": "Limited Sports eShop - Tennisbekleidung günstig online kaufen. Kostenloser Versand ab 30 € Bestellwert. Schneller Versand. Kostenlose Retouren. Hotline: +49 (0)7361-37000 Mo. - Fr. 8.00 - 15.00 Uhr. Newcomer.", "dateLastCrawled": "2022-11-21T03:09:00.0000000Z", "language": "de", "isNavigational": false}, {"id": "https:\/\/api.bing.microsoft.com\/api\/v7\/#WebPages.7", "name": "Deutsche Limited nach dem Brexit | IHK München", "url": "https:\/\/www.ihk-muenchen.de\/recht\/gesellschaftsrecht\/brexit-limited\/", "isFamilyFriendly": true, "displayUrl": "https:\/\/www.ihk-muenchen.de\/recht\/gesellschaftsrecht\/brexit-limited", "snippet": "Da eine Limited mit einer deutscher GmbH zu vergleichen ist, liegt es nahe, die Rechtsform entsprechend zu ändern. Auch eine GmbH ist haftungsbeschränkt. Mit einer \"Verschmelzung\" können Sie ihr Unternehmen in eine GmbH umwandeln. Der Vorteil ist, dass die Geschäfte nahtlos weitergehen können. Die GmbH ist dann der Rechtsnachfolger der Limited und kann weiter betrieben werden.", "dateLastCrawled": "2022-11-20T22:53:00.0000000Z", "language": "de", "isNavigational": false}, {"id": "https:\/\/api.bing.microsoft.com\/api\/v7\/#WebPages.8", "contractualRules": [{"_type": "ContractualRules\/LicenseAttribution", "targetPropertyName": "snippet", "targetPropertyIndex": 8, "mustBeCloseToContent": true, "license": {"name": "CC-BY-SA", "url": "http:\/\/creativecommons.org\/licenses\/by-sa\/3.0\/"}, "licenseNotice": "Text lizenziert unter CC-BY-SA"}], "name": "Kapitalgesellschaft (Vereinigtes Königreich) – Wikipedia", "url": "https:\/\/de.wikipedia.org\/wiki\/Kapitalgesellschaft_(Vereinigtes_K%C3%B6nigreich)", "isFamilyFriendly": true, "displayUrl": "https:\/\/de.wikipedia.org\/wiki\/Kapitalgesellschaft_(Vereinigtes_Königreich)", "snippet": "Limited Company wird im britischen Gesellschaftsrecht die nicht börsennotierte Kapitalgesellschaft genannt. Sie gleicht eher der deutschen GmbH als der Aktiengesellschaft. Die Limited Company ist im Vereinigten Königreich auch für kleine und mittlere Unternehmen die gebräuchlichste Form der Kapitalgesellschaft und erfüllt damit als Private Company ähnliche wirtschaftliche Funktionen wie die deutsche oder österreichische Gesellschaft mit beschränkter Haftung oder kleine ...", "dateLastCrawled": "2022-11-19T23:23:00.0000000Z", "language": "de", "isNavigational": false}, {"id": "https:\/\/api.bing.microsoft.com\/api\/v7\/#WebPages.9", "name": "Damen | Limited Sports eShop - Tennisbekleidung günstig online kaufen", "url": "https:\/\/www.limited-sports.com\/Damen\/", "isFamilyFriendly": true, "displayUrl": "https:\/\/www.limited-sports.com\/Damen", "snippet": "MODEBEWUSSTSEIN & FUNKTIONALITÄT. Unsere kompromisslose Tennisbekleidung steht für einen hohen Anspruch an Qualität, modischer Aussage und Passform. Jacken zum Warmup, aber auch zum Shopping, Blousons mit Strickbündchen, Warmuphosen, Jogpants, Plissee-Skorts und andere. Shorts, Capristyles und Bermudas - je nach Laune.", "dateLastCrawled": "2022-11-20T16:26:00.0000000Z", "language": "de", "isNavigational": false}]}, "relatedSearches": {"id": "https:\/\/api.bing.microsoft.com\/api\/v7\/#RelatedSearches", "value": [{"text": "limited deutsch", "displayText": "limited deutsch", "webSearchUrl": "https:\/\/www.bing.com\/search?q=limited+deutsch"}, {"text": "limited abkürzung", "displayText": "limited abkürzung", "webSearchUrl": "https:\/\/www.bing.com\/search?q=limited+abk%C3%BCrzung"}, {"text": "limited deutschland", "displayText": "limited deutschland", "webSearchUrl": "https:\/\/www.bing.com\/search?q=limited+deutschland"}, {"text": "limited company deutsch", "displayText": "limited company deutsch", "webSearchUrl": "https:\/\/www.bing.com\/search?q=limited+company+deutsch"}, {"text": "limited uk", "displayText": "limited uk", "webSearchUrl": "https:\/\/www.bing.com\/search?q=limited+uk"}, {"text": "finxp limited betrug", "displayText": "finxp limited betrug", "webSearchUrl": "https:\/\/www.bing.com\/search?q=finxp+limited+betrug"}, {"text": "limited vinyl", "displayText": "limited vinyl", "webSearchUrl": "https:\/\/www.bing.com\/search?q=limited+vinyl"}, {"text": "was ist eine limited gesellschaft", "displayText": "was ist eine limited gesellschaft", "webSearchUrl": "https:\/\/www.bing.com\/search?q=was+ist+eine+limited+gesellschaft"}]}, "rankingResponse": {"mainline": {"items": [{"answerType": "WebPages", "resultIndex": 0, "value": {"id": "https:\/\/api.bing.microsoft.com\/api\/v7\/#WebPages.0"}}, {"answerType": "WebPages", "resultIndex": 1, "value": {"id": "https:\/\/api.bing.microsoft.com\/api\/v7\/#WebPages.1"}}, {"answerType": "WebPages", "resultIndex": 2, "value": {"id": "https:\/\/api.bing.microsoft.com\/api\/v7\/#WebPages.2"}}, {"answerType": "WebPages", "resultIndex": 3, "value": {"id": "https:\/\/api.bing.microsoft.com\/api\/v7\/#WebPages.3"}}, {"answerType": "WebPages", "resultIndex": 4, "value": {"id": "https:\/\/api.bing.microsoft.com\/api\/v7\/#WebPages.4"}}, {"answerType": "WebPages", "resultIndex": 5, "value": {"id": "https:\/\/api.bing.microsoft.com\/api\/v7\/#WebPages.5"}}, {"answerType": "WebPages", "resultIndex": 6, "value": {"id": "https:\/\/api.bing.microsoft.com\/api\/v7\/#WebPages.6"}}, {"answerType": "WebPages", "resultIndex": 7, "value": {"id": "https:\/\/api.bing.microsoft.com\/api\/v7\/#WebPages.7"}}, {"answerType": "WebPages", "resultIndex": 8, "value": {"id": "https:\/\/api.bing.microsoft.com\/api\/v7\/#WebPages.8"}}, {"answerType": "WebPages", "resultIndex": 9, "value": {"id": "https:\/\/api.bing.microsoft.com\/api\/v7\/#WebPages.9"}}, {"answerType": "RelatedSearches", "value": {"id": "https:\/\/api.bing.microsoft.com\/api\/v7\/#RelatedSearches"}}]}}}