{"_type": "SearchResponse", "queryContext": {"originalQuery": "news"}, "webPages": {"webSearchUrl": "https:\/\/www.bing.com\/search?q=news", "totalEstimatedMatches": 2480000000, "value": [{"id": "https:\/\/api.bing.microsoft.com\/api\/v7\/#WebPages.0", "name": "news.de - mehr als Nachrichten und News, die Sie bewegen", "url": "https:\/\/www.news.de\/", "isFamilyFriendly": true, "displayUrl": "https:\/\/www.news.de", "snippet": "Promi News und Aktuelles aus Sport, TV & Web. Jetzt Sportnachrichten von Fußball bis Boxen und das Neueste aus Klatsch und Tratsch per Newsticker, Fotos & Videos verfolgen! Neben den aktuellen Nachrichten aus Politik und Wirtschaft unterhalten wir Sie mit Promi-News, live News zum Bundesliga-Endspurt und aktuellen TV-Events.", "dateLastCrawled": "2022-11-23T14:39:00.0000000Z", "language": "de", "isNavigational": false}, {"id": "https:\/\/api.bing.microsoft.com\/api\/v7\/#WebPages.1", "name": "Nachrichten, aktuelle Schlagzeilen und Videos - n-tv.de", "url": "https:\/\/www.n-tv.de\/", "thumbnailUrl": "https:\/\/www.bing.com\/th?id=OIP.pEU8Bs5Ru31h-ahGEv7R7wHaHa&w=80&h=80&c=1&pid=5.1", "isFamilyFriendly": true, "displayUrl": "https:\/\/www.n-tv.de", "snippet": "Nachrichten seriös, schnell und kompetent. Artikel und Videos aus Politik, Wirtschaft, Börse, Sport und aller Welt.", "deepLinks": [{"name": "Das Neueste", "url": "https:\/\/www.n-tv.de\/home\/Das_Neueste\/"}, {"name": "Börsenkurse", "url": "https:\/\/www.n-tv.de\/boersenkurse\/"}, {"name": "Sport", "url": "https:\/\/www.n-tv.de\/sport\/"}, {"name": "Politik", "url": "https:\/\/www.n-tv.de\/politik\/"}, {"name": "Ntv Live", "url": "https:\/\/www.n-tv.de\/mediathek\/livestream\/24-Stunden-ntv-Livestream-article9511936.html"}, {"name": "Wirtschaft", "url": "https:\/\/www.n-tv.de\/wirtschaft\/"}], "dateLastCrawled": "2022-11-22T10:25:00.0000000Z", "language": "de", "isNavigational": false}, {"id": "https:\/\/api.bing.microsoft.com\/api\/v7\/#WebPages.2", "name": "Search News - Bing", "url": "https:\/\/www.bing.com\/news", "isFamilyFriendly": true, "displayUrl": "https:\/\/www.bing.com\/news", "snippet": "News from world, national, and local news sources, organized to give you in-depth news coverage of sports, entertainment, business, politics, weather, and more.", "dateLastCrawled": "2022-11-22T10:14:00.0000000Z", "language": "en", "isNavigational": false}, {"id": "https:\/\/api.bing.microsoft.com\/api\/v7\/#WebPages.3", "name": "Nachrichten aktuell • NEWS.AT", "url": "https:\/\/www.news.at\/", "isFamilyFriendly": true, "displayUrl": "https:\/\/www.news.at", "snippet": "Aktuelle Nachrichten aus aller Welt. News, Fotos, Videos von Promis und VIPs. Society, Sport, Wirtschaft, Politik und Kultur-Nachrichten.", "dateLastCrawled": "2022-11-21T23:17:00.0000000Z", "language": "de", "isNavigational": false}, {"id": "https:\/\/api.bing.microsoft.com\/api\/v7\/#WebPages.4", "name": "CHIP - News-Übersicht", "url": "https:\/\/www.chip.de\/nachrichten", "isFamilyFriendly": true, "displayUrl": "https:\/\/www.chip.de\/nachrichten", "snippet": "News aktuell bei CHIP: Hier finden Sie die neuesten Nachrichten zu Smartphones, Downloads, Technik und Themen für den Alltag. In diesem Channel verpassen Sie garantiert keine Neuigkeit mehr.", "dateLastCrawled": "2022-11-22T08:05:00.0000000Z", "language": "de", "isNavigational": false}, {"id": "https:\/\/api.bing.microsoft.com\/api\/v7\/#WebPages.5", "name": "Karlsruhe - Regionale Nachrichten | ka-news.de | ka-news", "url": "https:\/\/www.ka-news.de\/region\/karlsruhe\/", "isFamilyFriendly": true, "displayUrl": "https:\/\/www.ka-news.de\/region\/karlsruhe", "snippet": "Aktuelle Nachrichten und Bilder aus Karlsruhe sowie Veranstaltungen, Verkehrsmeldungen, Polizei-Nachrichten und Sport.", "dateLastCrawled": "2022-11-23T14:27:00.0000000Z", "language": "de", "isNavigational": false}, {"id": "https:\/\/api.bing.microsoft.com\/api\/v7\/#WebPages.6", "name": "Karlsruhe - BNN", "url": "https:\/\/bnn.de\/karlsruhe", "isFamilyFriendly": true, "displayUrl": "https:\/\/bnn.de\/karlsruhe", "snippet": "Nachrichten aus Karlsruhe: News zu Gemeinderat, Verkehr, Sport, Veranstaltungen und Polizei-Meldungen Interviews und Bilder Jetzt informieren", "dateLastCrawled": "2022-11-22T03:15:00.0000000Z", "language": "de", "isNavigational": false}, {"id": "https:\/\/api.bing.microsoft.com\/api\/v7\/#WebPages.7", "name": "SWR Aktuell Studio Karlsruhe - SWR Aktuell", "url": "https:\/\/www.swr.de\/swraktuell\/baden-wuerttemberg\/karlsruhe\/index.html", "thumbnailUrl": "https:\/\/www.bing.com\/th?id=OIP.dapzhHOnP9G-zc-gp0xNSQAAAA&w=80&h=80&c=1&pid=5.1", "isFamilyFriendly": true, "displayUrl": "https:\/\/www.swr.de\/swraktuell\/baden-wuerttemberg\/karlsruhe", "snippet": "Die Homepage von SWR Aktuell Studio Karlsruhe mit Nachrichten, Ereignissen und Wetter aus der Region um Karlsruhe, Rastatt, Pforzheim, Baden-Baden, Bruchsal", "dateLastCrawled": "2022-11-21T03:51:00.0000000Z", "language": "de", "isNavigational": false}, {"id": "https:\/\/api.bing.microsoft.com\/api\/v7\/#WebPages.8", "name": "News - PC-WELT", "url": "https:\/\/www.pcwelt.de\/news", "isFamilyFriendly": true, "displayUrl": "https:\/\/www.pcwelt.de\/news", "snippet": "Die wichtigsten IT-News, präsentiert von den Experten von PC-WELT, der zuverlässigen Quelle für technische Informationen, Tests, Ratgeber und Kaufberatungen für Verbraucher.", "dateLastCrawled": "2022-11-22T06:40:00.0000000Z", "language": "de", "isNavigational": false}, {"id": "https:\/\/api.bing.microsoft.com\/api\/v7\/#WebPages.9", "name": "Karlsruhe News - die Nachrichten für die Fächerstadt - meinKA", "url": "https:\/\/meinka.de\/karlsruhe-news\/", "thumbnailUrl": "https:\/\/www.bing.com\/th?id=OIP.gDpMrA67zM39WbwJZCD6gAHaEK&w=80&h=80&c=1&pid=5.1", "isFamilyFriendly": true, "displayUrl": "https:\/\/meinka.de\/karlsruhe-news", "snippet": "Wer immer auf dem Laufenden sein möchte, findet in der News-Rubrik von meinKA stets die neusten Informationen rund um die Fächerstadt und die Region Karlsruhe. In einer vielfältigen und aktuellen Themenauswahl präsentiert meinKA seinen Lesern das Stadtgeschehen Karlsruhes. Hierzu gehören unter anderem die Bereiche Veranstaltungen ...", "dateLastCrawled": "2022-11-20T19:17:00.0000000Z", "language": "de", "isNavigational": false}]}, "relatedSearches": {"id": "https:\/\/api.bing.microsoft.com\/api\/v7\/#RelatedSearches", "value": [{"text": "neueste nachrichten aus aller welt", "displayText": "neueste nachrichten aus aller welt", "webSearchUrl": "https:\/\/www.bing.com\/search?q=neueste+nachrichten+aus+aller+welt"}, {"text": "neue nachrichten aktuell", "displayText": "neue nachrichten aktuell", "webSearchUrl": "https:\/\/www.bing.com\/search?q=neue+nachrichten+aktuell"}, {"text": "neueste nachricht", "displayText": "neueste nachricht", "webSearchUrl": "https:\/\/www.bing.com\/search?q=neueste+nachricht"}, {"text": "aktuelle schlagzeilen heute", "displayText": "aktuelle schlagzeilen heute", "webSearchUrl": "https:\/\/www.bing.com\/search?q=aktuelle+schlagzeilen+heute"}, {"text": "neueste nachrichten aus", "displayText": "neueste nachrichten aus", "webSearchUrl": "https:\/\/www.bing.com\/search?q=neueste+nachrichten+aus"}, {"text": "news die bewegen", "displayText": "news die bewegen", "webSearchUrl": "https:\/\/www.bing.com\/search?q=news+die+bewegen"}, {"text": "nachrichten aktuelle", "displayText": "nachrichten aktuelle", "webSearchUrl": "https:\/\/www.bing.com\/search?q=nachrichten+aktuelle"}, {"text": "my news aktuell", "displayText": "my news aktuell", "webSearchUrl": "https:\/\/www.bing.com\/search?q=my+news+aktuell"}]}, "videos": {"id": "https:\/\/api.bing.microsoft.com\/api\/v7\/#Videos", "readLink": "https:\/\/api.bing.microsoft.com\/api\/v7\/videos\/search?q=news", "webSearchUrl": "https:\/\/www.bing.com\/videos\/search?q=news", "isFamilyFriendly": true, "value": [{"webSearchUrl": "https:\/\/www.bing.com\/videos\/search?q=news&view=detail&mid=8A5A800251365689B99D8A5A800251365689B99D", "name": "24.11.2022 20:00 - Tagesschau 20 Uhr", "description": "24.11.2022 20:00 - Tagesschau 20 Uhr", "thumbnailUrl": "https:\/\/tse4.mm.bing.net\/th?id=OVF.lZhNbDQMFLB14CvMvy7nbg&pid=Api", "datePublished": "2022-11-24T19:27:25.0000000", "publisher": [{"name": "Microsoft News"}], "contentUrl": "https:\/\/www.msn.com\/de-de\/nachrichten\/movies\/24112022-2000-tagesschau-20-uhr\/vi-AA14vYBg", "hostPageUrl": "https:\/\/www.msn.com\/de-de\/nachrichten\/movies\/24112022-2000-tagesschau-20-uhr\/vi-AA14vYBg", "encodingFormat": "mp4", "hostPageDisplayUrl": "https:\/\/www.msn.com\/de-de\/nachrichten\/movies\/24112022-2000-tagesschau-20-uhr\/vi-AA14vYBg", "width": 960, "height": 540, "duration": "PT15M26S", "motionThumbnailUrl": "https:\/\/tse4.mm.bing.net\/th?id=OM.nbmJVjZRAoBaig&pid=Api", "thumbnail": {"width": 160, "height": 89}, "isSuperfresh": true}, {"webSearchUrl": "https:\/\/www.bing.com\/videos\/search?q=news&view=detail&mid=742C55C0458E4002DA41742C55C0458E4002DA41", "name": "24.11.2022 16:00 - Tagesschau", "description": "24.11.2022 16:00 - Tagesschau", "thumbnailUrl": "https:\/\/tse4.mm.bing.net\/th?id=OVF.68fbV%2fwe0rNcrFYGee5koQ&pid=Api", "datePublished": "2022-11-24T15:20:37.0000000", "publisher": [{"name": "Microsoft News"}], "contentUrl": "https:\/\/www.msn.com\/de-de\/nachrichten\/video\/24112022-1600-tagesschau\/vi-AA14vOYN", "hostPageUrl": "https:\/\/www.msn.com\/de-de\/nachrichten\/video\/24112022-1600-tagesschau\/vi-AA14vOYN", "encodingFormat": "mp4", "hostPageDisplayUrl": "https:\/\/www.msn.com\/de-de\/nachrichten\/video\/24112022-1600-tagesschau\/vi-AA14vOYN", "width": 960, "height": 540, "duration": "PT7M9S", "motionThumbnailUrl": "https:\/\/tse4.mm.bing.net\/th?id=OM.QdoCQI5FwFUsdA&pid=Api", "thumbnail": {"width": 160, "height": 89}, "isSuperfresh": true}, {"webSearchUrl": "https:\/\/www.bing.com\/videos\/search?q=news&view=detail&mid=18E0292F5F1D681288ED18E0292F5F1D681288ED", "name": "Putins Terror: Frontalangriff auf Ukraine", "description": "Am Mittwoch war nach massiven russischen Raketenangriffen auf die ukrainische Energieinfrastruktur landesweit die Stromversorgung ausgefallen. Das russische Militär hatte nach Angaben Kiews etwa 70 Raketen und Drohnen auf die Ukraine abgeschossen. Nur langsam erholt sich die Ukraine von den Blackouts.", "thumbnailUrl": "https:\/\/tse1.mm.bing.net\/th?id=OVF.iNJ7fL2vefJCQ02fGGbMfQ&pid=Api", "datePublished": "2022-11-24T18:52:05.0000000", "publisher": [{"name": "Microsoft News"}], "contentUrl": "https:\/\/www.msn.com\/de-at\/gesundheit\/news\/putins-terror-frontalangriff-auf-ukraine\/vi-AA14vYpq", "hostPageUrl": "https:\/\/www.msn.com\/de-at\/gesundheit\/news\/putins-terror-frontalangriff-auf-ukraine\/vi-AA14vYpq", "encodingFormat": "", "hostPageDisplayUrl": "https:\/\/www.msn.com\/de-at\/gesundheit\/news\/putins-terror-frontalangriff-auf-ukraine\/vi-AA14vYpq", "width": 768, "height": 432, "duration": "PT2M24S", "thumbnail": {"width": 160, "height": 89}, "isSuperfresh": true}, {"webSearchUrl": "https:\/\/www.bing.com\/videos\/search?q=news&view=detail&mid=938E8E8300CC2A3B9658938E8E8300CC2A3B9658", "name": "Mord Aschau im Chiemgau: Verdächtiger zunächst als Zeuge gesucht?", "description": "Im Fall des Mordes an der 23-Jährigen in Aschau im Chiemgau wurde der Tatverdächtige offenbar zunächst als Zeuge gesucht. Das berichten mehrere Medien. Weitere Informationen dazu.", "thumbnailUrl": "https:\/\/tse3.mm.bing.net\/th?id=OVF.Z0yPcoW8AQ4yXSSCilmZ9Q&pid=Api", "datePublished": "2022-11-24T17:50:42.0000000", "publisher": [{"name": "Microsoft News"}], "contentUrl": "https:\/\/www.msn.com\/de-de\/nachrichten\/wissenundtech\/mord-aschau-im-chiemgau-verd%C3%A4chtiger-zun%C3%A4chst-als-zeuge-gesucht\/vi-AA14wh9L", "hostPageUrl": "https:\/\/www.msn.com\/de-de\/nachrichten\/wissenundtech\/mord-aschau-im-chiemgau-verd%C3%A4chtiger-zun%C3%A4chst-als-zeuge-gesucht\/vi-AA14wh9L", "encodingFormat": "", "hostPageDisplayUrl": "https:\/\/www.msn.com\/de-de\/nachrichten\/wissenundtech\/mord-aschau-im-chiemgau-verd%c3%a4chtiger-zun%c3%a4chst-als-zeuge-gesucht\/vi-AA14wh9L", "width": 1280, "height": 720, "duration": "PT25S", "thumbnail": {"width": 160, "height": 89}, "isSuperfresh": true}, {"webSearchUrl": "https:\/\/www.bing.com\/videos\/search?q=news&view=detail&mid=3A91E2A98FB2C64B80613A91E2A98FB2C64B8061", "name": "Rabatt-Jagd am Black-Friday: Was wirklich hinter den Angeboten steckt", "description": "Black Friday - ein Tag voller Rabatte und Schnäppchen. Doch was steckt wirklich hinter diesen Angeboten? Wir gehen der Sache mit dem Münchner Marketing-Experten Roger Rankel auf den Grund.", "thumbnailUrl": "https:\/\/tse4.mm.bing.net\/th?id=OVF.zTequEmukLwT1faJR9cBLg&pid=Api", "datePublished": "2022-11-24T17:50:39.0000000", "publisher": [{"name": "Microsoft News"}], "contentUrl": "https:\/\/www.msn.com\/de-de\/finanzen\/newspanorama\/rabatt-jagd-am-black-friday-was-wirklich-hinter-den-angeboten-steckt\/vi-AA14w7tn", "hostPageUrl": "https:\/\/www.msn.com\/de-de\/finanzen\/newspanorama\/rabatt-jagd-am-black-friday-was-wirklich-hinter-den-angeboten-steckt\/vi-AA14w7tn", "encodingFormat": "", "hostPageDisplayUrl": "https:\/\/www.msn.com\/de-de\/finanzen\/newspanorama\/rabatt-jagd-am-black-friday-was-wirklich-hinter-den-angeboten-steckt\/vi-AA14w7tn", "width": 1280, "height": 720, "duration": "PT3M21S", "thumbnail": {"width": 160, "height": 89}, "isSuperfresh": true}, {"webSearchUrl": "https:\/\/www.bing.com\/videos\/search?q=news&view=detail&mid=8EF42FEB3127EA6EC5C78EF42FEB3127EA6EC5C7", "name": "MEMA TV NEWS - Brucker Waldweihnacht Eröffnung", "description": "MEMA TV NEWS - Brucker Waldweihnacht Eröffnung", "thumbnailUrl": "https:\/\/tse1.mm.bing.net\/th?id=OVF.uGnhhirXM0D3nGMy8b9gWQ&pid=Api", "datePublished": "2022-11-24T20:38:54.0000000", "publisher": [{"name": "YouTube"}], "isAccessibleForFree": true, "contentUrl": "https:\/\/www.youtube.com\/watch?v=ggZHMNRd7WA", "hostPageUrl": "https:\/\/www.youtube.com\/watch?v=ggZHMNRd7WA", "encodingFormat": "", "hostPageDisplayUrl": "https:\/\/www.youtube.com\/watch?v=ggZHMNRd7WA", "width": 1280, "height": 720, "duration": "PT3M54S", "embedHtml": "<iframe width=\"1280\" height=\"720\" src=\"http:\/\/www.youtube.com\/embed\/ggZHMNRd7WA?autoplay=1\" frameborder=\"0\" allowfullscreen><\/iframe>", "allowHttpsEmbed": true, "viewCount": 1, "thumbnail": {"width": 160, "height": 120}, "allowMobileEmbed": true, "isSuperfresh": true}, {"webSearchUrl": "https:\/\/www.bing.com\/videos\/search?q=news&view=detail&mid=84244BC44A2E59A7727284244BC44A2E59A77272", "name": "24.11.2022 06:00 - Tagesschau", "description": "24.11.2022 06:00 - Tagesschau", "thumbnailUrl": "https:\/\/tse4.mm.bing.net\/th?id=OVF.wSsehqUD9Yxq3ixwRf9hYw&pid=Api", "datePublished": "2022-11-24T05:20:25.0000000", "publisher": [{"name": "Microsoft News"}], "contentUrl": "https:\/\/www.msn.com\/de-de\/nachrichten\/video\/24112022-0600-tagesschau\/vi-AA14uyrl", "hostPageUrl": "https:\/\/www.msn.com\/de-de\/nachrichten\/video\/24112022-0600-tagesschau\/vi-AA14uyrl", "encodingFormat": "mp4", "hostPageDisplayUrl": "https:\/\/www.msn.com\/de-de\/nachrichten\/video\/24112022-0600-tagesschau\/vi-AA14uyrl", "width": 960, "height": 540, "duration": "PT2M29S", "motionThumbnailUrl": "https:\/\/tse4.mm.bing.net\/th?id=OM.cnKnWS5KxEskhA&pid=Api", "thumbnail": {"width": 160, "height": 89}, "isSuperfresh": true}, {"webSearchUrl": "https:\/\/www.bing.com\/videos\/search?q=news&view=detail&mid=2AC8266F299B974E5B432AC8266F299B974E5B43", "name": "24.11.2022 10:43 Uhr - Tagesschau in 100 Sekunden", "description": "Die aktuelle Tagesschau in 100 Sekunden von 10:43 Uhr vom 24.11.2022", "thumbnailUrl": "https:\/\/tse2.mm.bing.net\/th?id=OVF.hCBzCcQ5LwUKowgGR68SGA&pid=Api", "datePublished": "2022-11-24T09:43:00.0000000", "publisher": [{"name": "Microsoft News"}], "contentUrl": "https:\/\/www.msn.com\/de-de\/nachrichten\/royals\/24112022-1043-uhr-tagesschau-in-100-sekunden\/vi-AA14uMYV", "hostPageUrl": "https:\/\/www.msn.com\/de-de\/nachrichten\/royals\/24112022-1043-uhr-tagesschau-in-100-sekunden\/vi-AA14uMYV", "encodingFormat": "mp4", "hostPageDisplayUrl": "https:\/\/www.msn.com\/de-de\/nachrichten\/royals\/24112022-1043-uhr-tagesschau-in-100-sekunden\/vi-AA14uMYV", "width": 1280, "height": 720, "duration": "PT2M10S", "motionThumbnailUrl": "https:\/\/tse2.mm.bing.net\/th?id=OM.Q1tOl5spbybIKg&pid=Api", "thumbnail": {"width": 160, "height": 90}, "isSuperfresh": true}, {"webSearchUrl": "https:\/\/www.bing.com\/videos\/search?q=news&view=detail&mid=BCA35012812D46CF59EFBCA35012812D46CF59EF", "name": "24.11.2022 08:00 - Tagesschau", "description": "24.11.2022 08:00 - Tagesschau", "thumbnailUrl": "https:\/\/tse3.mm.bing.net\/th?id=OVF.J69%2bi%2bCJI5tcsLPKvwqFAw&pid=Api", "datePublished": "2022-11-24T07:20:29.0000000", "publisher": [{"name": "Microsoft News"}], "contentUrl": "https:\/\/www.msn.com\/de-de\/nachrichten\/video\/24112022-0800-tagesschau\/vi-AA14ufYY", "hostPageUrl": "https:\/\/www.msn.com\/de-de\/nachrichten\/video\/24112022-0800-tagesschau\/vi-AA14ufYY", "encodingFormat": "mp4", "hostPageDisplayUrl": "https:\/\/www.msn.com\/de-de\/nachrichten\/video\/24112022-0800-tagesschau\/vi-AA14ufYY", "width": 960, "height": 540, "duration": "PT3M10S", "motionThumbnailUrl": "https:\/\/tse3.mm.bing.net\/th?id=OM.71nPRi2BElCjvA&pid=Api", "thumbnail": {"width": 160, "height": 89}, "isSuperfresh": true}, {"webSearchUrl": "https:\/\/www.bing.com\/videos\/search?q=news&view=detail&mid=D409A20778FB561FB973D409A20778FB561FB973", "name": "24.11.2022 07:00 - Tagesschau", "description": "24.11.2022 07:00 - Tagesschau", "thumbnailUrl": "https:\/\/tse4.mm.bing.net\/th?id=OVF.af19PjzThv1D4qhurCJYTA&pid=Api", "datePublished": "2022-11-24T06:20:27.0000000", "publisher": [{"name": "Microsoft News"}], "contentUrl": "https:\/\/www.msn.com\/de-de\/nachrichten\/news\/24112022-0700-tagesschau\/vi-AA14uuaN", "hostPageUrl": "https:\/\/www.msn.com\/de-de\/nachrichten\/news\/24112022-0700-tagesschau\/vi-AA14uuaN", "encodingFormat": "mp4", "hostPageDisplayUrl": "https:\/\/www.msn.com\/de-de\/nachrichten\/news\/24112022-0700-tagesschau\/vi-AA14uuaN", "width": 960, "height": 540, "duration": "PT3M1S", "motionThumbnailUrl": "https:\/\/tse4.mm.bing.net\/th?id=OM.c7kfVvt4B6IJ1A&pid=Api", "thumbnail": {"width": 160, "height": 89}, "isSuperfresh": true}], "scenario": "List"}, "rankingResponse": {"mainline": {"items": [{"answerType": "WebPages", "resultIndex": 0, "value": {"id": "https:\/\/api.bing.microsoft.com\/api\/v7\/#WebPages.0"}}, {"answerType": "Videos", "value": {"id": "https:\/\/api.bing.microsoft.com\/api\/v7\/#Videos"}}, {"answerType": "WebPages", "resultIndex": 1, "value": {"id": "https:\/\/api.bing.microsoft.com\/api\/v7\/#WebPages.1"}}, {"answerType": "WebPages", "resultIndex": 2, "value": {"id": "https:\/\/api.bing.microsoft.com\/api\/v7\/#WebPages.2"}}, {"answerType": "WebPages", "resultIndex": 3, "value": {"id": "https:\/\/api.bing.microsoft.com\/api\/v7\/#WebPages.3"}}, {"answerType": "WebPages", "resultIndex": 4, "value": {"id": "https:\/\/api.bing.microsoft.com\/api\/v7\/#WebPages.4"}}, {"answerType": "WebPages", "resultIndex": 5, "value": {"id": "https:\/\/api.bing.microsoft.com\/api\/v7\/#WebPages.5"}}, {"answerType": "WebPages", "resultIndex": 6, "value": {"id": "https:\/\/api.bing.microsoft.com\/api\/v7\/#WebPages.6"}}, {"answerType": "WebPages", "resultIndex": 7, "value": {"id": "https:\/\/api.bing.microsoft.com\/api\/v7\/#WebPages.7"}}, {"answerType": "WebPages", "resultIndex": 8, "value": {"id": "https:\/\/api.bing.microsoft.com\/api\/v7\/#WebPages.8"}}, {"answerType": "WebPages", "resultIndex": 9, "value": {"id": "https:\/\/api.bing.microsoft.com\/api\/v7\/#WebPages.9"}}, {"answerType": "RelatedSearches", "value": {"id": "https:\/\/api.bing.microsoft.com\/api\/v7\/#RelatedSearches"}}]}}}