{"_type": "SearchResponse", "queryContext": {"originalQuery": "test"}, "webPages": {"webSearchUrl": "https:\/\/www.bing.com\/search?q=test", "totalEstimatedMatches": 1870000000, "value": [{"id": "https:\/\/api.bing.microsoft.com\/api\/v7\/#WebPages.0", "name": "test", "url": "https:\/\/www.test.de\/", "isFamilyFriendly": true, "displayUrl": "https:\/\/www.test.de", "snippet": "Smartphones im Test Gute Handys für weniger als 200 Euro Güns­tiges Einstiegs­handy oder teures Edel-Smartphone? Top-Kamera und lange Akku­lauf­zeit? Der Smartphone-Test weist den Weg zum passenden Handy.", "deepLinks": [{"name": "Shop", "url": "https:\/\/www.test.de\/shop\/", "snippet": "test.de Newsletter abonnieren. Mobilrufnummer 2. Eltern-Geburtstag. Untertitel 2. Ja, ich möchte Informationen zu Tests, Verbraucher­tipps sowie unverbindliche Angebote der Stiftung Warentest (Hefte, Bücher, Abonnements von Zeitschriften und digitalen Inhalten) per E-Mail erhalten. Mein Einverständnis kann ich jederzeit widerrufen. ﻿Informationen zum Datenschutz. Bestellhotline Sie ..."}, {"name": "Abo & Flatrate Abo", "url": "https:\/\/www.test.de\/abo\/", "snippet": "Günstiger lesen: test im Abonnement, Finanztest abonnieren, test.de-Flatrate"}, {"name": "Mein test.de", "url": "https:\/\/www.test.de\/meintest\/", "snippet": "Mein test.de - test"}, {"name": "Registrieren", "url": "https:\/\/www.test.de\/meintest\/registrierung\/anmelden\/", "snippet": "Registrieren - test"}, {"name": "Mein Profil", "url": "https:\/\/www.test.de\/meintest\/meinprofil\/benutzerdaten\/", "snippet": "Mein Profil - test"}, {"name": "Meine Merkliste userStatus.watchListCount", "url": "https:\/\/www.test.de\/meintest\/merkliste\/", "snippet": "Meine Merkliste userStatus.watchListCount - test"}], "dateLastCrawled": "2022-11-30T05:30:00.0000000Z", "language": "de", "isNavigational": true}, {"id": "https:\/\/api.bing.microsoft.com\/api\/v7\/#WebPages.1", "contractualRules": [{"_type": "ContractualRules\/LicenseAttribution", "targetPropertyName": "snippet", "targetPropertyIndex": 1, "mustBeCloseToContent": true, "license": {"name": "CC-BY-SA", "url": "http:\/\/creativecommons.org\/licenses\/by-sa\/3.0\/"}, "licenseNotice": "Text lizenziert unter CC-BY-SA"}], "name": "Test – Wikipedia", "url": "https:\/\/de.wikipedia.org\/wiki\/Test", "isFamilyFriendly": true, "displayUrl": "https:\/\/de.wikipedia.org\/wiki\/Test", "snippet": "Ein Test ist ein methodischer Versuch, mit dem festgestellt werden soll, ob Eigenschaften oder Leistung einer Sache, einer Person oder einer Hypothese den Erwartungen entsprechen. [1] [2] Der Test unterscheidet sich vom Experiment dadurch, dass es beim Test eine Erwartung gibt, die belegt oder widerlegt werden soll, während das Ergebnis beim Experiment offen ist oder nur vermutet werden kann.", "dateLastCrawled": "2022-12-01T21:17:00.0000000Z", "language": "de", "isNavigational": false}, {"id": "https:\/\/api.bing.microsoft.com\/api\/v7\/#WebPages.2", "name": "Testen in Mannheim | Mannheim.de", "url": "https:\/\/www.mannheim.de\/de\/informationen-zu-corona\/corona-schutzimpfung-und-testung\/testen-in-mannheim", "isFamilyFriendly": true, "displayUrl": "https:\/\/www.mannheim.de\/de\/informationen-zu-corona\/corona-schutzimpfung-und-testung\/...", "snippet": "Am Coronavirus Diagnose-Stützpunkt am Universitätsklinikum Mannheim (Nähe MaRuBa-Parkplatz) wird ab Sonntag, 1. Mai, von Montag bis Freitag zwischen 9 Uhr und 17 Uhr getestet. An Feiertagen ist der Coronavirus Diagnose-Stützpunkt geschlossen. Mit Vorlage eines positiven Schnelltests oder Selbsttests kann weiterhin auch an den Wochenenden ...", "dateLastCrawled": "2022-11-30T05:16:00.0000000Z", "language": "de", "isNavigational": false}, {"id": "https:\/\/api.bing.microsoft.com\/api\/v7\/#WebPages.3", "name": "Alle Themen von test.de: Übersicht von A-Z | Stiftung Warentest", "url": "https:\/\/www.test.de\/thema\/", "isFamilyFriendly": true, "displayUrl": "https:\/\/www.test.de\/thema", "snippet": "Über­sicht von A-Z. Die Stiftung Warentest testet seit 1964 Produkte und Dienst­leistungen nach wissen­schaftlichen Methoden. Sie und ihre Magazine test und Finanztest sind unabhängig, neutral und erzielen keine Einnahmen durch Werbung. Die Stiftung Warentest hat seit ihrer Gründung tausende Produkt­tests, Dienst­leistungs­untersuchungen und ...", "dateLastCrawled": "2022-12-01T02:04:00.0000000Z", "language": "de", "isNavigational": false}, {"id": "https:\/\/api.bing.microsoft.com\/api\/v7\/#WebPages.4", "name": "Covid-19 Testzentren Stadt Mannheim", "url": "https:\/\/gis-mannheim.de\/mannheim\/mod_geofinder\/testzentrum.php?x=461343.94&y=5481752.89&str_hsnr=Paradeplatz", "isFamilyFriendly": true, "displayUrl": "https:\/\/gis-mannheim.de\/mannheim\/mod_geofinder\/testzentrum.php?x=461343.94&y=5481752...", "snippet": "Hier können Sie für jede Adresse in Mannheim die am nächsten gelegenen Testzentren finden.", "dateLastCrawled": "2022-11-30T21:07:00.0000000Z", "language": "de", "isNavigational": false}, {"id": "https:\/\/api.bing.microsoft.com\/api\/v7\/#WebPages.5", "name": "Schnelltest-Zentrum Mannheim - Corona Testzentrum & PCR Tests", "url": "https:\/\/schnelltestzentrum-mannheim.de\/", "isFamilyFriendly": true, "displayUrl": "https:\/\/schnelltestzentrum-mannheim.de", "snippet": "68161 Mannheim. Buchen \/ Registrieren: Mannheim Stadthaus N1 (Paradeplatz) Ohne Termin: Schnelltest-Kundenkarte. Angebotene Tests: Express-PCR Test – PoC-PCR Test. Kostenloser Schnelltest mit Berechtigung – Antigentest. Schnelltest kostenpflichtig – Antigentest. Öffnungszeiten: Mo – Sa: 08:30 – 19:45 Uhr.", "dateLastCrawled": "2022-11-28T19:58:00.0000000Z", "language": "de", "isNavigational": false}, {"id": "https:\/\/api.bing.microsoft.com\/api\/v7\/#WebPages.6", "name": "CHIP - Test & Kaufberatung", "url": "https:\/\/www.chip.de\/tests", "isFamilyFriendly": true, "displayUrl": "https:\/\/www.chip.de\/tests", "snippet": "Test & Kaufberatung. Bestenlisten, Tests, Kaufberatung: Bei CHIP finden Sie alles zu Smartphones, Notebooks, Digitalkameras, Fernsehern, Staubsaugern und viel mehr.", "dateLastCrawled": "2022-12-01T13:24:00.0000000Z", "language": "de", "isNavigational": false}, {"id": "https:\/\/api.bing.microsoft.com\/api\/v7\/#WebPages.7", "name": "Die Quiz Seite. Teste dein Wissen und deine Persönlichkeit", "url": "https:\/\/www.testedich.de\/", "isFamilyFriendly": true, "displayUrl": "https:\/\/www.testedich.de", "snippet": "Der IQ Test. Willst du dir selbst beweisen, wie gut du bist? Dann bist du auf dieser Seite genau richtig. Denn hier machst du nicht nur einfach einen IQ Test. Du erhältst einen vollständigen, individuellen Bericht mit Erklärungen, Hinweisen, Verbesserungsvorschlägen und vielem mehr. Starte hier diesen einmaligen IQ Test.", "dateLastCrawled": "2022-12-01T12:12:00.0000000Z", "language": "de", "isNavigational": false}, {"id": "https:\/\/api.bing.microsoft.com\/api\/v7\/#WebPages.8", "name": "Speedtest by Ookla - The Global Broadband Speed Test", "url": "https:\/\/www.speedtest.net\/", "isFamilyFriendly": true, "displayUrl": "https:\/\/www.speedtest.net", "snippet": "Use Speedtest on all your devices with our free desktop and mobile apps.", "dateLastCrawled": "2022-12-01T18:46:00.0000000Z", "language": "en", "isNavigational": false}, {"id": "https:\/\/api.bing.microsoft.com\/api\/v7\/#WebPages.9", "name": "Speedtest DSL - CHIP testet Ihre Internet-Geschwindigkeit", "url": "https:\/\/speedtest.chip.de\/", "isFamilyFriendly": true, "displayUrl": "https:\/\/speedtest.chip.de", "snippet": "Funktioniert als Telekom Speedtest, Vodafone Speedtest, Kabel Deutschland Speedtest und mit allen anderen Anbietern. Testet den Speed aller Arten von Verbindungen, neben einem DSL-Speedtest...", "dateLastCrawled": "2022-11-30T19:30:00.0000000Z", "language": "de", "isNavigational": false}]}, "relatedSearches": {"id": "https:\/\/api.bing.microsoft.com\/api\/v7\/#RelatedSearches", "value": [{"text": "test corona", "displayText": "test corona", "webSearchUrl": "https:\/\/www.bing.com\/search?q=test+corona"}, {"text": "stiftung warentest mein test", "displayText": "stiftung warentest mein test", "webSearchUrl": "https:\/\/www.bing.com\/search?q=stiftung+warentest+mein+test"}, {"text": "stiftung warentest testsieger", "displayText": "stiftung warentest testsieger", "webSearchUrl": "https:\/\/www.bing.com\/search?q=stiftung+warentest+testsieger"}, {"text": "stiftung warentest zeitung", "displayText": "stiftung warentest zeitung", "webSearchUrl": "https:\/\/www.bing.com\/search?q=stiftung+warentest+zeitung"}, {"text": "stiftung warentest kostenlos testen", "displayText": "stiftung warentest kostenlos testen", "webSearchUrl": "https:\/\/www.bing.com\/search?q=stiftung+warentest+kostenlos+testen"}, {"text": "internet test", "displayText": "internet test", "webSearchUrl": "https:\/\/www.bing.com\/search?q=internet+test"}, {"text": "test pdf", "displayText": "test pdf", "webSearchUrl": "https:\/\/www.bing.com\/search?q=test+pdf"}, {"text": "stiftung warentest heft 07 2020", "displayText": "stiftung warentest heft 07 2020", "webSearchUrl": "https:\/\/www.bing.com\/search?q=stiftung+warentest+heft+07+2020"}]}, "rankingResponse": {"mainline": {"items": [{"answerType": "WebPages", "resultIndex": 0, "value": {"id": "https:\/\/api.bing.microsoft.com\/api\/v7\/#WebPages.0"}}, {"answerType": "WebPages", "resultIndex": 1, "value": {"id": "https:\/\/api.bing.microsoft.com\/api\/v7\/#WebPages.1"}}, {"answerType": "WebPages", "resultIndex": 2, "value": {"id": "https:\/\/api.bing.microsoft.com\/api\/v7\/#WebPages.2"}}, {"answerType": "WebPages", "resultIndex": 3, "value": {"id": "https:\/\/api.bing.microsoft.com\/api\/v7\/#WebPages.3"}}, {"answerType": "WebPages", "resultIndex": 4, "value": {"id": "https:\/\/api.bing.microsoft.com\/api\/v7\/#WebPages.4"}}, {"answerType": "WebPages", "resultIndex": 5, "value": {"id": "https:\/\/api.bing.microsoft.com\/api\/v7\/#WebPages.5"}}, {"answerType": "WebPages", "resultIndex": 6, "value": {"id": "https:\/\/api.bing.microsoft.com\/api\/v7\/#WebPages.6"}}, {"answerType": "WebPages", "resultIndex": 7, "value": {"id": "https:\/\/api.bing.microsoft.com\/api\/v7\/#WebPages.7"}}, {"answerType": "WebPages", "resultIndex": 8, "value": {"id": "https:\/\/api.bing.microsoft.com\/api\/v7\/#WebPages.8"}}, {"answerType": "WebPages", "resultIndex": 9, "value": {"id": "https:\/\/api.bing.microsoft.com\/api\/v7\/#WebPages.9"}}, {"answerType": "RelatedSearches", "value": {"id": "https:\/\/api.bing.microsoft.com\/api\/v7\/#RelatedSearches"}}]}}}