{"_type": "SearchResponse", "queryContext": {"originalQuery": "morgen"}, "webPages": {"webSearchUrl": "https:\/\/www.bing.com\/search?q=morgen", "totalEstimatedMatches": 61900000, "value": [{"id": "https:\/\/api.bing.microsoft.com\/api\/v7\/#WebPages.0", "name": "Duden | morgen | Rechtschreibung, Bedeutung, Definition, Herkunft", "url": "https:\/\/www.duden.de\/rechtschreibung\/morgen", "isFamilyFriendly": true, "displayUrl": "https:\/\/www.duden.de\/rechtschreibung\/morgen", "snippet": "morgen ist ein Feiertag; morgen früh\/Früh; morgen Mittag, Abend; sie will nicht bis morgen warten; Wendungen, Redensarten, Sprichwörter. morgen ist auch [noch] ein Tag (das hat Zeit bis morgen, muss nicht heute erledigt werden) morgen, morgen, nur nicht heute, sagen alle faulen Leute (nach dem Anfang eines Liedes von Chr. Weiße, 1726–1804)", "deepLinks": [{"name": "Morgen", "url": "https:\/\/www.duden.de\/rechtschreibung\/Morgen_Tageszeit_Masz_Osten", "snippet": "am Morgen früh brachen sie auf; am Morgen seiner Abreise (an dem Morgen, an dem er abreiste) Morgen für Morgen (jeden Morgen) 〈in übertragener Bedeutung:〉 der Morgen (dichterisch; der Beginn, Anfang) der Freiheit 〈in übertragener Bedeutung:〉 (dichterisch) am Morgen des Lebens (am Beginn der Entwicklung des Lebens, eines Menschen)"}], "dateLastCrawled": "2022-11-21T15:19:00.0000000Z", "language": "de", "isNavigational": true}, {"id": "https:\/\/api.bing.microsoft.com\/api\/v7\/#WebPages.1", "name": "Morgen – Schreibung, Definition, Bedeutung, Etymologie, Synonyme ...", "url": "https:\/\/www.dwds.de\/wb\/Morgen", "isFamilyFriendly": true, "displayUrl": "https:\/\/www.dwds.de\/wb\/Morgen", "snippet": "Tageszeit. a) Tagesbeginn, Vormittag. in gegensätzlicher Bedeutung zu Abend. Beispiele: ein herrlicher, strahlender, heiterer, klarer, lichter, neuer, frischer, kühler, winterlicher, fahler, trüber, bedeckter, grauer Morgen. schön wie der junge Morgen.", "dateLastCrawled": "2022-11-20T02:49:00.0000000Z", "language": "de", "isNavigational": false}, {"id": "https:\/\/api.bing.microsoft.com\/api\/v7\/#WebPages.2", "contractualRules": [{"_type": "ContractualRules\/LicenseAttribution", "targetPropertyName": "snippet", "targetPropertyIndex": 2, "mustBeCloseToContent": true, "license": {"name": "CC-BY-SA", "url": "http:\/\/creativecommons.org\/licenses\/by-sa\/3.0\/"}, "licenseNotice": "Text lizenziert unter CC-BY-SA"}], "name": "Morgen (Einheit) – Wikipedia", "url": "https:\/\/de.wikipedia.org\/wiki\/Morgen_(Einheit)", "isFamilyFriendly": true, "displayUrl": "https:\/\/de.wikipedia.org\/wiki\/Morgen_(Einheit)", "snippet": "Ein Morgen, regional auch Acker, ist ein historisches, aber auch gegenwärtig noch gelegentlich verwendetes deutsches Flächenmaß. Während er heute, in ungefährer Übereinstimmung mit dem preußischen Morgen, mit 25 Ar bzw. 2500 Quadratmeter gleichgesetzt wird, reichte seine Fläche einst von 1.906 bis 11.780 Quadratmeter.", "dateLastCrawled": "2022-11-22T14:13:00.0000000Z", "language": "de", "isNavigational": false}, {"id": "https:\/\/api.bing.microsoft.com\/api\/v7\/#WebPages.3", "contractualRules": [{"_type": "ContractualRules\/LicenseAttribution", "targetPropertyName": "snippet", "targetPropertyIndex": 4, "mustBeCloseToContent": true, "license": {"name": "CC-BY-SA", "url": "http:\/\/creativecommons.org\/licenses\/by-sa\/3.0\/"}, "licenseNotice": "Text lizenziert unter CC-BY-SA"}], "name": "Morgen – Wikipedia", "url": "https:\/\/de.wikipedia.org\/wiki\/Morgen", "isFamilyFriendly": true, "displayUrl": "https:\/\/de.wikipedia.org\/wiki\/Morgen", "snippet": "Morgen steht für: Morgen (Tageszeit), Beginn eines Tages. Morgen (Einheit), altes Flächenmaß. Morgen (veraltet), Gegend bei der Unterteilung der Kompassrose, siehe Weltgegenden. der folgende Kalendertag. Morgen ist der Name folgender Orte: Morgen (Rettenberg), Ortsteil von Rettenberg, Landkreis Oberallgäu, Bayern.", "dateLastCrawled": "2022-11-11T19:35:00.0000000Z", "language": "de", "isNavigational": false}, {"id": "https:\/\/api.bing.microsoft.com\/api\/v7\/#WebPages.4", "name": "Morgen: Unified calendar, scheduler and task manager", "url": "https:\/\/www.morgen.so\/", "isFamilyFriendly": true, "displayUrl": "https:\/\/www.morgen.so", "snippet": "Manage your calendars, to-dos, and scheduling in Morgen. Morgen integrates with your calendars and to-do apps. App for Windows, Mac, Linux, Android, and iOS.", "dateLastCrawled": "2022-11-22T08:05:00.0000000Z", "language": "en", "isNavigational": false}, {"id": "https:\/\/api.bing.microsoft.com\/api\/v7\/#WebPages.5", "name": "morgen oder Morgen? Schreibt man klein oder groß?", "url": "https:\/\/sprachekulturkommunikation.com\/morgen-gross-oder-kleinschreibung\/", "isFamilyFriendly": true, "displayUrl": "https:\/\/sprachekulturkommunikation.com\/morgen-gross-oder-kleinschreibung", "snippet": "Das Wort morgen ist ein temporales Adverb und drückt einen Zeitpunkt in der Zukunft aus. Meistens bezieht sich der Sprecher\/die Sprecherin zum Zeitpunkt seiner\/ihrer Äußerung auf den folgenden Tag. Wenn mit „morgen“ der folgende Tage gemeint ist, wird immer kleingeschrieben. Beispiele: Gehst du morgen mit mir ins Kino", "dateLastCrawled": "2022-11-22T06:07:00.0000000Z", "language": "de", "isNavigational": false}, {"id": "https:\/\/api.bing.microsoft.com\/api\/v7\/#WebPages.6", "name": "Morgen \/ morgen - groß oder klein? • Bis morgen oder bis Morgen?", "url": "https:\/\/studyflix.de\/deutsch\/morgen-morgen-gros-oder-klein-3289", "isFamilyFriendly": true, "displayUrl": "https:\/\/studyflix.de\/deutsch\/morgen-morgen-gros-oder-klein-3289", "snippet": "Ob du ‚morgen‘ groß oder klein schreibst, hängt davon ab, welche Wortart du dabei benutzt. Je nach Verwendung gehört das Wort ‚morgen‘ nämlich zu einer anderen Wortart. „ Ich freue mich schon auf morgen! “ → morgen als Adverb. „ Der Morgen ist immer so stressig, wenn man verschläft. “ → Morgen als Substantiv.", "dateLastCrawled": "2022-11-21T09:37:00.0000000Z", "language": "de", "isNavigational": false}, {"id": "https:\/\/api.bing.microsoft.com\/api\/v7\/#WebPages.7", "name": "morgen oder Morgen - Groß- und Kleinschreibung", "url": "https:\/\/www.schreibn.de\/schreibweise\/morgen.html", "isFamilyFriendly": true, "displayUrl": "https:\/\/www.schreibn.de\/schreibweise\/morgen.html", "snippet": "Erläuterungen zur Groß- und Kleinschreibung \/ Bedeutung \/ Beispiele: Bezieht man sich auf den Morgen, dann wird \"Morgen\" groÃŸgeschrieben. Bei einer Zeitangabe wie: \"Ich komme morgen\" wird \"morgen\" als Adverb kleingeschrieben. Ich komme morgen vorbei. Der heutige Morgen war ganz schÃ¶n stressig. \"Der Morgen stirbt nie\" ist ein Film mit James Bond.", "dateLastCrawled": "2022-11-22T18:35:00.0000000Z", "language": "de", "isNavigational": false}]}, "images": {"id": "https:\/\/api.bing.microsoft.com\/api\/v7\/#Images", "readLink": "https:\/\/api.bing.microsoft.com\/api\/v7\/images\/search?q=morgen&qpvt=morgen", "webSearchUrl": "https:\/\/www.bing.com\/images\/search?q=morgen&qpvt=morgen", "isFamilyFriendly": true, "value": [{"webSearchUrl": "https:\/\/www.bing.com\/images\/search?q=morgen&id=4BD856CDDE89615F925CAFA7F0618A70ED67737C&FORM=IQFRBA", "name": "Romantischer Morgen Foto & Bild | deutschland, europe, bayern Bilder ...", "thumbnailUrl": "https:\/\/tse1.mm.bing.net\/th?id=OIP.6aKtrNeXHhSaE3Dakd310gHaE8&pid=Api", "datePublished": "2019-11-19T07:06:00.0000000Z", "contentUrl": "https:\/\/img.fotocommunity.com\/romantischer-morgen-941ad183-6d5d-46d1-8529-19405f90dff2.jpg?height=1080", "hostPageUrl": "https:\/\/www.fotocommunity.de\/photo\/romantischer-morgen-n-o-r-b-ae-r-t\/43167570", "contentSize": "621172 B", "encodingFormat": "jpeg", "hostPageDisplayUrl": "https:\/\/www.fotocommunity.de\/photo\/romantischer-morgen-n-o-r-b-ae-r-t\/43167570", "width": 1620, "height": 1080, "thumbnail": {"width": 474, "height": 316}}, {"webSearchUrl": "https:\/\/www.bing.com\/images\/search?q=morgen&id=D350DDA8E4C8333645CC3829A111213041C571D6&FORM=IQFRBA", "name": "Schöne Bilder von Guten Morgen Wünschen. Große Sammlung", "thumbnailUrl": "https:\/\/tse1.mm.bing.net\/th?id=OIP.7gYU1dznjVqqyq-l4yElCgHaEo&pid=Api", "datePublished": "2019-12-19T16:42:00.0000000Z", "contentUrl": "https:\/\/thypix.com\/wp-content\/uploads\/guten-morgen-bilder-31-1.jpg", "hostPageUrl": "https:\/\/thypix.com\/schoene-bilder-von-guten-morgen-wuenschen\/", "contentSize": "1294963 B", "encodingFormat": "jpeg", "hostPageDisplayUrl": "https:\/\/thypix.com\/schoene-bilder-von-guten-morgen-wuenschen\/", "width": 1920, "height": 1200, "thumbnail": {"width": 474, "height": 296}}, {"webSearchUrl": "https:\/\/www.bing.com\/images\/search?q=morgen&id=A9C6CF049AED6BC740020A81F32C85104AA27C72&FORM=IQFRBA", "name": "ein frostiger Morgen Foto & Bild | sonnenaufgang, natur, landschaft ...", "thumbnailUrl": "https:\/\/tse1.mm.bing.net\/th?id=OIP.ir-Cj6ukQf2E46EoalEdpgHaE8&pid=Api", "datePublished": "2019-11-14T18:41:00.0000000Z", "contentUrl": "https:\/\/img.fotocommunity.com\/ein-frostiger-morgen-b0b44de6-3fcb-4c39-b236-704284f9a32b.jpg?height=1080", "hostPageUrl": "https:\/\/www.fotocommunity.de\/photo\/ein-frostiger-morgen-foto-frontal\/43100560", "contentSize": "299940 B", "encodingFormat": "jpeg", "hostPageDisplayUrl": "https:\/\/www.fotocommunity.de\/photo\/ein-frostiger-morgen-foto-frontal\/43100560", "width": 1620, "height": 1080, "thumbnail": {"width": 474, "height": 316}}, {"webSearchUrl": "https:\/\/www.bing.com\/images\/search?q=morgen&id=17D673234883E204971A8C40B6026AC8A6283A13&FORM=IQFRBA", "name": "Landschaft am Morgen Foto & Bild | landschaft, landschaften, bäume ...", "thumbnailUrl": "https:\/\/tse1.mm.bing.net\/th?id=OIP.X8SFv5tiKhjmrJqkGSiTXwHaE8&pid=Api", "datePublished": "2019-11-30T12:02:00.0000000Z", "contentUrl": "https:\/\/img.fotocommunity.com\/landschaft-am-morgen-7729fa38-e733-4dc2-8fd9-cd94fc27a397.jpg?height=1080", "hostPageUrl": "https:\/\/www.fotocommunity.de\/photo\/landschaft-am-morgen-photograf-pat\/42153219", "contentSize": "1217856 B", "encodingFormat": "jpeg", "hostPageDisplayUrl": "https:\/\/www.fotocommunity.de\/photo\/landschaft-am-morgen-photograf-pat\/42153219", "width": 1620, "height": 1080, "thumbnail": {"width": 474, "height": 316}}, {"webSearchUrl": "https:\/\/www.bing.com\/images\/search?q=morgen&id=D350DDA8E4C8333645CC522E5027FE70858AFAA2&FORM=IQFRBA", "name": "Schöne Bilder von Guten Morgen Wünschen. Große Sammlung", "thumbnailUrl": "https:\/\/tse1.mm.bing.net\/th?id=OIP.4eYjFOITGNNACbBtx9cSmAHaEo&pid=Api", "datePublished": "2019-06-13T13:31:00.0000000Z", "contentUrl": "https:\/\/thypix.com\/wp-content\/uploads\/guten-morgen-bilder-45.jpg", "hostPageUrl": "https:\/\/thypix.com\/schoene-bilder-von-guten-morgen-wuenschen\/", "contentSize": "246876 B", "encodingFormat": "jpeg", "hostPageDisplayUrl": "https:\/\/thypix.com\/schoene-bilder-von-guten-morgen-wuenschen\/", "width": 1200, "height": 750, "thumbnail": {"width": 474, "height": 296}}, {"webSearchUrl": "https:\/\/www.bing.com\/images\/search?q=morgen&id=DF18C67498569B6BA08AF856016CA70B574AAE5A&FORM=IQFRBA", "name": "Guten Morgen Foto & Bild | europe, schweiz & liechtenstein, landschaft ...", "thumbnailUrl": "https:\/\/tse1.mm.bing.net\/th?id=OIP.nMJlUCJr111V3sMO-08PTQHaE8&pid=Api", "datePublished": "2018-10-26T03:55:00.0000000Z", "contentUrl": "https:\/\/img.fotocommunity.com\/guten-morgen-d902a226-6652-481c-a031-be4cd87cf9fd.jpg?height=1080", "hostPageUrl": "https:\/\/www.fotocommunity.de\/photo\/guten-morgen-rolf-pessel\/41547800", "contentSize": "409240 B", "encodingFormat": "jpeg", "hostPageDisplayUrl": "https:\/\/www.fotocommunity.de\/photo\/guten-morgen-rolf-pessel\/41547800", "width": 1500, "height": 1000, "thumbnail": {"width": 474, "height": 316}}, {"webSearchUrl": "https:\/\/www.bing.com\/images\/search?q=morgen&id=D2F008A1B5E3025E32B1073C7F77A4EA2EEBE882&FORM=IQFRBA", "name": "Am frühen Morgen Foto & Bild | landschaft, jahreszeiten, frühling ...", "thumbnailUrl": "https:\/\/tse1.mm.bing.net\/th?id=OIP.wmxzRotUFH6Ijav-XSD5nwHaEK&pid=Api", "datePublished": "2020-10-30T06:22:00.0000000Z", "contentUrl": "https:\/\/img.fotocommunity.com\/am-fruehen-morgen-e15704ff-1c49-4e0d-bc52-95799bcb24e3.jpg?width=1000", "hostPageUrl": "https:\/\/www.fotocommunity.de\/photo\/am-fruehen-morgen-markus-tpc\/43988634", "contentSize": "106252 B", "encodingFormat": "jpeg", "hostPageDisplayUrl": "https:\/\/www.fotocommunity.de\/photo\/am-fruehen-morgen-markus-tpc\/43988634", "width": 999, "height": 562, "thumbnail": {"width": 474, "height": 266}}, {"webSearchUrl": "https:\/\/www.bing.com\/images\/search?q=morgen&id=2201B053E9359BF59CE39E40B473CCF4F5A44742&FORM=IQFRBA", "name": "Schöner Morgen Foto & Bild | landschaft, panorama, sonnenaufgänge ...", "thumbnailUrl": "https:\/\/tse1.mm.bing.net\/th?id=OIP.FHUVoXCiMnpUIXEGPWMy9wHaDt&pid=Api", "datePublished": "2020-01-22T07:01:00.0000000Z", "contentUrl": "https:\/\/img.fotocommunity.com\/schoener-morgen-c0f1a9db-6eae-465f-b8d8-c933ea31e0da.jpg?height=1080", "hostPageUrl": "https:\/\/www.fotocommunity.de\/photo\/schoener-morgen-billybike\/43333677", "contentSize": "755396 B", "encodingFormat": "jpeg", "hostPageDisplayUrl": "https:\/\/www.fotocommunity.de\/photo\/schoener-morgen-billybike\/43333677", "width": 1800, "height": 900, "thumbnail": {"width": 474, "height": 237}}, {"webSearchUrl": "https:\/\/www.bing.com\/images\/search?q=morgen&id=4EDF65AD4808117737A15403AF151571A3455DBD&FORM=IQFRBA", "name": "Nebel am Morgen Foto & Bild | natur, landschaft, nebel Bilder auf ...", "thumbnailUrl": "https:\/\/tse1.mm.bing.net\/th?id=OIP.issKTrL9rOb7wfxfCu5MWwHaE8&pid=Api", "datePublished": "2016-06-03T06:27:00.0000000Z", "contentUrl": "https:\/\/img.fotocommunity.com\/nebel-am-morgen-9291af3b-6bf8-4366-8f73-82ecea4767c3.jpg?height=1080", "hostPageUrl": "https:\/\/www.fotocommunity.de\/photo\/nebel-am-morgen-raimund-samerski\/38146744", "contentSize": "623618 B", "encodingFormat": "jpeg", "hostPageDisplayUrl": "https:\/\/www.fotocommunity.de\/photo\/nebel-am-morgen-raimund-samerski\/38146744", "width": 1618, "height": 1080, "thumbnail": {"width": 474, "height": 316}}, {"webSearchUrl": "https:\/\/www.bing.com\/images\/search?q=morgen&id=AD27E72FDF9E105C155753512A0CDBBEDC1D11BC&FORM=IQFRBA", "name": "Guten Morgen Foto & Bild | landschaft, jahreszeiten, winter Bilder auf ...", "thumbnailUrl": "https:\/\/tse1.mm.bing.net\/th?id=OIP.CjdpXMxZlSCGzIjQbksRTAHaE8&pid=Api", "datePublished": "2020-03-15T13:29:00.0000000Z", "contentUrl": "https:\/\/img.fotocommunity.com\/guten-morgen-69cfa0a0-96f1-47f5-b498-c4680d55ca51.jpg?width=1000", "hostPageUrl": "https:\/\/www.fotocommunity.de\/photo\/guten-morgen-joerg-kage\/43585054", "contentSize": "73816 B", "encodingFormat": "jpeg", "hostPageDisplayUrl": "https:\/\/www.fotocommunity.de\/photo\/guten-morgen-joerg-kage\/43585054", "width": 1000, "height": 667, "thumbnail": {"width": 474, "height": 316}}, {"webSearchUrl": "https:\/\/www.bing.com\/images\/search?q=morgen&id=D350DDA8E4C8333645CCFD624AB600CDB9DBD19C&FORM=IQFRBA", "name": "Schöne Bilder von Guten Morgen Wünschen. Große Sammlung", "thumbnailUrl": "https:\/\/tse1.mm.bing.net\/th?id=OIP.KCV8nZfuNiPHtbzrdhV2HQHaFj&pid=Api", "datePublished": "2019-06-13T13:31:00.0000000Z", "contentUrl": "https:\/\/thypix.com\/wp-content\/uploads\/guten-morgen-bilder-27.jpg", "hostPageUrl": "https:\/\/thypix.com\/schoene-bilder-von-guten-morgen-wuenschen\/", "contentSize": "93272 B", "encodingFormat": "jpeg", "hostPageDisplayUrl": "https:\/\/thypix.com\/schoene-bilder-von-guten-morgen-wuenschen\/", "width": 1000, "height": 750, "thumbnail": {"width": 474, "height": 355}}, {"webSearchUrl": "https:\/\/www.bing.com\/images\/search?q=morgen&id=105E5697E4D9AC73A5098CD3F2DEBFE13D3ADC79&FORM=IQFRBA", "name": "Guten morgen Bilder fürs Handy (kostenlos)", "thumbnailUrl": "https:\/\/tse1.mm.bing.net\/th?id=OIP.kY31FjhcR7aoYhel7YG3EQHaE8&pid=Api", "datePublished": "2021-04-15T13:40:00.0000000Z", "contentUrl": "https:\/\/all4phones.de\/attachments\/56226d1618837758-guten-morgen-bilder-fuers-handy-kostenlos-guten-morgen-bilder-fuers-handy-kostenlos-2.jpg", "hostPageUrl": "https:\/\/all4phones.de\/handy-hintergrundbilder\/35027-guten-morgen-bilder-fuers-handy-kostenlos.html", "contentSize": "1080595 B", "encodingFormat": "jpeg", "hostPageDisplayUrl": "https:\/\/all4phones.de\/handy-hintergrundbilder\/35027-guten-morgen-bilder-fuers-handy-kostenlos.html", "width": 1920, "height": 1280, "thumbnail": {"width": 474, "height": 316}}, {"webSearchUrl": "https:\/\/www.bing.com\/images\/search?q=morgen&id=D350DDA8E4C8333645CC44EC9D1A4B67B67EA73B&FORM=IQFRBA", "name": "Schöne Bilder von Guten Morgen Wünschen. Große Sammlung", "thumbnailUrl": "https:\/\/tse1.mm.bing.net\/th?id=OIP.7ZZ34MNFbO4PgZSso7zmbAHaEK&pid=Api", "datePublished": "2019-06-13T13:31:00.0000000Z", "contentUrl": "https:\/\/thypix.com\/wp-content\/uploads\/guten-morgen-bilder-47-1-700x394.jpg", "hostPageUrl": "https:\/\/thypix.com\/schoene-bilder-von-guten-morgen-wuenschen\/", "contentSize": "417573 B", "encodingFormat": "jpeg", "hostPageDisplayUrl": "https:\/\/thypix.com\/schoene-bilder-von-guten-morgen-wuenschen\/", "width": 700, "height": 394, "thumbnail": {"width": 474, "height": 266}}, {"webSearchUrl": "https:\/\/www.bing.com\/images\/search?q=morgen&id=D350DDA8E4C8333645CC0553549B64B34EA46371&FORM=IQFRBA", "name": "Schöne Bilder von Guten Morgen Wünschen. Große Sammlung", "thumbnailUrl": "https:\/\/tse1.mm.bing.net\/th?id=OIP.I-5BBG4wSbk8eb7-Lk1OigHaFj&pid=Api", "datePublished": "2019-06-13T13:31:00.0000000Z", "contentUrl": "https:\/\/thypix.com\/wp-content\/uploads\/guten-morgen-bilder-9.jpg", "hostPageUrl": "https:\/\/thypix.com\/schoene-bilder-von-guten-morgen-wuenschen\/", "contentSize": "365226 B", "encodingFormat": "jpeg", "hostPageDisplayUrl": "https:\/\/thypix.com\/schoene-bilder-von-guten-morgen-wuenschen\/", "width": 1600, "height": 1200, "thumbnail": {"width": 474, "height": 355}}, {"webSearchUrl": "https:\/\/www.bing.com\/images\/search?q=morgen&id=FEB0E925ADC421FFE4E374A20D4CA2B048233172&FORM=IQFRBA", "name": "Guten Morgen. Habt einen schönen Tag! Bild herunterladen", "thumbnailUrl": "https:\/\/tse1.mm.bing.net\/th?id=OIP.NLz3KDh_OXYN6oxO2KKoMAHaF7&pid=Api", "datePublished": "2018-12-08T00:36:00.0000000Z", "contentUrl": "http:\/\/gaestebuch-bilder.com\/wp-content\/uploads\/2018\/06\/80b618773a77a873a5ad75650c85cfa6.jpeg", "hostPageUrl": "https:\/\/gaestebuch-bilder.com\/guten-morgen-habt-einen-schoenen-tag.html", "contentSize": "81579 B", "encodingFormat": "jpeg", "hostPageDisplayUrl": "https:\/\/gaestebuch-bilder.com\/guten-morgen-habt-einen-schoenen-tag.html", "width": 960, "height": 768, "thumbnail": {"width": 474, "height": 379}}, {"webSearchUrl": "https:\/\/www.bing.com\/images\/search?q=morgen&id=73DD4C96BC4D2E04EFA28D146F8F217FEE4D4054&FORM=IQFRBA", "name": "Herbst Morgen Foto & Bild | jahreszeiten, natur Bilder auf fotocommunity", "thumbnailUrl": "https:\/\/tse1.mm.bing.net\/th?id=OIP.YOLvVWr0CQ36wjzNuA4SVQHaLH&pid=Api", "datePublished": "2021-03-11T03:17:00.0000000Z", "contentUrl": "https:\/\/img.fotocommunity.com\/herbst-morgen-b972abdb-1f35-496f-853e-aae0bec8889f.jpg?height=1080", "hostPageUrl": "https:\/\/www.fotocommunity.de\/photo\/herbst-morgen-liroys-photography\/34664037", "contentSize": "503978 B", "encodingFormat": "jpeg", "hostPageDisplayUrl": "https:\/\/www.fotocommunity.de\/photo\/herbst-morgen-liroys-photography\/34664037", "width": 720, "height": 1080, "thumbnail": {"width": 474, "height": 711}}, {"webSearchUrl": "https:\/\/www.bing.com\/images\/search?q=morgen&id=D350DDA8E4C8333645CC3AA541C9F4A0D65D7F05&FORM=IQFRBA", "name": "Schöne Bilder von Guten Morgen Wünschen. Große Sammlung", "thumbnailUrl": "https:\/\/tse1.mm.bing.net\/th?id=OIP.LkqrJXK9ZxsJ8JmFXRS5rAHaEK&pid=Api", "datePublished": "2019-06-13T13:31:00.0000000Z", "contentUrl": "https:\/\/thypix.com\/wp-content\/uploads\/guten-morgen-bilder-37.jpg", "hostPageUrl": "https:\/\/thypix.com\/schoene-bilder-von-guten-morgen-wuenschen\/", "contentSize": "192209 B", "encodingFormat": "jpeg", "hostPageDisplayUrl": "https:\/\/thypix.com\/schoene-bilder-von-guten-morgen-wuenschen\/", "width": 1920, "height": 1080, "thumbnail": {"width": 474, "height": 266}}, {"webSearchUrl": "https:\/\/www.bing.com\/images\/search?q=morgen&id=187DB9F066472F42402D62CEC76A987307109600&FORM=IQFRBA", "name": "Der Morgen Foto & Bild | france, world, sommer Bilder auf fotocommunity", "thumbnailUrl": "https:\/\/tse1.mm.bing.net\/th?id=OIP.ctFHr0rTHqd9SIzXWim-_gHaEt&pid=Api", "datePublished": "2020-04-25T12:56:00.0000000Z", "contentUrl": "https:\/\/img.fotocommunity.com\/der-morgen-ef8c1214-08be-42c1-9490-e2964e79a9c9.jpg?height=1080", "hostPageUrl": "https:\/\/www.fotocommunity.de\/photo\/der-morgen-guenter-graph\/41504884", "contentSize": "427105 B", "encodingFormat": "jpeg", "hostPageDisplayUrl": "https:\/\/www.fotocommunity.de\/photo\/der-morgen-guenter-graph\/41504884", "width": 1698, "height": 1080, "thumbnail": {"width": 474, "height": 301}}, {"webSearchUrl": "https:\/\/www.bing.com\/images\/search?q=morgen&id=D350DDA8E4C8333645CC9B006DC169341EA23728&FORM=IQFRBA", "name": "Schöne Bilder von Guten Morgen Wünschen. Große Sammlung", "thumbnailUrl": "https:\/\/tse1.mm.bing.net\/th?id=OIP.7pQ7B0J48zyo_fnxgj0a7AHaFj&pid=Api", "datePublished": "2019-06-13T13:31:00.0000000Z", "contentUrl": "https:\/\/thypix.com\/wp-content\/uploads\/guten-morgen-bilder-8.jpg", "hostPageUrl": "https:\/\/thypix.com\/schoene-bilder-von-guten-morgen-wuenschen\/", "contentSize": "28917 B", "encodingFormat": "jpeg", "hostPageDisplayUrl": "https:\/\/thypix.com\/schoene-bilder-von-guten-morgen-wuenschen\/", "width": 900, "height": 675, "thumbnail": {"width": 474, "height": 355}}, {"webSearchUrl": "https:\/\/www.bing.com\/images\/search?q=morgen&id=0E9C35998C4233B48EC24BD1E7DAABDA8B5820F8&FORM=IQFRBA", "name": "Goede morgen", "thumbnailUrl": "https:\/\/tse1.mm.bing.net\/th?id=OIP.CW2LQBWeDp_fpL6p2UCERAHaJk&pid=Api", "datePublished": "2021-08-18T09:25:00.0000000Z", "contentUrl": "https:\/\/yoors-media-uploads-adsfairbv.netdna-ssl.com\/1\/photos\/goede-morgen1539597039.jpg", "hostPageUrl": "https:\/\/yoo.rs\/goede-morgen-1539597040.html", "contentSize": "129000 B", "encodingFormat": "jpeg", "hostPageDisplayUrl": "https:\/\/yoo.rs\/goede-morgen-1539597040.html", "width": 1200, "height": 1550, "thumbnail": {"width": 474, "height": 612}}]}, "relatedSearches": {"id": "https:\/\/api.bing.microsoft.com\/api\/v7\/#RelatedSearches", "value": [{"text": "morgen klein oder groß", "displayText": "morgen klein oder groß", "webSearchUrl": "https:\/\/www.bing.com\/search?q=morgen+klein+oder+gro%C3%9F"}, {"text": "morgen lied", "displayText": "morgen lied", "webSearchUrl": "https:\/\/www.bing.com\/search?q=morgen+lied"}, {"text": "morgen bedeutung", "displayText": "morgen bedeutung", "webSearchUrl": "https:\/\/www.bing.com\/search?q=morgen+bedeutung"}, {"text": "morgenundmorgen", "displayText": "morgenundmorgen", "webSearchUrl": "https:\/\/www.bing.com\/search?q=morgenundmorgen"}, {"text": "horoskop morgen", "displayText": "horoskop morgen", "webSearchUrl": "https:\/\/www.bing.com\/search?q=horoskop+morgen"}, {"text": "morgen deutsch", "displayText": "morgen deutsch", "webSearchUrl": "https:\/\/www.bing.com\/search?q=morgen+deutsch"}, {"text": "morgens wortart", "displayText": "morgens wortart", "webSearchUrl": "https:\/\/www.bing.com\/search?q=morgens+wortart"}, {"text": "ab morgen oder ab morgen", "displayText": "ab morgen oder ab morgen", "webSearchUrl": "https:\/\/www.bing.com\/search?q=ab+morgen+oder+ab+morgen"}]}, "videos": {"id": "https:\/\/api.bing.microsoft.com\/api\/v7\/#Videos", "readLink": "https:\/\/api.bing.microsoft.com\/api\/v7\/videos\/search?q=morgen", "webSearchUrl": "https:\/\/www.bing.com\/videos\/search?q=morgen", "isFamilyFriendly": true, "value": [{"webSearchUrl": "https:\/\/www.bing.com\/videos\/search?q=morgen&view=detail&mid=22C9F9E8FDBBD0A66E1422C9F9E8FDBBD0A66E14", "name": "PULS 24 News am Morgen vom 24.11.2022", "description": "Die PULS 24 News am Morgen vom 24.11.2022 mit folgenden Themen: Bestechlichkeit: Strache erneut vor Gericht - Serbien und Kosovo: \"Wir haben einen Deal\" - Amoklauf in US-Supermarkt - China: Verschärfte Corona-Regeln - Drohnen-Weltrekord", "thumbnailUrl": "https:\/\/tse2.mm.bing.net\/th?id=OVF.AVflJyGTKnJdPvuAH74m1Q&pid=Api", "datePublished": "2022-11-24T08:05:10.0000000", "publisher": [{"name": "Microsoft News"}], "contentUrl": "https:\/\/www.msn.com\/de-at\/video\/nerdcore\/puls-24-news-am-morgen-vom-24112022\/vi-AA14uJ91", "hostPageUrl": "https:\/\/www.msn.com\/de-at\/video\/nerdcore\/puls-24-news-am-morgen-vom-24112022\/vi-AA14uJ91", "encodingFormat": "", "hostPageDisplayUrl": "https:\/\/www.msn.com\/de-at\/video\/nerdcore\/puls-24-news-am-morgen-vom-24112022\/vi-AA14uJ91", "width": 768, "height": 432, "duration": "PT4M17S", "thumbnail": {"width": 160, "height": 89}, "isSuperfresh": true}, {"webSearchUrl": "https:\/\/www.bing.com\/videos\/search?q=morgen&view=detail&mid=328EC0FB8D76A819680A328EC0FB8D76A819680A", "name": "Kiew ohne Strom: Der Tag nach dem Raketen-Beschuss auf die Hauptstadt | Ukraine-Krieg", "description": "Während die Welt auf die Fußball-WM blickt, nutzt Russlands Präsident Wladimir Putin (70) die Zeit, um die Ukraine kaputt zu bomben – und möglicherweise eine neue Flüchtlingswelle nach Europa auszulösen! Mittwochnachmittag in Kiew: BILD-Reporter hören mehrere Explosionen. Wieder Raketen-Terror! Wieder ein Angriff auf Kraftwerke! Schon ...", "thumbnailUrl": "https:\/\/tse2.mm.bing.net\/th?id=OVF.jYtOP55YCmZay%2bDtQe01uQ&pid=Api", "datePublished": "2022-11-24T10:45:02.0000000", "publisher": [{"name": "YouTube"}], "isAccessibleForFree": true, "contentUrl": "https:\/\/www.youtube.com\/watch?v=k5tOnlu7psI", "hostPageUrl": "https:\/\/www.youtube.com\/watch?v=k5tOnlu7psI", "encodingFormat": "mp4", "hostPageDisplayUrl": "https:\/\/www.youtube.com\/watch?v=k5tOnlu7psI", "width": 1280, "height": 720, "duration": "PT4M46S", "motionThumbnailUrl": "https:\/\/tse2.mm.bing.net\/th?id=OM.CmgZqHaN-8COMg&pid=Api", "embedHtml": "<iframe width=\"1280\" height=\"720\" src=\"http:\/\/www.youtube.com\/embed\/k5tOnlu7psI?autoplay=1\" frameborder=\"0\" allowfullscreen><\/iframe>", "allowHttpsEmbed": true, "viewCount": 9957, "thumbnail": {"width": 160, "height": 120}, "allowMobileEmbed": true, "isSuperfresh": true}, {"webSearchUrl": "https:\/\/www.bing.com\/videos\/search?q=morgen&view=detail&mid=46B216B3C40A7C68533346B216B3C40A7C685333", "name": "Berlin Neuwahlen „Demokratie mit Füßen getreten!“ Carsten Stahl #shorts", "description": "Im September 2021 ging die Wahl in Berlin so richtig daneben. Zu wenig Stimmzettel, zu wenig Wahlurnen, die Wahllokale waren zwischenzeitlich geschlossen. Jetzt wird die Wahl wiederholt. #carstenstahl #neuwahlen #berlin ---------------------------------------------------------------------------------------------- 🔴 BILD IM TV Hol dir unseren ...", "thumbnailUrl": "https:\/\/tse3.mm.bing.net\/th?id=OVF.Aq547ztTSAR0jnYHZKWuXQ&pid=Api", "datePublished": "2022-11-24T09:30:06.0000000", "publisher": [{"name": "YouTube"}], "isAccessibleForFree": true, "contentUrl": "https:\/\/www.youtube.com\/watch?v=Ms_RWtI-PEk", "hostPageUrl": "https:\/\/www.youtube.com\/watch?v=Ms_RWtI-PEk", "encodingFormat": "", "hostPageDisplayUrl": "https:\/\/www.youtube.com\/watch?v=Ms_RWtI-PEk", "width": 1280, "height": 720, "duration": "PT1M", "embedHtml": "<iframe width=\"1280\" height=\"720\" src=\"http:\/\/www.youtube.com\/embed\/Ms_RWtI-PEk?autoplay=1\" frameborder=\"0\" allowfullscreen><\/iframe>", "allowHttpsEmbed": true, "viewCount": 6920, "thumbnail": {"width": 160, "height": 120}, "allowMobileEmbed": true, "isSuperfresh": true}, {"webSearchUrl": "https:\/\/www.bing.com\/videos\/search?q=morgen&view=detail&mid=3419F52814B269333E603419F52814B269333E60", "name": "„Kommt es zum Blackout, kommt es zur Katastrophe“ | Robert Jungnischke bei VnA #shorts", "description": "Das Risiko für einen Blackout ist gering, aber sollte es doch dazu kommen, droht eine Katastrophe. Hier geht's zum ganzen Video: https:\/\/youtu.be\/ck1kllYSDbQ #blackout #viertelnachacht #jungnischke ---------------------------------------------------------------------------------------------- 🔴 BILD IM TV Hol dir unseren News-Sender auf ...", "thumbnailUrl": "https:\/\/tse4.mm.bing.net\/th?id=OVF.xsEAgMTwYd1jDsoKA7yUxw&pid=Api", "datePublished": "2022-11-24T15:30:02.0000000", "publisher": [{"name": "YouTube"}], "isAccessibleForFree": true, "contentUrl": "https:\/\/www.youtube.com\/watch?v=An-CZ76HO1c", "hostPageUrl": "https:\/\/www.youtube.com\/watch?v=An-CZ76HO1c", "encodingFormat": "", "hostPageDisplayUrl": "https:\/\/www.youtube.com\/watch?v=An-CZ76HO1c", "width": 1280, "height": 720, "duration": "PT55S", "embedHtml": "<iframe width=\"1280\" height=\"720\" src=\"http:\/\/www.youtube.com\/embed\/An-CZ76HO1c?autoplay=1\" frameborder=\"0\" allowfullscreen><\/iframe>", "allowHttpsEmbed": true, "viewCount": 46, "thumbnail": {"width": 160, "height": 120}, "allowMobileEmbed": true, "isSuperfresh": true}, {"webSearchUrl": "https:\/\/www.bing.com\/videos\/search?q=morgen&view=detail&mid=D3087E9796072D51A215D3087E9796072D51A215", "name": "„Jede Frau im Iran hat mehr Eier, als die deutsche Nationalmannschaft“ Viertel nach Acht #shorts", "description": "Hier geht's zum ganzen Video: https:\/\/youtu.be\/BN0xDorph_0 #wm #viertelnachacht #katar ---------------------------------------------------------------------------------------------- 🔴 BILD IM TV Hol dir unseren News-Sender auf deinen Fernseher – täglich mehrere Stunden Live-Programm! 📺 Eine Anleitung für dein TV-Gerät findest du hier ...", "thumbnailUrl": "https:\/\/tse3.mm.bing.net\/th?id=OVF.BMwqs3l3vDBT5nnzwLDb6A&pid=Api", "datePublished": "2022-11-24T16:30:03.0000000", "publisher": [{"name": "YouTube"}], "isAccessibleForFree": true, "contentUrl": "https:\/\/www.youtube.com\/watch?v=CRUjkJWe9BM", "hostPageUrl": "https:\/\/www.youtube.com\/watch?v=CRUjkJWe9BM", "encodingFormat": "", "hostPageDisplayUrl": "https:\/\/www.youtube.com\/watch?v=CRUjkJWe9BM", "width": 1280, "height": 720, "duration": "PT53S", "embedHtml": "<iframe width=\"1280\" height=\"720\" src=\"http:\/\/www.youtube.com\/embed\/CRUjkJWe9BM?autoplay=1\" frameborder=\"0\" allowfullscreen><\/iframe>", "allowHttpsEmbed": true, "viewCount": 4, "thumbnail": {"width": 160, "height": 120}, "allowMobileEmbed": true, "isSuperfresh": true}, {"webSearchUrl": "https:\/\/www.bing.com\/videos\/search?q=morgen&view=detail&mid=33B48F50F28F92BC23D333B48F50F28F92BC23D3", "name": "Guten Morgen zusammen 👋 Notfall Einsatz in der Ukraine! Aktuell befinde ich mich mit lebenswichtigen Medikamenten auf dem Weg in ein Krankenhaus in der Region Lemberg! Danke für die unbürokratische und wahnsinnige schnelle Hilfe an: Aktion Würde und Gerechtigkeit, Claudia und Hermann Lütkeschümer! Tag 1... - Sachverständiger Maik Menke - Nachrichten, News, Aktuelle Themen", "description": "Guten Morgen zusammen 👋 Notfall Einsatz in der Ukraine! Aktuell befinde ich mich mit lebenswichtigen Medikamenten auf dem Weg in ein Krankenhaus in der...", "thumbnailUrl": "https:\/\/tse2.mm.bing.net\/th?id=OVF.h4thKCRsBWGi3mPTquaW3Q&pid=Api", "datePublished": "2022-11-24T09:36:55.0000000", "publisher": [{"name": "Facebook"}], "contentUrl": "https:\/\/www.facebook.com\/gutachterpaderborn\/videos\/guten-morgen-zusammen-notfall-einsatz-in-der-ukraine-aktuell-befinde-ich-mich-mi\/1331888334307097\/", "hostPageUrl": "https:\/\/www.facebook.com\/gutachterpaderborn\/videos\/guten-morgen-zusammen-notfall-einsatz-in-der-ukraine-aktuell-befinde-ich-mich-mi\/1331888334307097\/", "encodingFormat": "", "hostPageDisplayUrl": "https:\/\/www.facebook.com\/gutachterpaderborn\/videos\/guten-morgen-zusammen-notfall-einsatz-in-der-ukraine-aktuell-befinde-ich-mich-mi\/1331888334307097\/", "width": 768, "height": 432, "embedHtml": "<iframe src=\"https:\/\/www.facebook.com\/plugins\/video.php?href=https:\/\/www.facebook.com\/gutachterpaderborn\/videos\/guten-morgen-zusammen-notfall-einsatz-in-der-ukraine-aktuell-befinde-ich-mich-mi\/1331888334307097\/&show_text=0&width=410&height=238\" width=\"410\" height=\"238\" style=\"border:none;overflow:hidden\" scrolling=\"no\" frameborder=\"0\" allowTransparency=\"true\" allowFullScreen=\"true\"><\/iframe>", "allowHttpsEmbed": true, "thumbnail": {"width": 160, "height": 89}, "isSuperfresh": true}, {"webSearchUrl": "https:\/\/www.bing.com\/videos\/search?q=morgen&view=detail&mid=DB97ADEB07370B5DD711DB97ADEB07370B5DD711", "name": "Hanna aus Aschau: Sebastian T. soll ihr Mörder sein", "description": "In der bayerischen Gemeinde Aschau sitzt der Schock über den Tod von Medizinstudentin Hanna († 23) tief. Auch wenn sich ein Tatverdächtiger in U-Haft befindet … In der Nacht zum 3. Oktober dieses Jahres – da ist sich die Polizei sicher – war Sebastian T. (20) zwischen 2 und 3 Uhr in Aschau (Bayern) unterwegs, joggte mit Stirnlampe ...", "thumbnailUrl": "https:\/\/tse2.mm.bing.net\/th?id=OVF.nbNBbmTcaRDVhnCq%2bMk72Q&pid=Api", "datePublished": "2022-11-24T15:00:35.0000000", "publisher": [{"name": "YouTube"}], "isAccessibleForFree": true, "contentUrl": "https:\/\/www.youtube.com\/watch?v=l34Es-uEBY8", "hostPageUrl": "https:\/\/www.youtube.com\/watch?v=l34Es-uEBY8", "encodingFormat": "", "hostPageDisplayUrl": "https:\/\/www.youtube.com\/watch?v=l34Es-uEBY8", "width": 1280, "height": 720, "duration": "PT1M52S", "embedHtml": "<iframe width=\"1280\" height=\"720\" src=\"http:\/\/www.youtube.com\/embed\/l34Es-uEBY8?autoplay=1\" frameborder=\"0\" allowfullscreen><\/iframe>", "allowHttpsEmbed": true, "viewCount": 1, "thumbnail": {"width": 160, "height": 120}, "allowMobileEmbed": true, "isSuperfresh": true}, {"webSearchUrl": "https:\/\/www.bing.com\/videos\/search?q=morgen&view=detail&mid=37B227BD1383BEC9C39737B227BD1383BEC9C397", "name": "Fischerboot geht unter: Küstenwache suchte eine Stunde nach Fischern | USA", "description": "Dramatische Rettungsaktion vor den Outer Banks von North Carolina in den USA. Um 2:00 nachts ereilt die Küstenrettung ein Notruf von einem kleinen Fischerboot. Das Boot mit zwei Männern an Board geht in stürmischer See unter. Die United States Coast Guards brauchen über eine Stunde, um die Fischer in der dunklen Nacht zu finden. #gesunken # ...", "thumbnailUrl": "https:\/\/tse1.mm.bing.net\/th?id=OVF.nUuk%2flgUiVoIxaoJMf1kDw&pid=Api", "datePublished": "2022-11-24T16:00:13.0000000", "publisher": [{"name": "YouTube"}], "isAccessibleForFree": true, "contentUrl": "https:\/\/www.youtube.com\/watch?v=Wkj3j1clrAE", "hostPageUrl": "https:\/\/www.youtube.com\/watch?v=Wkj3j1clrAE", "encodingFormat": "", "hostPageDisplayUrl": "https:\/\/www.youtube.com\/watch?v=Wkj3j1clrAE", "width": 1280, "height": 720, "duration": "PT1M", "embedHtml": "<iframe width=\"1280\" height=\"720\" src=\"http:\/\/www.youtube.com\/embed\/Wkj3j1clrAE?autoplay=1\" frameborder=\"0\" allowfullscreen><\/iframe>", "allowHttpsEmbed": true, "thumbnail": {"width": 160, "height": 120}, "allowMobileEmbed": true, "isSuperfresh": true}, {"webSearchUrl": "https:\/\/www.bing.com\/videos\/search?q=morgen&view=detail&mid=7AD8BAA4D400C0AA7B447AD8BAA4D400C0AA7B44", "name": "„Habeck schmeißt die Kohle raus“ | Carsten Stahl #shorts", "description": "400.000 für einen Fotografen? Kein Problem. Aber wir sollen sparen. Carsten Stahl übt klare Kritik an Habecks Vorhaben. Hier geht's zum ganzen Video: https:\/\/youtu.be\/3ETipNH9bCo #carstenstahl #habeck #politik ---------------------------------------------------------------------------------------------- 🔴 BILD IM TV Hol dir unseren News ...", "thumbnailUrl": "https:\/\/tse4.mm.bing.net\/th?id=OVF.1OI2FTmBBU6JsXCie3ShTw&pid=Api", "datePublished": "2022-11-24T13:30:05.0000000", "publisher": [{"name": "YouTube"}], "isAccessibleForFree": true, "contentUrl": "https:\/\/www.youtube.com\/watch?v=OervoQUpCt4", "hostPageUrl": "https:\/\/www.youtube.com\/watch?v=OervoQUpCt4", "encodingFormat": "", "hostPageDisplayUrl": "https:\/\/www.youtube.com\/watch?v=OervoQUpCt4", "width": 1280, "height": 720, "duration": "PT57S", "embedHtml": "<iframe width=\"1280\" height=\"720\" src=\"http:\/\/www.youtube.com\/embed\/OervoQUpCt4?autoplay=1\" frameborder=\"0\" allowfullscreen><\/iframe>", "allowHttpsEmbed": true, "viewCount": 2, "thumbnail": {"width": 160, "height": 120}, "allowMobileEmbed": true, "isSuperfresh": true}, {"webSearchUrl": "https:\/\/www.bing.com\/videos\/search?q=morgen&view=detail&mid=D3904B3350EFC9F01D81D3904B3350EFC9F01D81", "name": "Sport-Ass von morgen: Lucas Fischer rudert der Konkurrenz davon", "description": "Der 14-jährige Lucas Fischer vom Wassersport-Verein Burg ist begeisterter Ruderer. Opa Reimar war selbst erfolgreich und trainiert Lucas, auch seine Mutter war erfolgreiche Ruderin. Nun soll die Ära weitergehen.", "thumbnailUrl": "https:\/\/tse1.mm.bing.net\/th?id=OVF.CKIt%2fsC8FeAAZPAQOGyqsA&pid=Api", "datePublished": "2022-11-23T09:02:18.0000000", "publisher": [{"name": "mdr.de"}], "contentUrl": "https:\/\/www.mdr.de\/video\/mdr-videos\/c\/video-675274.html", "hostPageUrl": "https:\/\/www.mdr.de\/video\/mdr-videos\/c\/video-675274.html", "encodingFormat": "", "hostPageDisplayUrl": "https:\/\/www.mdr.de\/video\/mdr-videos\/c\/video-675274.html", "width": 1280, "height": 720, "duration": "PT2M46S", "thumbnail": {"width": 160, "height": 89}, "isSuperfresh": true}], "scenario": "List"}, "rankingResponse": {"mainline": {"items": [{"answerType": "WebPages", "resultIndex": 0, "value": {"id": "https:\/\/api.bing.microsoft.com\/api\/v7\/#WebPages.0"}}, {"answerType": "WebPages", "resultIndex": 1, "value": {"id": "https:\/\/api.bing.microsoft.com\/api\/v7\/#WebPages.1"}}, {"answerType": "WebPages", "resultIndex": 2, "value": {"id": "https:\/\/api.bing.microsoft.com\/api\/v7\/#WebPages.2"}}, {"answerType": "WebPages", "resultIndex": 3, "value": {"id": "https:\/\/api.bing.microsoft.com\/api\/v7\/#WebPages.3"}}, {"answerType": "WebPages", "resultIndex": 4, "value": {"id": "https:\/\/api.bing.microsoft.com\/api\/v7\/#WebPages.4"}}, {"answerType": "Images", "value": {"id": "https:\/\/api.bing.microsoft.com\/api\/v7\/#Images"}}, {"answerType": "WebPages", "resultIndex": 5, "value": {"id": "https:\/\/api.bing.microsoft.com\/api\/v7\/#WebPages.5"}}, {"answerType": "WebPages", "resultIndex": 6, "value": {"id": "https:\/\/api.bing.microsoft.com\/api\/v7\/#WebPages.6"}}, {"answerType": "Videos", "value": {"id": "https:\/\/api.bing.microsoft.com\/api\/v7\/#Videos"}}, {"answerType": "WebPages", "resultIndex": 7, "value": {"id": "https:\/\/api.bing.microsoft.com\/api\/v7\/#WebPages.7"}}, {"answerType": "RelatedSearches", "value": {"id": "https:\/\/api.bing.microsoft.com\/api\/v7\/#RelatedSearches"}}]}}}