{"_type": "SearchResponse", "queryContext": {"originalQuery": "deutschland"}, "webPages": {"webSearchUrl": "https:\/\/www.bing.com\/search?q=deutschland", "totalEstimatedMatches": 823000000, "value": [{"id": "https:\/\/api.bing.microsoft.com\/api\/v7\/#WebPages.0", "contractualRules": [{"_type": "ContractualRules\/LicenseAttribution", "targetPropertyName": "snippet", "targetPropertyIndex": 0, "mustBeCloseToContent": true, "license": {"name": "CC-BY-SA", "url": "http:\/\/creativecommons.org\/licenses\/by-sa\/3.0\/"}, "licenseNotice": "Text lizenziert unter CC-BY-SA"}], "name": "Deutschland – Wikipedia", "url": "https:\/\/de.wikipedia.org\/wiki\/Deutschland", "thumbnailUrl": "https:\/\/www.bing.com\/th?id=OIP.jOkPWZPvblg5Ns5Ev_d2KQAAAA&w=80&h=80&c=1&pid=5.1", "isFamilyFriendly": true, "displayUrl": "https:\/\/de.wikipedia.org\/wiki\/Deutschland", "snippet": "Deutschland([ˈdɔɪ̯t͡ʃlant] ; Vollform des Staatennamens seit 1949: Bundesrepublik Deutschland) ist ein Bundesstaatin Mitteleuropa.[6] Er hat 16 Bundesländerund ist als freiheitlich-demokratischerund sozialerRechtsstaatverfasst. Die 1949 gegründete Bundesrepublik Deutschland stellt die jüngste Ausprägung des 1871 erstmals begründeten ...", "dateLastCrawled": "2022-11-19T21:50:00.0000000Z", "language": "de", "isNavigational": false}, {"id": "https:\/\/api.bing.microsoft.com\/api\/v7\/#WebPages.1", "name": "deutschland.de - Euer Link zu Deutschland", "url": "https:\/\/www.deutschland.de\/de", "thumbnailUrl": "https:\/\/www.bing.com\/th?id=OIP.PH8C-XTL5bPRhyQnL5u8rQHaEc&w=80&h=80&c=1&pid=5.1", "isFamilyFriendly": true, "displayUrl": "https:\/\/www.deutschland.de\/de", "snippet": "Deutschland verstehen: deutschland.de erklärt Deutschlands Politik Wirtschaft Gesellschaft Kultur und globale Partnerschaften in spannenden Reportagen, kurzen Fakten und Interviews. Aktuell, übersichtlich und verständlich.", "deepLinks": [{"name": "Politik", "url": "https:\/\/www.deutschland.de\/de\/topic\/politik"}, {"name": "Leben", "url": "https:\/\/www.deutschland.de\/de\/topic\/leben"}, {"name": "Wirtschaft", "url": "https:\/\/www.deutschland.de\/de\/topic\/wirtschaft"}, {"name": "Wissen", "url": "https:\/\/www.deutschland.de\/de\/topic\/wissen"}, {"name": "Kultur", "url": "https:\/\/www.deutschland.de\/de\/topic\/kultur"}, {"name": "Umwelt", "url": "https:\/\/www.deutschland.de\/de\/topic\/umwelt"}], "dateLastCrawled": "2022-11-20T17:00:00.0000000Z", "language": "de", "isNavigational": false}, {"id": "https:\/\/api.bing.microsoft.com\/api\/v7\/#WebPages.2", "name": "Deutschland auf einen Blick", "url": "https:\/\/www.deutschland.de\/de\/deutschland-auf-einen-blick", "thumbnailUrl": "https:\/\/www.bing.com\/th?id=OIP.GtUHqCCFm1OHL_LnZ3WPxwHaDH&w=80&h=80&c=1&pid=5.1", "isFamilyFriendly": true, "displayUrl": "https:\/\/www.deutschland.de\/de\/deutschland-auf-einen-blick", "snippet": "Die Bundesrepublik Deutschland liegt im Herzen Europas und ist ein weltoffenes, demokratisches Land mit großer Tradition und lebendiger Gegenwart. Zahlen und Fakten im Überblick.", "dateLastCrawled": "2022-11-21T20:43:00.0000000Z", "language": "de", "isNavigational": false}, {"id": "https:\/\/api.bing.microsoft.com\/api\/v7\/#WebPages.3", "name": "Deutschland auf einen Blick | Tatsachen über Deutschland", "url": "https:\/\/www.tatsachen-ueber-deutschland.de\/de\/deutschland-auf-einen-blick", "thumbnailUrl": "https:\/\/www.bing.com\/th?id=OIP.ENC5hGyOCX_0K504CuCeIAAAAA&w=80&h=80&c=1&pid=5.1", "isFamilyFriendly": true, "displayUrl": "https:\/\/www.tatsachen-ueber-deutschland.de\/de\/deutschland-auf-einen-blick", "snippet": "Die Bundesrepublik Deutschland liegt im Herzen Europas und ist ein weltoffenes, demokratisches Land mit großer Tradition und lebendiger Gegenwart. Zahlen und Fakten im Überblick.", "dateLastCrawled": "2022-11-20T00:21:00.0000000Z", "language": "de", "isNavigational": false}, {"id": "https:\/\/api.bing.microsoft.com\/api\/v7\/#WebPages.4", "contractualRules": [{"_type": "ContractualRules\/LicenseAttribution", "targetPropertyName": "snippet", "targetPropertyIndex": 4, "mustBeCloseToContent": true, "license": {"name": "CC-BY-SA", "url": "http:\/\/creativecommons.org\/licenses\/by-sa\/3.0\/"}, "licenseNotice": "Text lizenziert unter CC-BY-SA"}], "name": "Land (Deutschland) – Wikipedia", "url": "https:\/\/de.wikipedia.org\/wiki\/Land_(Deutschland)", "isFamilyFriendly": true, "displayUrl": "https:\/\/de.wikipedia.org\/wiki\/Land_(Deutschland)", "snippet": "Ein Land (amtliche Bezeichnung in der Gesetzes- und juristischen Fachsprache, im allgemeinen Sprachgebrauch oft auch Bundesland genannt) ist nach der föderalen Verfassungs­ordnung der Bundesrepublik Deutschland einer ihrer teilsouveränen Gliedstaaten. Seit 1990 besteht die Bundesrepublik aus 16 Ländern.", "dateLastCrawled": "2022-11-19T21:10:00.0000000Z", "language": "de", "isNavigational": false}, {"id": "https:\/\/api.bing.microsoft.com\/api\/v7\/#WebPages.5", "name": "Deutschland - aktuelle Nachrichten | tagesschau.de", "url": "https:\/\/www.tagesschau.de\/thema\/deutschland\/", "thumbnailUrl": "https:\/\/www.bing.com\/th?id=OIP.KurgtnXsk7CbYE5HOE6cTgHaEK&w=80&h=80&c=1&pid=5.1", "isFamilyFriendly": true, "displayUrl": "https:\/\/www.tagesschau.de\/thema\/deutschland", "snippet": "Deutschland - Nachrichten und Information: An 365 Tagen im Jahr, rund um die Uhr aktualisiert, die wichtigsten News auf tagesschau.de", "dateLastCrawled": "2022-11-19T22:30:00.0000000Z", "language": "de", "isNavigational": false}, {"id": "https:\/\/api.bing.microsoft.com\/api\/v7\/#WebPages.6", "name": "Deutschland – Statistiken zur Bundesrepublik | Statista", "url": "https:\/\/de.statista.com\/themen\/105\/deutschland\/", "isFamilyFriendly": true, "displayUrl": "https:\/\/de.statista.com\/themen\/105\/deutschland", "snippet": "Deutschland ist eine bunte Gesellschaft - es leben ungefähr 21,9 Millionen Menschen in Deutschland, die einen Migrationshintergrund haben. Auch der Wanderungssaldo der Bundesrepublik ist seit 2010...", "dateLastCrawled": "2022-11-19T00:11:00.0000000Z", "language": "de", "isNavigational": false}, {"id": "https:\/\/api.bing.microsoft.com\/api\/v7\/#WebPages.7", "name": "Lambrecht: Deutschland muss sich für möglichen Angriff wappnen", "url": "https:\/\/web.de\/magazine\/politik\/lambrecht-deutschland-moeglichen-angriff-wappnen-37494392", "isFamilyFriendly": true, "displayUrl": "https:\/\/web.de\/magazine\/politik\/lambrecht-deutschland-moeglichen-angriff-wappnen-37494392", "snippet": "Der Angriff Russlands auf die Ukraine hat in Deutschland die Sorge vor einer möglichen Kriegsbeteiligung entfacht. Verteidigungsministerin Christine Lambrecht hat nun erklärt, dass sich die ...", "dateLastCrawled": "2022-11-21T18:10:00.0000000Z", "language": "de", "isNavigational": false}]}, "images": {"id": "https:\/\/api.bing.microsoft.com\/api\/v7\/#Images", "readLink": "https:\/\/api.bing.microsoft.com\/api\/v7\/images\/search?q=Deutschland&qpvt=Deutschland", "webSearchUrl": "https:\/\/www.bing.com\/images\/search?q=Deutschland&qpvt=Deutschland", "isFamilyFriendly": true, "value": [{"webSearchUrl": "https:\/\/www.bing.com\/images\/search?q=Deutschland&id=75760D20AD8007B4B9592F089C80781750B60B58&FORM=IARRTH", "name": "Germany: History and Facts | HISTORY.com - HISTORY", "thumbnailUrl": "https:\/\/tse1.mm.bing.net\/th?id=OIP.gZ5hSLcmrIRnodSLc0j1ogHaEK&pid=Api", "contentUrl": "https:\/\/www.history.com\/.image\/t_share\/MTU4MDk5NjM2NDg4MjUwNTcy\/germany.jpg", "hostPageUrl": "https:\/\/www.history.com\/topics\/germany", "contentSize": "127764 B", "encodingFormat": "jpeg", "hostPageDisplayUrl": "https:\/\/www.history.com\/topics\/germany", "width": 1200, "height": 675, "thumbnail": {"width": 474, "height": 266}}, {"webSearchUrl": "https:\/\/www.bing.com\/images\/search?q=Deutschland&id=5D92F307F55B48F4DD3DC5D02B25FE6D4DAC0EDC&FORM=IARRTH", "name": "Cologne, Germany: What to See, Do, and Eat | Found The World", "thumbnailUrl": "https:\/\/tse1.mm.bing.net\/th?id=OIP.3HKlTy2bwPS-US5J5e6tZgHaJQ&pid=Api", "contentUrl": "https:\/\/foundtheworld.com\/wp-content\/uploads\/2018\/08\/Cologn-Germany.jpg", "hostPageUrl": "https:\/\/foundtheworld.com\/cologne-germany\/", "contentSize": "233904 B", "encodingFormat": "jpeg", "hostPageDisplayUrl": "https:\/\/foundtheworld.com\/cologne-germany\/", "width": 1080, "height": 1350, "thumbnail": {"width": 474, "height": 592}}, {"webSearchUrl": "https:\/\/www.bing.com\/images\/search?q=Deutschland&id=A8BD1BE5D752D2FF7F7E00A289E922C4EA8FEBE2&FORM=IARRTH", "name": "Christmas Markets of Germany and France: Munich, Nuremberg, Strasbourg ...", "thumbnailUrl": "https:\/\/tse1.mm.bing.net\/th?id=OIP.x5exEMzGuX2M9PH9hk5Y8AHaEx&pid=Api", "contentUrl": "http:\/\/www.zicasso.com\/sites\/default\/files\/styles\/original_scaled_down\/public\/cleanup\/sampletrip\/Medieval_Germany_Intro.jpg", "hostPageUrl": "http:\/\/www.zicasso.com\/luxury-vacation-france-germany-tours\/christmas-markets-germany-and-france-munich-nuremberg", "contentSize": "148937 B", "encodingFormat": "jpeg", "hostPageDisplayUrl": "http:\/\/www.zicasso.com\/luxury-vacation-france-germany-tours\/christmas-markets-germany-and-france-munich-nuremberg", "width": 1276, "height": 823, "thumbnail": {"width": 474, "height": 305}}, {"webSearchUrl": "https:\/\/www.bing.com\/images\/search?q=Deutschland&id=F9D48A2536875C76B130FFA14F9812700DD35917&FORM=IARRTH", "name": "Frankfurt | White & Case LLP", "thumbnailUrl": "https:\/\/tse1.mm.bing.net\/th?id=OIP.hXPNwEtrSAA90beMC3vTFAHaL2&pid=Api", "contentUrl": "https:\/\/www.whitecase.com\/sites\/default\/files\/images\/sidebar\/2019\/03\/frankfurt_germany_desktop_800x1280.jpg", "hostPageUrl": "https:\/\/www.whitecase.com\/locations\/emea\/frankfurt", "contentSize": "413344 B", "encodingFormat": "jpeg", "hostPageDisplayUrl": "https:\/\/www.whitecase.com\/locations\/emea\/frankfurt", "width": 800, "height": 1280, "thumbnail": {"width": 474, "height": 758}}, {"webSearchUrl": "https:\/\/www.bing.com\/images\/search?q=Deutschland&id=B011E16F59BEA4F984A8AFB758255556A1E861B2&FORM=IARRTH", "name": "How To Germany - Frankfurt am Main: The Gateway to Germany", "thumbnailUrl": "https:\/\/tse1.mm.bing.net\/th?id=OIP.AVDafUi7xmjtA5FknoJjaQHaE7&pid=Api", "contentUrl": "http:\/\/www.howtogermany.com\/images\/frankfurt-skyline.jpg", "hostPageUrl": "http:\/\/www.howtogermany.com\/pages\/frankfurt.html", "contentSize": "432991 B", "encodingFormat": "jpeg", "hostPageDisplayUrl": "http:\/\/www.howtogermany.com\/pages\/frankfurt.html", "width": 2048, "height": 1365, "thumbnail": {"width": 474, "height": 315}}, {"webSearchUrl": "https:\/\/www.bing.com\/images\/search?q=Deutschland&id=916A65A173C356514ECC16BD4FA037D9F8080FB3&FORM=IARRTH", "name": "Drunk American punched for making 'Nazi salute' in German bar - CNN", "thumbnailUrl": "https:\/\/tse1.mm.bing.net\/th?id=OIP.gqoLkzH30PI7c9bGC_TYcwHaEK&pid=Api", "contentUrl": "http:\/\/i2.cdn.cnn.com\/cnnnext\/dam\/assets\/170813130921-dresden-germany-file-super-tease.jpg", "hostPageUrl": "http:\/\/www.cnn.com\/2017\/08\/13\/world\/american-man-nazi-salute-germany-trnd\/index.html", "contentSize": "136327 B", "encodingFormat": "jpeg", "hostPageDisplayUrl": "http:\/\/www.cnn.com\/2017\/08\/13\/world\/american-man-nazi-salute-germany-trnd\/index.html", "width": 1100, "height": 619, "thumbnail": {"width": 474, "height": 266}}]}, "relatedSearches": {"id": "https:\/\/api.bing.microsoft.com\/api\/v7\/#RelatedSearches", "value": [{"text": "deutschland karte", "displayText": "deutschland karte", "webSearchUrl": "https:\/\/www.bing.com\/search?q=deutschland+karte"}, {"text": "deutschland maps", "displayText": "deutschland maps", "webSearchUrl": "https:\/\/www.bing.com\/search?q=deutschland+maps"}, {"text": "aktuelle nachricht", "displayText": "aktuelle nachricht", "webSearchUrl": "https:\/\/www.bing.com\/search?q=aktuelle+nachricht"}, {"text": "deutschland amtssprache", "displayText": "deutschland amtssprache", "webSearchUrl": "https:\/\/www.bing.com\/search?q=deutschland+amtssprache"}, {"text": "deutschland bundesländer", "displayText": "deutschland bundesländer", "webSearchUrl": "https:\/\/www.bing.com\/search?q=deutschland+bundesl%C3%A4nder"}, {"text": "portal deutschland", "displayText": "portal deutschland", "webSearchUrl": "https:\/\/www.bing.com\/search?q=portal+deutschland"}, {"text": "deutschland geschichte", "displayText": "deutschland geschichte", "webSearchUrl": "https:\/\/www.bing.com\/search?q=deutschland+geschichte"}, {"text": "deutschland geographie", "displayText": "deutschland geographie", "webSearchUrl": "https:\/\/www.bing.com\/search?q=deutschland+geographie"}]}, "videos": {"id": "https:\/\/api.bing.microsoft.com\/api\/v7\/#Videos", "readLink": "https:\/\/api.bing.microsoft.com\/api\/v7\/videos\/search?q=Deutschland", "webSearchUrl": "https:\/\/www.bing.com\/videos\/search?q=Deutschland", "isFamilyFriendly": true, "value": [{"webSearchUrl": "https:\/\/www.bing.com\/videos\/search?q=Deutschland&view=detail&mid=23B7070E1F03BC9FCBFE23B7070E1F03BC9FCBFE", "name": "Königreich Deutschland: Reichsbürger auf Expansionskurs | SPIEGEL TV", "description": "Für Millionenbeträge haben Reichsbürger um Peter Fitzek, den selbsternannten »König von Deutschland«, Schlösser in Sachsen gekauft. Dort wollen sie eine Art Parallelstaat errichten. Die Gelder dafür haben sie offenbar von treuen »Untertanen«. Innenansichten aus dem »Königreich Deutschland«. True-Crime-Kanalmitglied werden und ...", "thumbnailUrl": "https:\/\/tse4.mm.bing.net\/th?id=OVP.xE6fWEcfhhIbD1ZwH12i5AHgFo&pid=Api", "datePublished": "2022-05-25T06:00:01.0000000", "publisher": [{"name": "YouTube"}], "isAccessibleForFree": true, "contentUrl": "https:\/\/www.youtube.com\/watch?v=aOjHs_pMbOg", "hostPageUrl": "https:\/\/www.youtube.com\/watch?v=aOjHs_pMbOg", "encodingFormat": "mp4", "hostPageDisplayUrl": "https:\/\/www.youtube.com\/watch?v=aOjHs_pMbOg", "width": 1280, "height": 720, "duration": "PT17M8S", "motionThumbnailUrl": "https:\/\/tse4.mm.bing.net\/th?id=OM2._sufvAMfDge3Iw&pid=Api", "embedHtml": "<iframe width=\"1280\" height=\"720\" src=\"http:\/\/www.youtube.com\/embed\/aOjHs_pMbOg?autoplay=1\" frameborder=\"0\" allowfullscreen><\/iframe>", "allowHttpsEmbed": true, "viewCount": 2335865, "thumbnail": {"width": 160, "height": 120}, "allowMobileEmbed": true, "isSuperfresh": false}, {"webSearchUrl": "https:\/\/www.bing.com\/videos\/search?q=Deutschland&view=detail&mid=08617BCF36EDE79F4D1208617BCF36EDE79F4D12", "name": "Die Anfänge des \"Königreichs Deutschland\" | SPIEGEL TV (2012)", "description": "Bereits 2013 berichtete SPIEGEL TV über \\\"König\\\" Peter Fitzek und seine Bemühungen, einen eigenen Staat zu gründen. Grundlage dafür war der gegründete Verein \\\"NeuDeutschland\\\". Die aktuelle Reportage über den \\\"falschen König\\\" und seine gutgläubigen Vasallen seht ihr hier: https:\/\/youtu.be\/aOjHs_pMbOg True-Crime-Kanalmitglied werden ...", "thumbnailUrl": "https:\/\/tse4.mm.bing.net\/th?id=OVP.ilSvcMqubLNE-ldoSre1CAEsDh&pid=Api", "datePublished": "2022-05-29T06:09:05.0000000", "publisher": [{"name": "YouTube"}], "isAccessibleForFree": true, "contentUrl": "https:\/\/www.youtube.com\/watch?v=Xl-JO0THAkw", "hostPageUrl": "https:\/\/www.youtube.com\/watch?v=Xl-JO0THAkw", "encodingFormat": "mp4", "hostPageDisplayUrl": "https:\/\/www.youtube.com\/watch?v=Xl-JO0THAkw", "width": 1280, "height": 720, "duration": "PT24M17S", "motionThumbnailUrl": "https:\/\/tse4.mm.bing.net\/th?id=OM2.Ek2f5-02z3thCA&pid=Api", "embedHtml": "<iframe width=\"1280\" height=\"720\" src=\"http:\/\/www.youtube.com\/embed\/Xl-JO0THAkw?autoplay=1\" frameborder=\"0\" allowfullscreen><\/iframe>", "allowHttpsEmbed": true, "viewCount": 738146, "thumbnail": {"width": 160, "height": 120}, "allowMobileEmbed": true, "isSuperfresh": false}, {"webSearchUrl": "https:\/\/www.bing.com\/videos\/search?q=Deutschland&view=detail&mid=97BA335426016A217F0097BA335426016A217F00", "name": "Deutschland", "description": "Deutschland", "thumbnailUrl": "https:\/\/tse4.mm.bing.net\/th?id=OVP.qAMB2YAckO1pbRJ62pQVeQIAEg&pid=Api", "datePublished": "2022-10-07T10:31:00.0000000", "publisher": [{"name": "tagesschau.de"}], "contentUrl": "https:\/\/www.tagesschau.de\/thema\/deutschland\/", "hostPageUrl": "https:\/\/www.tagesschau.de\/thema\/deutschland\/", "encodingFormat": "", "hostPageDisplayUrl": "https:\/\/www.tagesschau.de\/thema\/deutschland\/", "width": 512, "height": 288, "duration": "PT1M55S", "embedHtml": "<iframe src=\"https:\/\/www.tagesschau.de\/multimedia\/video\/video-1097389~player.html\" width=\"512\" height=\"288\" allowfullscreen frameBorder=\"0\" scrolling=\"no\"><\/iframe>", "allowHttpsEmbed": true, "thumbnail": {"width": 160, "height": 90}, "allowMobileEmbed": true, "isSuperfresh": false}, {"webSearchUrl": "https:\/\/www.bing.com\/videos\/search?q=Deutschland&view=detail&mid=A03B18A3A8597DF4600AA03B18A3A8597DF4600A", "name": "Langfristverträge bis 2030 verpflichten zum Kauf russischen Gases | Frontal", "description": "Deutschland muss bis 2030 für russisches Erdgas selbst dann bezahlen, wenn das Gas nicht mehr importiert wird. Grund dafür sind Langfristverträge mit Laufzeiten bis zu 30 Jahren, die deutsche Unternehmen mit dem russischen Konzern GAZPROM abgeschlossen haben. Das zeigen frontal-Recherchen. Insgesamt geht es um mehr als 140 Milliarden Euro ...", "thumbnailUrl": "https:\/\/tse1.mm.bing.net\/th?id=OVP.Uw1kZRk_A0IAABYICaJIDgHgFo&pid=Api", "datePublished": "2022-04-27T10:30:07.0000000", "publisher": [{"name": "YouTube"}], "isAccessibleForFree": true, "contentUrl": "https:\/\/www.youtube.com\/watch?v=izN2eOl5Q0o", "hostPageUrl": "https:\/\/www.youtube.com\/watch?v=izN2eOl5Q0o", "encodingFormat": "mp4", "hostPageDisplayUrl": "https:\/\/www.youtube.com\/watch?v=izN2eOl5Q0o", "width": 1280, "height": 720, "duration": "PT8M50S", "motionThumbnailUrl": "https:\/\/tse1.mm.bing.net\/th?id=OM2.CmD0fVmooxg7oA&pid=Api", "embedHtml": "<iframe width=\"1280\" height=\"720\" src=\"http:\/\/www.youtube.com\/embed\/izN2eOl5Q0o?autoplay=1\" frameborder=\"0\" allowfullscreen><\/iframe>", "allowHttpsEmbed": true, "viewCount": 864229, "thumbnail": {"width": 160, "height": 120}, "allowMobileEmbed": true, "isSuperfresh": false}, {"webSearchUrl": "https:\/\/www.bing.com\/videos\/search?q=Deutschland&view=detail&mid=FBDE9842FB592CFB83ADFBDE9842FB592CFB83AD", "name": "Das Netzwerk des türkischen Präsidenten in Deutschland | ZDFzoom", "description": "Wer sich in Deutschland gegen den türkischen Staatspräsidenten stellt, muss mit gefährlichen Konsequenzen rechnen. Wie weit gehen Erdoğan und seine Gefolgsleute? Das Netzwerk ist weitreichend: Verbände, AKP-Lobbyisten, Geheimdienst und es gibt Hinweise, dass die türkische Mafia mitmischt. Dem Verfassungsschutz bereiten auch einzelne ...", "thumbnailUrl": "https:\/\/tse1.mm.bing.net\/th?id=OVP.b26sGCHRcTEyE8INFMldNgEsDh&pid=Api", "datePublished": "2022-01-29T09:00:14.0000000", "publisher": [{"name": "YouTube"}], "isAccessibleForFree": true, "contentUrl": "https:\/\/www.youtube.com\/watch?v=Y-Y6YARB9VQ", "hostPageUrl": "https:\/\/www.youtube.com\/watch?v=Y-Y6YARB9VQ", "encodingFormat": "mp4", "hostPageDisplayUrl": "https:\/\/www.youtube.com\/watch?v=Y-Y6YARB9VQ", "width": 1280, "height": 720, "duration": "PT29M11S", "motionThumbnailUrl": "https:\/\/tse1.mm.bing.net\/th?id=OM1.rYP7LFn7Qpje-w&pid=Api", "embedHtml": "<iframe width=\"1280\" height=\"720\" src=\"http:\/\/www.youtube.com\/embed\/Y-Y6YARB9VQ?autoplay=1\" frameborder=\"0\" allowfullscreen><\/iframe>", "allowHttpsEmbed": true, "viewCount": 340781, "thumbnail": {"width": 160, "height": 120}, "allowMobileEmbed": true, "isSuperfresh": false}, {"webSearchUrl": "https:\/\/www.bing.com\/videos\/search?q=Deutschland&view=detail&mid=3D892F7662AF83840D243D892F7662AF83840D24", "name": "Armut in Deutschland: Verteilungskampf am unteren Rand | ZDFinfo Doku", "description": "Noch mehr Dokus und Reportagen? Dann abonniere ZDFinfo. Die komplette Doku gibt es hier ️ https:\/\/kurz.zdf.de\/6gg4\/ Die ZDFinfo-Doku zeigt unter welchem Konkurrenzdruck Menschen in Deutschland stehen, die ohnehin schon am Existenzminimum leben. Immer mehr Obdachlose, Rentner, Geringverdiener, Alleinerziehende und Migranten strömen in ...", "thumbnailUrl": "https:\/\/tse4.mm.bing.net\/th?id=OVP.vNWqTpizGjBcqJsUbhZy6wHgFo&pid=Api", "datePublished": "2022-02-16T17:00:23.0000000", "publisher": [{"name": "YouTube"}], "isAccessibleForFree": true, "contentUrl": "https:\/\/www.youtube.com\/watch?v=ksVVCHF6GTM", "hostPageUrl": "https:\/\/www.youtube.com\/watch?v=ksVVCHF6GTM", "encodingFormat": "mp4", "hostPageDisplayUrl": "https:\/\/www.youtube.com\/watch?v=ksVVCHF6GTM", "width": 1280, "height": 720, "duration": "PT13M", "motionThumbnailUrl": "https:\/\/tse4.mm.bing.net\/th?id=OM.JA2Eg69idi-JPQ_1663956598&pid=Api", "embedHtml": "<iframe width=\"1280\" height=\"720\" src=\"http:\/\/www.youtube.com\/embed\/ksVVCHF6GTM?autoplay=1\" frameborder=\"0\" allowfullscreen><\/iframe>", "allowHttpsEmbed": true, "viewCount": 60626, "thumbnail": {"width": 160, "height": 120}, "allowMobileEmbed": true, "isSuperfresh": false}, {"webSearchUrl": "https:\/\/www.bing.com\/videos\/search?q=Deutschland&view=detail&mid=FC17263C38A3D6F03787FC17263C38A3D6F03787", "name": "Deutschland und der Atomkrieg | Terra X", "description": "Ein Gespenst ist wieder da, das seit dem Ende des Kalten Krieges aus der Geschichte verschwunden zu sein schien. Militärmanöver und Übungen für den Ernstfall waren einst in der NATO und im Warschauer Pakt selbstverständlich. Der Atomkrieg ist seit 1945 eine militärische Option. Hiroshima und Nagasaki haben der Menschheit die entsetzlichen ...", "thumbnailUrl": "https:\/\/tse1.mm.bing.net\/th?id=OVP.WM-ljZpl1ZNzjYg_6jvM_gHgFo&pid=Api", "datePublished": "2022-05-01T08:00:19.0000000", "publisher": [{"name": "YouTube"}], "isAccessibleForFree": true, "contentUrl": "https:\/\/www.youtube.com\/watch?v=wCTKNXYpveU", "hostPageUrl": "https:\/\/www.youtube.com\/watch?v=wCTKNXYpveU", "encodingFormat": "mp4", "hostPageDisplayUrl": "https:\/\/www.youtube.com\/watch?v=wCTKNXYpveU", "width": 1280, "height": 720, "duration": "PT20M20S", "motionThumbnailUrl": "https:\/\/tse1.mm.bing.net\/th?id=OM2.hzfw1qM4PCYX_A&pid=Api", "embedHtml": "<iframe width=\"1280\" height=\"720\" src=\"http:\/\/www.youtube.com\/embed\/wCTKNXYpveU?autoplay=1\" frameborder=\"0\" allowfullscreen><\/iframe>", "allowHttpsEmbed": true, "viewCount": 1600750, "thumbnail": {"width": 160, "height": 120}, "allowMobileEmbed": true, "isSuperfresh": false}, {"webSearchUrl": "https:\/\/www.bing.com\/videos\/search?q=Deutschland&view=detail&mid=4EE506212296387E44B34EE506212296387E44B3", "name": "SpongeBob Schwammkopf | SpongeBob, der Meister der Prokrastination | Nickelodeon Deutschland", "description": "SpongeBob will seinen Aufsatz nicht schreiben! Das haben wir bestimmt alle schon einmal erlebt: SpongeBob muss einen Aufsatz für die Bootsschule schreiben und tut alles nur Erdenkliche, um sich davon abzulenken! Abonniere unseren Kanal, um noch mehr von deinen Nickelodeon-Lieblingsserien wie Spongebob Schwammkopf, Teenage Mutant Ninja Turtles ...", "thumbnailUrl": "https:\/\/tse1.mm.bing.net\/th?id=OVP.oX6gAPd_qrjD1U53vPZR-AHgFo&pid=Api", "datePublished": "2022-08-22T12:00:17.0000000", "publisher": [{"name": "YouTube"}], "isAccessibleForFree": true, "contentUrl": "https:\/\/www.youtube.com\/watch?v=VGhVT5C6s8c", "hostPageUrl": "https:\/\/www.youtube.com\/watch?v=VGhVT5C6s8c", "encodingFormat": "mp4", "hostPageDisplayUrl": "https:\/\/www.youtube.com\/watch?v=VGhVT5C6s8c", "width": 1280, "height": 720, "duration": "PT4M30S", "motionThumbnailUrl": "https:\/\/tse1.mm.bing.net\/th?id=OM2.s0R-OJYiIQblTg&pid=Api", "embedHtml": "<iframe width=\"1280\" height=\"720\" src=\"http:\/\/www.youtube.com\/embed\/VGhVT5C6s8c?autoplay=1\" frameborder=\"0\" allowfullscreen><\/iframe>", "allowHttpsEmbed": true, "viewCount": 98159, "thumbnail": {"width": 160, "height": 120}, "allowMobileEmbed": true, "isSuperfresh": false}, {"webSearchUrl": "https:\/\/www.bing.com\/videos\/search?q=Deutschland&view=detail&mid=7E417484A4033511BF787E417484A4033511BF78", "name": "KRIEG IN EUROPA: Deutschland rüstet auf – 100 Milliarden Euro für die Bundeswehr", "description": "Als Reaktion auf den Ukraine-Krieg und die Drohungen von Kreml-Chef Wladimir Putin gegen den Westen will Deutschland seine Verteidigungsfähigkeit mit Milliardenaufwand erhöhen. Bundeskanzler Olaf Scholz kündigte am Sonntag in einer Sondersitzung des Bundestags ein einmaliges «Sondervermögen» von 100 Milliarden Euro und eine deutliche ...", "thumbnailUrl": "https:\/\/tse1.mm.bing.net\/th?id=OVP.x0XppamYWw6ojUyX0nTASQHgFo&pid=Api", "datePublished": "2022-02-28T05:45:00.0000000", "publisher": [{"name": "YouTube"}], "isAccessibleForFree": true, "contentUrl": "https:\/\/www.youtube.com\/watch?v=1vCx8MCnqto", "hostPageUrl": "https:\/\/www.youtube.com\/watch?v=1vCx8MCnqto", "encodingFormat": "mp4", "hostPageDisplayUrl": "https:\/\/www.youtube.com\/watch?v=1vCx8MCnqto", "width": 1280, "height": 720, "duration": "PT2M4S", "motionThumbnailUrl": "https:\/\/tse1.mm.bing.net\/th?id=OM.eL8RNQOkhHRBfg_1662787612&pid=Api", "embedHtml": "<iframe width=\"1280\" height=\"720\" src=\"http:\/\/www.youtube.com\/embed\/1vCx8MCnqto?autoplay=1\" frameborder=\"0\" allowfullscreen><\/iframe>", "allowHttpsEmbed": true, "viewCount": 240139, "thumbnail": {"width": 160, "height": 120}, "allowMobileEmbed": true, "isSuperfresh": false}, {"webSearchUrl": "https:\/\/www.bing.com\/videos\/search?q=Deutschland&view=detail&mid=8D09E17F608F2A9149948D09E17F608F2A914994", "name": "SpongeBob Schwammkopf | Mr. Krabs geht zum Arzt! | Nickelodeon Deutschland", "description": "SpongeBob trickst Mr. Krabs aus! Mr. Krabs weigert sich, eine ärztliche Untersuchung durchführen zu lassen, und so tricksen SpongeBob und Thaddäus ihn aus, damit er einen Arzt aufsucht. Wenn er sich nicht untersuchen lässt, könnte er die Krosse Krabbe verlieren! Abonniere unseren Kanal, um noch mehr von deinen Nickelodeon-Lieblingsserien ...", "thumbnailUrl": "https:\/\/tse2.mm.bing.net\/th?id=OVP.jJvsaziMW-MpU1A2h7hGlAHgFo&pid=Api", "datePublished": "2022-07-21T14:00:26.0000000", "publisher": [{"name": "YouTube"}], "isAccessibleForFree": true, "contentUrl": "https:\/\/www.youtube.com\/watch?v=rsyz1LQNbLM", "hostPageUrl": "https:\/\/www.youtube.com\/watch?v=rsyz1LQNbLM", "encodingFormat": "mp4", "hostPageDisplayUrl": "https:\/\/www.youtube.com\/watch?v=rsyz1LQNbLM", "width": 1280, "height": 720, "duration": "PT4M53S", "motionThumbnailUrl": "https:\/\/tse2.mm.bing.net\/th?id=OM.lEmRKo9gf-EJjQ_1662249442&pid=Api", "embedHtml": "<iframe width=\"1280\" height=\"720\" src=\"http:\/\/www.youtube.com\/embed\/rsyz1LQNbLM?autoplay=1\" frameborder=\"0\" allowfullscreen><\/iframe>", "allowHttpsEmbed": true, "viewCount": 254348, "thumbnail": {"width": 160, "height": 120}, "allowMobileEmbed": true, "isSuperfresh": false}], "scenario": "List"}, "rankingResponse": {"mainline": {"items": [{"answerType": "WebPages", "resultIndex": 0, "value": {"id": "https:\/\/api.bing.microsoft.com\/api\/v7\/#WebPages.0"}}, {"answerType": "Videos", "value": {"id": "https:\/\/api.bing.microsoft.com\/api\/v7\/#Videos"}}, {"answerType": "WebPages", "resultIndex": 1, "value": {"id": "https:\/\/api.bing.microsoft.com\/api\/v7\/#WebPages.1"}}, {"answerType": "WebPages", "resultIndex": 2, "value": {"id": "https:\/\/api.bing.microsoft.com\/api\/v7\/#WebPages.2"}}, {"answerType": "WebPages", "resultIndex": 3, "value": {"id": "https:\/\/api.bing.microsoft.com\/api\/v7\/#WebPages.3"}}, {"answerType": "WebPages", "resultIndex": 4, "value": {"id": "https:\/\/api.bing.microsoft.com\/api\/v7\/#WebPages.4"}}, {"answerType": "WebPages", "resultIndex": 5, "value": {"id": "https:\/\/api.bing.microsoft.com\/api\/v7\/#WebPages.5"}}, {"answerType": "WebPages", "resultIndex": 6, "value": {"id": "https:\/\/api.bing.microsoft.com\/api\/v7\/#WebPages.6"}}, {"answerType": "WebPages", "resultIndex": 7, "value": {"id": "https:\/\/api.bing.microsoft.com\/api\/v7\/#WebPages.7"}}, {"answerType": "RelatedSearches", "value": {"id": "https:\/\/api.bing.microsoft.com\/api\/v7\/#RelatedSearches"}}]}, "sidebar": {"items": [{"answerType": "Images", "value": {"id": "https:\/\/api.bing.microsoft.com\/api\/v7\/#Images"}}]}}}