{"_type": "SearchResponse", "queryContext": {"originalQuery": "gg"}, "webPages": {"webSearchUrl": "https:\/\/www.bing.com\/search?q=gg", "totalEstimatedMatches": 116000000, "value": [{"id": "https:\/\/api.bing.microsoft.com\/api\/v7\/#WebPages.0", "name": "GG - Grundgesetz für die Bundesrepublik Deutschland - Gesetze im Internet", "url": "https:\/\/www.gesetze-im-internet.de\/gg\/BJNR000010949.html", "isFamilyFriendly": true, "displayUrl": "https:\/\/www.gesetze-im-internet.de\/gg\/BJNR000010949.html", "snippet": "Art 2. (1) Jeder hat das Recht auf die freie Entfaltung seiner Persönlichkeit, soweit er nicht die Rechte anderer verletzt und nicht gegen die verfassungsmäßige Ordnung oder das Sittengesetz verstößt. (2) Jeder hat das Recht auf Leben und körperliche Unversehrtheit. Die Freiheit der Person ist unverletzlich.", "dateLastCrawled": "2022-11-21T02:10:00.0000000Z", "language": "de", "isNavigational": false}, {"id": "https:\/\/api.bing.microsoft.com\/api\/v7\/#WebPages.1", "name": "GG - nichtamtliches Inhaltsverzeichnis - Gesetze im Internet", "url": "https:\/\/www.gesetze-im-internet.de\/gg\/index.html", "isFamilyFriendly": true, "displayUrl": "https:\/\/www.gesetze-im-internet.de\/gg\/index.html", "snippet": "Grundgesetz für die Bundesrepublik Deutschland zur Gesamtausgabe der Norm im Format: HTML PDF XML EPUB", "dateLastCrawled": "2022-11-20T18:15:00.0000000Z", "language": "de", "isNavigational": false}, {"id": "https:\/\/api.bing.microsoft.com\/api\/v7\/#WebPages.2", "contractualRules": [{"_type": "ContractualRules\/LicenseAttribution", "targetPropertyName": "snippet", "targetPropertyIndex": 2, "mustBeCloseToContent": true, "license": {"name": "CC-BY-SA", "url": "http:\/\/creativecommons.org\/licenses\/by-sa\/3.0\/"}, "licenseNotice": "Text lizenziert unter CC-BY-SA"}], "name": "GG – Wikipedia", "url": "https:\/\/de.wikipedia.org\/wiki\/GG", "isFamilyFriendly": true, "displayUrl": "https:\/\/de.wikipedia.org\/wiki\/GG", "snippet": "gg steht für: Gauge (Technik), eine Maßeinheit; good game, siehe Gamersprache#G *gg* steht für: großes Grinsen, Netzjargon; siehe Liste von Abkürzungen (Netzjargon)#G.gg steht für: .gg, länderspezifische Top-Level-Domain (ccTLD) der britischen Insel Guernsey; Siehe auch: Gleichgewicht", "dateLastCrawled": "2022-11-18T23:22:00.0000000Z", "language": "de", "isNavigational": false}, {"id": "https:\/\/api.bing.microsoft.com\/api\/v7\/#WebPages.3", "name": "Deutscher Bundestag - Grundgesetz für die Bundesrepublik Deutschland", "url": "https:\/\/www.bundestag.de\/gg", "isFamilyFriendly": true, "displayUrl": "https:\/\/www.bundestag.de\/gg", "snippet": "Artikel 2. (1) Jeder hat das Recht auf die freie Entfaltung seiner Persönlichkeit, soweit er nicht die Rechte anderer verletzt und nicht gegen die verfassungsmäßige Ordnung oder das Sittengesetz verstößt. (2) Jeder hat das Recht auf Leben und körperliche Unversehrtheit. Die Freiheit der Person ist unverletzlich.", "dateLastCrawled": "2022-11-20T21:15:00.0000000Z", "language": "de", "isNavigational": false}, {"id": "https:\/\/api.bing.microsoft.com\/api\/v7\/#WebPages.4", "name": "Google", "url": "http:\/\/www.google.gg\/", "isFamilyFriendly": true, "displayUrl": "www.google.gg", "snippet": "Search the world's information, including webpages, images, videos and more. Google has many special features to help you find exactly what you're looking for.", "dateLastCrawled": "2022-11-20T04:55:00.0000000Z", "language": "en", "isNavigational": false}, {"id": "https:\/\/api.bing.microsoft.com\/api\/v7\/#WebPages.5", "name": "Was heißt \"gg\"? Bedeutung der Abkürzung - GIGA", "url": "https:\/\/www.giga.de\/extra\/netzkultur\/specials\/was-heisst-gg-bedeutung-der-abkuerzung\/", "isFamilyFriendly": true, "displayUrl": "https:\/\/www.giga.de\/extra\/netzkultur\/specials\/was-heisst-gg-bedeutung-der-abkuerzung", "snippet": "Auch im englischen wird die Abkürzung *gg* gleichbedeutend für „gringrin“ bzw. „giggle“ (dt. kichern, glucksen) verwendet. Bildquelle: Getty Images \/ SanneBerg Weitere Bedeutung für die ...", "dateLastCrawled": "2022-11-18T00:18:00.0000000Z", "language": "de", "isNavigational": false}, {"id": "https:\/\/api.bing.microsoft.com\/api\/v7\/#WebPages.6", "contractualRules": [{"_type": "ContractualRules\/LicenseAttribution", "targetPropertyName": "snippet", "targetPropertyIndex": 6, "mustBeCloseToContent": true, "license": {"name": "CC-BY-SA", "url": "http:\/\/creativecommons.org\/licenses\/by-sa\/3.0\/"}, "licenseNotice": "Text lizenziert unter CC-BY-SA"}], "name": ".gg – Wikipedia", "url": "https:\/\/de.wikipedia.org\/wiki\/.gg", "isFamilyFriendly": true, "displayUrl": "https:\/\/de.wikipedia.org\/wiki\/.gg", "snippet": ".gg ist die länderspezifische Top-Level-Domain (ccTLD) der britischen Insel Guernsey. Sie existiert seit dem 7. August 1996 und wird von der ortsansässigen Island Networks verwaltet. Eigenschaften. Insgesamt darf eine Adresse zwischen drei und 63 Zeichen lang sein.", "dateLastCrawled": "2022-11-19T19:18:00.0000000Z", "language": "de", "isNavigational": false}, {"id": "https:\/\/api.bing.microsoft.com\/api\/v7\/#WebPages.7", "name": "Deutscher Bundestag - I. Die Grundrechte", "url": "https:\/\/www.bundestag.de\/gg\/grundrechte", "isFamilyFriendly": true, "displayUrl": "https:\/\/www.bundestag.de\/gg\/grundrechte", "snippet": "Artikel 2. (1) Jeder hat das Recht auf die freie Entfaltung seiner Persönlichkeit, soweit er nicht die Rechte anderer verletzt und nicht gegen die verfassungsmäßige Ordnung oder das Sittengesetz verstößt. (2) Jeder hat das Recht auf Leben und körperliche Unversehrtheit. Die Freiheit der Person ist unverletzlich.", "dateLastCrawled": "2022-11-19T17:26:00.0000000Z", "language": "de", "isNavigational": false}, {"id": "https:\/\/api.bing.microsoft.com\/api\/v7\/#WebPages.8", "name": "GG WASSERSTOFF R FONDS aktueller Kurs | A2QDR5 | DE000A2QDR59", "url": "https:\/\/www.finanzen.net\/fonds\/gg-wasserstoff-r-de000a2qdr59", "isFamilyFriendly": true, "displayUrl": "https:\/\/www.finanzen.net\/fonds\/gg-wasserstoff-r-de000a2qdr59", "snippet": "GG WASSERSTOFF R FONDS (WKN A2QDR5 \/ ISIN DE000A2QDR59) – Aktuelle Nachrichten zum Fonds, Kursdaten, Charts und Performance.", "dateLastCrawled": "2022-11-19T23:15:00.0000000Z", "language": "de", "isNavigational": false}]}, "news": {"id": "https:\/\/api.bing.microsoft.com\/api\/v7\/#News", "readLink": "https:\/\/api.bing.microsoft.com\/api\/v7\/news\/search?q=gg", "value": [{"contractualRules": [{"_type": "ContractualRules\/TextAttribution", "text": "Tagesschau"}], "name": "Tagung des Ständigen Rats Reformiert die Kirche ihr Arbeitsrecht?", "url": "https:\/\/www.tagesschau.de\/inland\/kirchliches-arbeitsrecht-101.html", "image": {"contentUrl": "https:\/\/www.tagesschau.de\/multimedia\/bilder\/katholische-kirche-119~_v-original.jpg", "thumbnail": {"contentUrl": "https:\/\/www.bing.com\/th?id=OVFT.R56fMa_zLu0kq1EtIoBoFy&pid=News", "width": 700, "height": 393}}, "description": "Wer für die katholische Kirche arbeitet, ist einem strengen Arbeitsrecht unterstellt. Auch das Privatleben kann zum Kündigungsgrund werden. Warum hat die Kirche diese Sonderrechte? Und was könnte sich", "provider": [{"_type": "Organization", "name": "Tagesschau", "image": {"thumbnail": {"contentUrl": "https:\/\/www.bing.com\/th?id=ODF.tH0Ta2DnXqPF3J89Pp9uMw&pid=news"}}}], "datePublished": "2022-11-22T04:58:00.0000000Z", "category": "Business"}, {"contractualRules": [{"_type": "ContractualRules\/TextAttribution", "text": "RTL"}], "name": "RTL News Urteil gg Mörder von Studentin: Mädchen-Mord in Strassburg aufgeklärt", "url": "https:\/\/www.rtl.de\/videos\/maedchen-mord-in-strassburg-aufgeklaert-637b91f630545192e20b0092.html", "description": "Schauen Sie die aktuellen Video-News auf RTL an ▶️ Alle Videos aus News, Politik, Unterhaltung, Sport, Lifestyle und mehr auf RTL.de.", "provider": [{"_type": "Organization", "name": "RTL", "image": {"thumbnail": {"contentUrl": "https:\/\/www.bing.com\/th?id=ODF.YedvD-fy9hbJq8bga9yejg&pid=news"}}}], "datePublished": "2022-11-21T16:14:00.0000000Z", "video": {"name": "Mädchen-Mord in Strassburg aufgeklärt", "thumbnailUrl": "https:\/\/www.bing.com\/th?id=OVF.3htqAl6B1bsNrSkTXr2FPA&pid=News", "thumbnail": {"width": 520, "height": 292}}}, {"contractualRules": [{"_type": "ContractualRules\/TextAttribution", "text": "Transfermarkt"}], "name": "Argentinien - Saudi-Arabien (Gruppe C, 1. Spieltag)", "url": "https:\/\/www.transfermarkt.de\/argentinien-saudi-arabien-gruppe-c-1-spieltag-\/thread\/forum\/871\/thread_id\/18\/post_id\/682", "description": "Zitat von Hawsawi7 Geiles Spiel geiles Team KSA muss sagen dass ich nicht ganz überrascht bin. Herve Renard ist einfach ein geiler Trainer.. Mit Marokko schon hat er WM2018 Portugal an die Wand gespie", "provider": [{"_type": "Organization", "name": "Transfermarkt", "image": {"thumbnail": {"contentUrl": "https:\/\/www.bing.com\/th?id=ODF.RlAGj1L6g38KO577aLOCTw&pid=news"}}}], "datePublished": "2022-11-22T11:51:00.0000000Z", "category": "Sports"}, {"contractualRules": [{"_type": "ContractualRules\/TextAttribution", "text": "Echo Online"}], "name": "Groß-Gerau „GG-Scheck“ zur Motivation der Mitarbeiter", "url": "https:\/\/www.echo-online.de\/lokales\/kreis-gross-gerau\/gross-gerau\/gross-gerau-gg-scheck-zur-motivation-der-mitarbeiter--2104603_25829988", "image": {"contentUrl": "https:\/\/cdn.meine-vrm.de\/lFXRez96CDfxSGmr9ZDh0VcQHnQ=\/1200x628\/smart\/819%2F25829%2F25829987%2F58007909.bin", "thumbnail": {"contentUrl": "https:\/\/www.bing.com\/th?id=OVFT.QXqzNOXebplgd4p3kN8qMS&pid=News", "width": 700, "height": 366}}, "description": "Die Stadt Groß-Gerau bietet örtlichen Arbeitgebern den „GG-Scheck“ als Schmankerl für ihre Beschäftigten und zur Bindung der Kaufkraft in der Kreisstadt an.", "provider": [{"_type": "Organization", "name": "Echo Online", "image": {"thumbnail": {"contentUrl": "https:\/\/www.bing.com\/th?id=ODF.XHzoOB0M_JjLKMHCc42pAQ&pid=news"}}}], "datePublished": "2022-11-16T23:00:00.0000000Z", "category": "Business"}, {"contractualRules": [{"_type": "ContractualRules\/TextAttribution", "text": "verfassungsblog.de"}], "name": "Die Klimaziele werden nicht dadurch erreicht, dass man sie abschafft", "url": "https:\/\/verfassungsblog.de\/die-klimaziele-werden-nicht-dadurch-erreicht-dass-man-sie-abschafft\/", "image": {"contentUrl": "https:\/\/verfassungsblog.de\/wp-content\/uploads\/2022\/11\/philipp_5-2022-1-1024x1024.jpg", "thumbnail": {"contentUrl": "https:\/\/www.bing.com\/th?id=OVFT.jPJebDwGd6yvj-D1yZScfy&pid=News", "width": 700, "height": 700}}, "description": "Das Klimaschutzgesetz (KSG) und die darin formulierten Zielvorgaben bilden den zentralen Rahmen für die Umsetzung des Verfassungsauftrages aus Art. 20a GG zu einem effektiven Klimaschutz und zur inter", "provider": [{"_type": "Organization", "name": "verfassungsblog.de", "image": {"thumbnail": {"contentUrl": "https:\/\/www.bing.com\/th?id=ODF.3jdIg-ooUnVxzvw3-NCNkg&pid=news"}}}], "datePublished": "2022-11-16T18:07:00.0000000Z"}]}, "videos": {"id": "https:\/\/api.bing.microsoft.com\/api\/v7\/#Videos", "readLink": "https:\/\/api.bing.microsoft.com\/api\/v7\/videos\/search?q=gg", "webSearchUrl": "https:\/\/www.bing.com\/videos\/search?q=gg", "isFamilyFriendly": true, "value": [{"webSearchUrl": "https:\/\/www.bing.com\/videos\/search?q=gg&view=detail&mid=7718E7D7E086D4B6A6557718E7D7E086D4B6A655", "name": "Girls' Generation 소녀시대 'FOREVER 1' MV", "description": "Girls' Generation's 7th Album \\\"FOREVER 1\\\" is out! Listen and download on your favorite platforms: https:\/\/GirlsGeneration.lnk.to\/FOREVER1 [Tracklist] 01 FOREVER 1 02 Lucky Like That 03 Seventeen 04 Villain 05 You Better Run 06 Closer 07 Mood Lamp 08 완벽한 장면 (Summer Night) 09 Freedom 10 종이비행기 (Paper Plane) Girls' Generation ...", "thumbnailUrl": "https:\/\/tse2.mm.bing.net\/th?id=OVP.8ApyfrAaCZx9nha4-3bregHgFo&pid=Api", "datePublished": "2022-08-05T09:00:16.0000000", "publisher": [{"name": "YouTube"}], "isAccessibleForFree": true, "contentUrl": "https:\/\/www.youtube.com\/watch?v=Qpf26PtBXgo", "hostPageUrl": "https:\/\/www.youtube.com\/watch?v=Qpf26PtBXgo", "encodingFormat": "mp4", "hostPageDisplayUrl": "https:\/\/www.youtube.com\/watch?v=Qpf26PtBXgo", "width": 1280, "height": 720, "duration": "PT3M34S", "motionThumbnailUrl": "https:\/\/tse2.mm.bing.net\/th?id=OM.Vaa21Ibg1-cYdw_1662762545&pid=Api", "embedHtml": "<iframe width=\"1280\" height=\"720\" src=\"http:\/\/www.youtube.com\/embed\/Qpf26PtBXgo?autoplay=1\" frameborder=\"0\" allowfullscreen><\/iframe>", "allowHttpsEmbed": true, "viewCount": 49512187, "thumbnail": {"width": 160, "height": 120}, "allowMobileEmbed": true, "isSuperfresh": false}, {"webSearchUrl": "https:\/\/www.bing.com\/videos\/search?q=gg&view=detail&mid=445A1485FD7DC644E580445A1485FD7DC644E580", "name": "DONDE ENCONTRAR los 9 TROFEOS \/ ESTATUAS | Poppy Playtime Capítulo 2 (Tutorial) - GG Games", "description": "TODAS MIS Redes Sociales ORDENADAS: https:\/\/bio.link\/gggames ___________________________________________ ↓ 𝙍𝙀𝘿𝙀𝙎 𝙎𝙊𝘾𝙄𝘼𝙇𝙀𝙎 ↓ MERCH OFICIAL de GG Games: https:\/\/teespring.com\/es\/stores\/gggames 𝐂𝐎́𝐃𝐈𝐆𝐎 \\\"GGGAMES\\\" 𝐄𝐍 𝐋𝐀 𝐓𝐈𝐄𝐍𝐃𝐀 𝐃𝐄𝐋 ...", "thumbnailUrl": "https:\/\/tse1.mm.bing.net\/th?id=OVP.kWx7gwk8kZOJNbH5IGtZrwHgFo&pid=Api", "datePublished": "2022-05-06T11:00:17.0000000", "publisher": [{"name": "YouTube"}], "isAccessibleForFree": true, "contentUrl": "https:\/\/www.youtube.com\/watch?v=et16b3Odun4", "hostPageUrl": "https:\/\/www.youtube.com\/watch?v=et16b3Odun4", "encodingFormat": "mp4", "hostPageDisplayUrl": "https:\/\/www.youtube.com\/watch?v=et16b3Odun4", "width": 1280, "height": 720, "duration": "PT5M24S", "motionThumbnailUrl": "https:\/\/tse1.mm.bing.net\/th?id=OM1.gOVExn39hRRaRA&pid=Api", "embedHtml": "<iframe width=\"1280\" height=\"720\" src=\"http:\/\/www.youtube.com\/embed\/et16b3Odun4?autoplay=1\" frameborder=\"0\" allowfullscreen><\/iframe>", "allowHttpsEmbed": true, "viewCount": 3866592, "thumbnail": {"width": 160, "height": 120}, "allowMobileEmbed": true, "isSuperfresh": false}, {"webSearchUrl": "https:\/\/www.bing.com\/videos\/search?q=gg&view=detail&mid=E47F62899547C5C0B302E47F62899547C5C0B302", "name": "[BF5]映画に影響されたプレイヤーを探してたらまじでマーベリックみたいな最強な奴が現れたw【観戦モード】", "description": "応援してくれる方、もっと見たいと思ってくれた方は是非、チャンネル登録を♪ GG調査班Twitter https:\/\/twitter.com\/MOMI_EIJI GG調査班Discord https:\/\/discord.gg\/euxJySB ↑GG調査班Discord部屋、気軽にご参加ください。フレンド募集などに活用してもらえたら！ 【関連動画 ...", "thumbnailUrl": "https:\/\/tse2.mm.bing.net\/th?id=OVP.2_ddEYddyZ4F-52djsLkqAHgFo&pid=Api", "datePublished": "2022-06-11T08:30:00.0000000", "publisher": [{"name": "YouTube"}], "isAccessibleForFree": true, "contentUrl": "https:\/\/www.youtube.com\/watch?v=1pkqQYQA7V0", "hostPageUrl": "https:\/\/www.youtube.com\/watch?v=1pkqQYQA7V0", "encodingFormat": "mp4", "hostPageDisplayUrl": "https:\/\/www.youtube.com\/watch?v=1pkqQYQA7V0", "width": 1280, "height": 720, "duration": "PT12M53S", "motionThumbnailUrl": "https:\/\/tse2.mm.bing.net\/th?id=OM.ArPAxUeViWJ_5A_1664279671&pid=Api", "embedHtml": "<iframe width=\"1280\" height=\"720\" src=\"http:\/\/www.youtube.com\/embed\/1pkqQYQA7V0?autoplay=1\" frameborder=\"0\" allowfullscreen><\/iframe>", "allowHttpsEmbed": true, "viewCount": 891959, "thumbnail": {"width": 160, "height": 120}, "allowMobileEmbed": true, "isSuperfresh": false}, {"webSearchUrl": "https:\/\/www.bing.com\/videos\/search?q=gg&view=detail&mid=07FD85C9691B3B419D9C07FD85C9691B3B419D9C", "name": "G.G. Anderson - Das macht uns doch keiner nach (Offizielles Video)", "description": "Jetzt das neue Album \"Wenn in Santa Maria\" von unserem GG Anderson vorbestellen: https:\/\/www.shop24direct.de\/produkt\/wenn-in-santa-maria-431575?by=OxS24dDachYoutubeS24d Alle Videos von G. G. in einer Playlist: http:\/\/bit.ly\/GG_Anderson Gratis und unverbindlich - der Youtube SCHLAGER FÜR ALLE Kanal: http:\/\/bit.ly\/YoutubeAbonnieren Schlager für ...", "thumbnailUrl": "https:\/\/tse2.mm.bing.net\/th?id=OVP.mqiyOswPjNKSpLzwRhGCMAHgFo&pid=Api", "datePublished": "2021-10-01T13:00:09.0000000", "publisher": [{"name": "YouTube"}], "isAccessibleForFree": true, "contentUrl": "https:\/\/www.youtube.com\/watch?v=5SUZfvzlp5s", "hostPageUrl": "https:\/\/www.youtube.com\/watch?v=5SUZfvzlp5s", "encodingFormat": "mp4", "hostPageDisplayUrl": "https:\/\/www.youtube.com\/watch?v=5SUZfvzlp5s", "width": 1280, "height": 720, "duration": "PT3M8S", "motionThumbnailUrl": "https:\/\/tse2.mm.bing.net\/th?id=OM2.nJ1BOxtpyYX9Bw_1645361883&pid=Api", "embedHtml": "<iframe width=\"1280\" height=\"720\" src=\"http:\/\/www.youtube.com\/embed\/5SUZfvzlp5s?autoplay=1\" frameborder=\"0\" allowfullscreen><\/iframe>", "allowHttpsEmbed": true, "viewCount": 40318, "thumbnail": {"width": 160, "height": 120}, "allowMobileEmbed": true, "isSuperfresh": false}, {"webSearchUrl": "https:\/\/www.bing.com\/videos\/search?q=gg&view=detail&mid=DEE96FB1841A75E14352DEE96FB1841A75E14352", "name": "G.G. Anderson - Wenn in Santa Maria (Offizielles Video)", "description": "Jetzt das neue Album \\\"Wenn in Santa Maria\\\" von unserem GG Anderson vorbestellen: https:\/\/www.shop24direct.de\/produkt\/wenn-in-santa-maria-431575?by=OxS24dDachYoutubeS24d Alle Videos von G. G. in einer Playlist: http:\/\/bit.ly\/GG_Anderson Gratis und unverbindlich - der Youtube SCHLAGER FÜR ALLE Kanal: http:\/\/bit.ly\/YoutubeAbonnieren Schlager ...", "thumbnailUrl": "https:\/\/tse3.mm.bing.net\/th?id=OVP.GaXfDw9nNreDzdj-4K0wgwHgFo&pid=Api", "datePublished": "2022-01-07T15:00:11.0000000", "publisher": [{"name": "YouTube"}], "isAccessibleForFree": true, "contentUrl": "https:\/\/www.youtube.com\/watch?v=Ud8jbe3sHSQ", "hostPageUrl": "https:\/\/www.youtube.com\/watch?v=Ud8jbe3sHSQ", "encodingFormat": "mp4", "hostPageDisplayUrl": "https:\/\/www.youtube.com\/watch?v=Ud8jbe3sHSQ", "width": 1280, "height": 720, "duration": "PT3M13S", "motionThumbnailUrl": "https:\/\/tse3.mm.bing.net\/th?id=OM2.UkPhdRqEsW_p3g_1643962124&pid=Api", "embedHtml": "<iframe width=\"1280\" height=\"720\" src=\"http:\/\/www.youtube.com\/embed\/Ud8jbe3sHSQ?autoplay=1\" frameborder=\"0\" allowfullscreen><\/iframe>", "allowHttpsEmbed": true, "viewCount": 86418, "thumbnail": {"width": 160, "height": 120}, "allowMobileEmbed": true, "isSuperfresh": false}, {"webSearchUrl": "https:\/\/www.bing.com\/videos\/search?q=gg&view=detail&mid=2C9EF961C6443830E0762C9EF961C6443830E076", "name": "GG LAPINO ''MANDO'' Clip officiel", "description": "GG LAPINO ''MANDO'' Ne condamne pas le jugement d’autrui parce qu’il diffère du tien. Vous pouvez tous les deux avoir tort. Mando est une leçon de vie, juste une chansson qui nous invite à garder espoir chaque instant et toutes les fois malgré les difficultés de la vie. n'oubliez pas de partager la famille je vous aime", "thumbnailUrl": "https:\/\/tse3.mm.bing.net\/th?id=OVP.MEjU3PoPIUnjA7B0LxNgUwHgFo&pid=Api", "datePublished": "2021-10-24T09:20:23.0000000", "publisher": [{"name": "YouTube"}], "isAccessibleForFree": true, "contentUrl": "https:\/\/www.youtube.com\/watch?v=C1qAkq6wxeI", "hostPageUrl": "https:\/\/www.youtube.com\/watch?v=C1qAkq6wxeI", "encodingFormat": "mp4", "hostPageDisplayUrl": "https:\/\/www.youtube.com\/watch?v=C1qAkq6wxeI", "width": 1280, "height": 720, "duration": "PT3M57S", "motionThumbnailUrl": "https:\/\/tse3.mm.bing.net\/th?id=OM.duAwOETGYfmeLA_1665956074&pid=Api", "embedHtml": "<iframe width=\"1280\" height=\"720\" src=\"http:\/\/www.youtube.com\/embed\/C1qAkq6wxeI?autoplay=1\" frameborder=\"0\" allowfullscreen><\/iframe>", "allowHttpsEmbed": true, "viewCount": 654823, "thumbnail": {"width": 160, "height": 120}, "allowMobileEmbed": true, "isSuperfresh": false}, {"webSearchUrl": "https:\/\/www.bing.com\/videos\/search?q=gg&view=detail&mid=AD34B6A3EEB090D36828AD34B6A3EEB090D36828", "name": "¿A DÓNDE VA DJ MUSIC MAN por los TÚNELES? | FNaF Security Breach - GG Games", "description": "Más vídeos así: https:\/\/www.youtube.com\/playlist?list=PL9xtl9jJBemvOeGNNHBPV6jHz0HSlZS6w ___________________________________________ TODAS MIS Redes Sociales ORDENADAS: https:\/\/bio.link\/gggames ___________________________________________ ↓ 𝙍𝙀𝘿𝙀𝙎 𝙎𝙊𝘾𝙄𝘼𝙇𝙀𝙎 ↓ MERCH OFICIAL de GG Games: https ...", "thumbnailUrl": "https:\/\/tse2.mm.bing.net\/th?id=OVP.5XkUvRBYMGoBEglT-2H5lgHgFo&pid=Api", "datePublished": "2022-01-03T16:00:16.0000000", "publisher": [{"name": "YouTube"}], "isAccessibleForFree": true, "contentUrl": "https:\/\/www.youtube.com\/watch?v=jSKdz_jaIAY", "hostPageUrl": "https:\/\/www.youtube.com\/watch?v=jSKdz_jaIAY", "encodingFormat": "mp4", "hostPageDisplayUrl": "https:\/\/www.youtube.com\/watch?v=jSKdz_jaIAY", "width": 1280, "height": 720, "duration": "PT3M28S", "motionThumbnailUrl": "https:\/\/tse2.mm.bing.net\/th?id=OM1.KGjTkLDuo7Y0rQ_1650865280&pid=Api", "embedHtml": "<iframe width=\"1280\" height=\"720\" src=\"http:\/\/www.youtube.com\/embed\/jSKdz_jaIAY?autoplay=1\" frameborder=\"0\" allowfullscreen><\/iframe>", "allowHttpsEmbed": true, "viewCount": 4222936, "thumbnail": {"width": 160, "height": 120}, "allowMobileEmbed": true, "isSuperfresh": false}, {"webSearchUrl": "https:\/\/www.bing.com\/videos\/search?q=gg&view=detail&mid=CC3C9D283D489160659CCC3C9D283D489160659C", "name": "G.G. ANDERSON 💗 Die größten Hits & Erfolge", "description": "Jetzt \\\"Das Beste\\\" von unserem GG Anderson sichern: https:\/\/www.shop24direct.de\/produkt\/das-beste-gratis-kette-421003?by=OxS24dDachYoutubeS24d Alle Videos: 00:00 1. Sterne von Rom 03:22 2. Küss mich in den Himmel 06:27 3. Du bist mein kleiner Diamant 09:57 4. Nie wieder Goodbye 13:08 5. Denkst du vielleicht an ihn 16:43 6. Sommernacht in Rom ...", "thumbnailUrl": "https:\/\/tse4.mm.bing.net\/th?id=OVP.IBr8k9uJvVe-Omo8UnuzQQHgFo&pid=Api", "datePublished": "2021-09-05T13:00:32.0000000", "publisher": [{"name": "YouTube"}], "isAccessibleForFree": true, "contentUrl": "https:\/\/www.youtube.com\/watch?v=p44oQUts7Sk", "hostPageUrl": "https:\/\/www.youtube.com\/watch?v=p44oQUts7Sk", "encodingFormat": "mp4", "hostPageDisplayUrl": "https:\/\/www.youtube.com\/watch?v=p44oQUts7Sk", "width": 1280, "height": 720, "duration": "PT57M10S", "motionThumbnailUrl": "https:\/\/tse4.mm.bing.net\/th?id=OM1.nGVgkUg9KJ08zA_1640464067&pid=Api", "embedHtml": "<iframe width=\"1280\" height=\"720\" src=\"http:\/\/www.youtube.com\/embed\/p44oQUts7Sk?autoplay=1\" frameborder=\"0\" allowfullscreen><\/iframe>", "allowHttpsEmbed": true, "viewCount": 81418, "thumbnail": {"width": 160, "height": 120}, "allowMobileEmbed": true, "isSuperfresh": false}, {"webSearchUrl": "https:\/\/www.bing.com\/videos\/search?q=gg&view=detail&mid=0FCBABC1D6E674C054570FCBABC1D6E674C05457", "name": "¿A DÓNDE SE LLEVA MOONDROP a GLAMROCK FREDDY? | FNaF Security Breach - GG Games", "description": "Más vídeos así: https:\/\/www.youtube.com\/playlist?list=PL9xtl9jJBemvOeGNNHBPV6jHz0HSlZS6w ___________________________________________ TODAS MIS Redes Sociales ORDENADAS: https:\/\/bio.link\/gggames ___________________________________________ ↓ 𝙍𝙀𝘿𝙀𝙎 𝙎𝙊𝘾𝙄𝘼𝙇𝙀𝙎 ↓ MERCH OFICIAL de GG Games: https ...", "thumbnailUrl": "https:\/\/tse3.mm.bing.net\/th?id=OVP.9VEMR_KJmiVu5ekmMqbhyQEsDh&pid=Api", "datePublished": "2022-02-15T22:24:50.0000000", "publisher": [{"name": "YouTube"}], "isAccessibleForFree": true, "contentUrl": "https:\/\/www.youtube.com\/watch?v=JBUaAr9EzB4", "hostPageUrl": "https:\/\/www.youtube.com\/watch?v=JBUaAr9EzB4", "encodingFormat": "mp4", "hostPageDisplayUrl": "https:\/\/www.youtube.com\/watch?v=JBUaAr9EzB4", "width": 1280, "height": 720, "duration": "PT1M15S", "motionThumbnailUrl": "https:\/\/tse3.mm.bing.net\/th?id=OM2.V1TAdObWwavLDw_1662085185&pid=Api", "embedHtml": "<iframe width=\"1280\" height=\"720\" src=\"http:\/\/www.youtube.com\/embed\/JBUaAr9EzB4?autoplay=1\" frameborder=\"0\" allowfullscreen><\/iframe>", "allowHttpsEmbed": true, "viewCount": 714176, "thumbnail": {"width": 160, "height": 120}, "allowMobileEmbed": true, "isSuperfresh": false}, {"webSearchUrl": "https:\/\/www.bing.com\/videos\/search?q=gg&view=detail&mid=223A83D9DF0F95279973223A83D9DF0F95279973", "name": "The Dating Site Scam That Won't Leave Me Alone", "description": "Thanks to Keeps for sponsoring this video! Head to https:\/\/keeps.com\/mistagg to learn more and get 50% off your first order of hair loss treatment. Twitch: https:\/\/www.twitch.tv\/themistagg Save 10% OFF GamerSupps Using CODE \\\"MistaGG\\\" At Checkout! http:\/\/gamersupps.gg\/?afmc=mistagg Patreon: https:\/\/goo.gl\/lmjWFE Twitter: https:\/\/goo.gl\/VjCCkq ...", "thumbnailUrl": "https:\/\/tse1.mm.bing.net\/th?id=OVP.qiGMdBSlye0x4Rt-QrDaxQHgFo&pid=Api", "datePublished": "2021-10-16T01:16:11.0000000", "publisher": [{"name": "YouTube"}], "isAccessibleForFree": true, "contentUrl": "https:\/\/www.youtube.com\/watch?v=HsMqsR3kvok", "hostPageUrl": "https:\/\/www.youtube.com\/watch?v=HsMqsR3kvok", "encodingFormat": "mp4", "hostPageDisplayUrl": "https:\/\/www.youtube.com\/watch?v=HsMqsR3kvok", "width": 1280, "height": 720, "duration": "PT17M40S", "motionThumbnailUrl": "https:\/\/tse1.mm.bing.net\/th?id=OM1.c5knlQ_f2YM6Ig_1645382590&pid=Api", "embedHtml": "<iframe width=\"1280\" height=\"720\" src=\"http:\/\/www.youtube.com\/embed\/HsMqsR3kvok?autoplay=1\" frameborder=\"0\" allowfullscreen><\/iframe>", "allowHttpsEmbed": true, "viewCount": 391529, "thumbnail": {"width": 160, "height": 120}, "allowMobileEmbed": true, "isSuperfresh": false}], "scenario": "List"}, "rankingResponse": {"mainline": {"items": [{"answerType": "WebPages", "resultIndex": 0, "value": {"id": "https:\/\/api.bing.microsoft.com\/api\/v7\/#WebPages.0"}}, {"answerType": "WebPages", "resultIndex": 1, "value": {"id": "https:\/\/api.bing.microsoft.com\/api\/v7\/#WebPages.1"}}, {"answerType": "News", "value": {"id": "https:\/\/api.bing.microsoft.com\/api\/v7\/#News"}}, {"answerType": "WebPages", "resultIndex": 2, "value": {"id": "https:\/\/api.bing.microsoft.com\/api\/v7\/#WebPages.2"}}, {"answerType": "WebPages", "resultIndex": 3, "value": {"id": "https:\/\/api.bing.microsoft.com\/api\/v7\/#WebPages.3"}}, {"answerType": "Videos", "value": {"id": "https:\/\/api.bing.microsoft.com\/api\/v7\/#Videos"}}, {"answerType": "WebPages", "resultIndex": 4, "value": {"id": "https:\/\/api.bing.microsoft.com\/api\/v7\/#WebPages.4"}}, {"answerType": "WebPages", "resultIndex": 5, "value": {"id": "https:\/\/api.bing.microsoft.com\/api\/v7\/#WebPages.5"}}, {"answerType": "WebPages", "resultIndex": 6, "value": {"id": "https:\/\/api.bing.microsoft.com\/api\/v7\/#WebPages.6"}}, {"answerType": "WebPages", "resultIndex": 7, "value": {"id": "https:\/\/api.bing.microsoft.com\/api\/v7\/#WebPages.7"}}, {"answerType": "WebPages", "resultIndex": 8, "value": {"id": "https:\/\/api.bing.microsoft.com\/api\/v7\/#WebPages.8"}}]}}}