{"_type": "SearchResponse", "queryContext": {"originalQuery": "warum"}, "webPages": {"webSearchUrl": "https:\/\/www.bing.com\/search?q=warum", "totalEstimatedMatches": 70400000, "value": [{"id": "https:\/\/api.bing.microsoft.com\/api\/v7\/#WebPages.0", "name": "Duden | warum | Rechtschreibung, Bedeutung, Definition, Herkunft", "url": "https:\/\/www.duden.de\/rechtschreibung\/warum", "thumbnailUrl": "https:\/\/www.bing.com\/th?id=OIP.S7Mw0BY7nff9pw8yYlQK_QHaDt&w=80&h=80&c=1&pid=5.1", "isFamilyFriendly": true, "displayUrl": "https:\/\/www.duden.de\/rechtschreibung\/warum", "snippet": "(ich frage mich, warum sie das gesagt hat) 〈mit besonderem Nachdruck auch in Fragesätzen ohne Inversion; der Personalform des Verbs nachgestellt:〉 er kam warum noch einmal zurück? du verreist warum? (in indirekten Fragesätzen) ich frage mich, ich weiß nicht, ich begreife nicht, warum er das getan hat; kannst du mir erklären, warum das so ist?", "dateLastCrawled": "2022-11-20T18:50:00.0000000Z", "language": "de", "isNavigational": false}, {"id": "https:\/\/api.bing.microsoft.com\/api\/v7\/#WebPages.1", "contractualRules": [{"_type": "ContractualRules\/LicenseAttribution", "targetPropertyName": "snippet", "targetPropertyIndex": 1, "mustBeCloseToContent": true, "license": {"name": "CC-BY-SA", "url": "http:\/\/creativecommons.org\/licenses\/by-sa\/3.0\/"}, "licenseNotice": "Text lizenziert unter CC-BY-SA"}], "name": "Warum – Wikipedia", "url": "https:\/\/de.wikipedia.org\/wiki\/Warum", "isFamilyFriendly": true, "displayUrl": "https:\/\/de.wikipedia.org\/wiki\/Warum", "snippet": "Warum. Warum steht für: ein deutsches Interrogativadverb. Warum (Komposition), ein Lied (op. 92\/4) von Johannes Brahms aus dem Jahr 1889. Warum (Juli-Lied), ein Song von Juli aus dem Jahr 2004. Warum-Fragen, siehe Die Trotzphasen des Kindes in der frühen Sprachentwicklung. Tatort: Warum, Fernsehfilm aus der Krimireihe Tatort.", "dateLastCrawled": "2022-11-22T01:29:00.0000000Z", "language": "de", "isNavigational": false}, {"id": "https:\/\/api.bing.microsoft.com\/api\/v7\/#WebPages.2", "name": "warum – Schreibung, Definition, Bedeutung, Etymologie, Synonyme ...", "url": "https:\/\/www.dwds.de\/wb\/warum", "isFamilyFriendly": true, "displayUrl": "https:\/\/www.dwds.de\/wb\/warum", "snippet": "warum Adv. ‘weshalb, aus welchem Grunde’, ahd. wārumbi (um 1000), mhd. warumbe, (md. ) warumme , warum(b) , mnd. warumme , mnl. waeromme , nl. waarom ist zusammengesetzt aus den unter wo (s. d.) und um (s. d.) dargestellten Wörtern.", "dateLastCrawled": "2022-11-20T08:55:00.0000000Z", "language": "de", "isNavigational": false}, {"id": "https:\/\/api.bing.microsoft.com\/api\/v7\/#WebPages.3", "name": "warum – Wiktionary", "url": "https:\/\/de.wiktionary.org\/wiki\/warum", "isFamilyFriendly": true, "displayUrl": "https:\/\/de.wiktionary.org\/wiki\/warum", "snippet": "warum Adverb . Worttrennung: wa·r·um. Aussprache: IPA: [vaˈʁʊm], auch: [ˈvaːʁʊm] Hörbeispiele: warum , warum‎ Reime:-ʊm, -aːʁʊm. Bedeutungen: [1] Relativadverb: leitet einen Nebensatz (des Grundes) ein, der die Folge aus der Aussage des Hauptsatzes angibt", "dateLastCrawled": "2022-11-18T12:18:00.0000000Z", "language": "de", "isNavigational": false}, {"id": "https:\/\/api.bing.microsoft.com\/api\/v7\/#WebPages.4", "name": "GZUZ \"Warum\" (WSHH Exclusive - Official Music Video) - YouTube", "url": "https:\/\/www.youtube.com\/watch?v=xVGRDPxlS7k", "isFamilyFriendly": true, "displayUrl": "https:\/\/www.youtube.com\/watch?v=xVGRDPxlS7k", "snippet": "Watch the official music video for \"Warum\" by GZUZ.Directed by Pascal Kerouche x BonezCamera: Pascal KeroucheEdit: Pascal Kerouche, Daniel Obradovic, Bonez C...", "dateLastCrawled": "2022-11-10T16:42:00.0000000Z", "language": "en", "isNavigational": false}, {"id": "https:\/\/api.bing.microsoft.com\/api\/v7\/#WebPages.5", "name": "KAYEF - WARUM (OFFICIAL VIDEO) - YouTube", "url": "https:\/\/www.youtube.com\/watch?v=oBc_FsgJ18w", "isFamilyFriendly": true, "displayUrl": "https:\/\/www.youtube.com\/watch?v=oBc_FsgJ18w", "snippet": "KAYEF - WARUM (OFFICIAL VIDEO) Mein neue Single WARUM ist jetzt überall im Streaming verfügbar! Danke für euren Support :) Hier streamen https:\/\/spoti.fi\/2XANfAN Alle meine Songs gibts bei ...", "dateLastCrawled": "2022-11-21T19:42:00.0000000Z", "language": "en", "isNavigational": false}, {"id": "https:\/\/api.bing.microsoft.com\/api\/v7\/#WebPages.6", "name": "Warum! Magazin", "url": "https:\/\/www.warum-magazin.de\/", "isFamilyFriendly": true, "displayUrl": "https:\/\/www.warum-magazin.de", "snippet": "Familienmagazin Warum! Das Team von Warum! hat sich zur Aufgabe gemacht, schlaue Antworten auf kluge Kinderfragen zu finden. Und dazu jede Menge Ideen und Tipps für Abenteurer und kleine Entdecker zu geben!", "dateLastCrawled": "2022-11-22T07:08:00.0000000Z", "language": "de", "isNavigational": false}, {"id": "https:\/\/api.bing.microsoft.com\/api\/v7\/#WebPages.7", "name": "WOZU statt WARUM: Stellen Sie sich die richtige Frage! - Karrierebibel", "url": "https:\/\/karrierebibel.de\/wozu-statt-warum\/", "thumbnailUrl": "https:\/\/www.bing.com\/th?id=OIP.hD9bq3iPL4FT2kDBapIU0AHaE7&w=80&h=80&c=1&pid=5.1", "isFamilyFriendly": true, "displayUrl": "https:\/\/karrierebibel.de\/wozu-statt-warum", "snippet": "WARUM versus WOZU: Erklärungen, Zusammenhänge, Schuldige. Gewiss, es ist nicht falsch, nach dem Grund zu fragen, ein wenig Selbstreflexion zu betreiben, insbesondere um daraus zu lernen. Erklärungen helfen uns dabei, dem Unerklärlichen einen Sinn zu geben. Ungerechtigkeiten, Rückschläge, Enttäuschungen werden so erträglicher.", "dateLastCrawled": "2022-11-17T22:02:00.0000000Z", "language": "de", "isNavigational": false}, {"id": "https:\/\/api.bing.microsoft.com\/api\/v7\/#WebPages.8", "name": "Warum stellen wir Warum-Fragen? - warum-wieso.de", "url": "https:\/\/www.warum-wieso.de\/warum-fragen\/", "isFamilyFriendly": true, "displayUrl": "https:\/\/www.warum-wieso.de\/warum-fragen", "snippet": "Das Erfragen und Hinterfragen von Dingen beginnt bereits im Kindesalter. Die allgemein bekannte Warumphase fängt schon im Alter von etwa 3 Jahren bei uns Menschen an. Wir durchlöchern unsere Eltern und alle Bezugspersonen förmlich mit den verschiedensten Warum-Fragen. Warum etwa ist der Himmel blau, die Banane krumm und warum darf ich das nicht? Diese Phase gestaltet sich für die Erziehungspersonen mitunter sehr anstrengend. Besonders dann, wenn man selbst die Antwort nicht kennt. So ...", "dateLastCrawled": "2022-11-16T20:29:00.0000000Z", "language": "de", "isNavigational": false}, {"id": "https:\/\/api.bing.microsoft.com\/api\/v7\/#WebPages.9", "name": "Warum wir auf Variante BF.7 hoffen sollten - n-tv.de", "url": "https:\/\/www.n-tv.de\/panorama\/Warum-wir-auf-Variante-BF-7-hoffen-sollten-article23737824.html", "isFamilyFriendly": true, "displayUrl": "https:\/\/www.n-tv.de\/panorama\/Warum-wir-auf-Variante-BF-7-hoffen-sollten-article...", "snippet": "Warum wir auf Variante BF.7 hoffen sollten. Spekuliert auf eine sanfte Winter-Welle: Christian Drosten. Die Corona-Infektionszahlen in Deutschland sind überraschend niedrig, eine heftige ...", "dateLastCrawled": "2022-11-23T22:25:00.0000000Z", "language": "de", "isNavigational": false}]}, "entities": {"value": [{"id": "https:\/\/api.bing.microsoft.com\/api\/v7\/#Entities.0", "webSearchUrl": "https:\/\/www.bing.com\/entityexplore?q=Warum%3f&filters=sid:%22e3fe62dd-5fc4-d0dd-39bc-a3b344f63435%22&elv=AXXfrEiqqD9r3GuelwApuloF3!hz8exk3OQOjNr96*flpmUB3Yl0YQggIk5XmUjKg833sfekt0f0YEH9dNLViW3XIulUGW5nDgtvZD6k*I3i", "name": "Warum?", "entityPresentationInfo": {"entityScenario": "DisambiguationItem", "entityTypeHints": ["MusicRecording"]}, "bingId": "e3fe62dd-5fc4-d0dd-39bc-a3b344f63435"}]}, "images": {"id": "https:\/\/api.bing.microsoft.com\/api\/v7\/#Images", "readLink": "https:\/\/api.bing.microsoft.com\/api\/v7\/images\/search?q=warum&qpvt=warum", "webSearchUrl": "https:\/\/www.bing.com\/images\/search?q=warum&qpvt=warum", "isFamilyFriendly": true, "value": [{"webSearchUrl": "https:\/\/www.bing.com\/images\/search?q=warum&id=940C70CF5E737EE6050AC001C3CB0395097FB257&FORM=IQFRBA", "name": "\"Warum? \" Stockfotos und lizenzfreie Bilder auf Fotolia.com - Bild ...", "thumbnailUrl": "https:\/\/tse1.mm.bing.net\/th?id=OIP.SbdI2kCmCyBWWKMqUd0NlwHaFP&pid=Api", "datePublished": "2019-09-06T22:04:00.0000000Z", "contentUrl": "https:\/\/t4.ftcdn.net\/jpg\/01\/70\/45\/21\/500_F_170452160_3QxKGV0SO1AdxcnMrBKNwhAVUga9vbyp.jpg", "hostPageUrl": "https:\/\/de.fotolia.com\/id\/170452160", "contentSize": "64042 B", "encodingFormat": "jpeg", "hostPageDisplayUrl": "https:\/\/de.fotolia.com\/id\/170452160", "width": 500, "height": 354, "thumbnail": {"width": 474, "height": 335}}, {"webSearchUrl": "https:\/\/www.bing.com\/images\/search?q=warum&id=A99D2F5FB3EA33FE1328299B98BD9067E99CDD03&FORM=IQFRBA", "name": "\"Warum\" Stockfotos und lizenzfreie Bilder auf Fotolia.com - Bild 63317170", "thumbnailUrl": "https:\/\/tse1.mm.bing.net\/th?id=OIP.kq9Z7OELfyogt7jvP9SrnAHaFj&pid=Api", "datePublished": "2019-09-19T23:50:00.0000000Z", "contentUrl": "https:\/\/t4.ftcdn.net\/jpg\/00\/63\/31\/71\/500_F_63317170_RQsOg2MmFQU4Gmkh5U5lil8hxvVnBSnS.jpg", "hostPageUrl": "https:\/\/de.fotolia.com\/id\/63317170", "contentSize": "89791 B", "encodingFormat": "jpeg", "hostPageDisplayUrl": "https:\/\/de.fotolia.com\/id\/63317170", "width": 500, "height": 375, "thumbnail": {"width": 474, "height": 355}}, {"webSearchUrl": "https:\/\/www.bing.com\/images\/search?q=warum&id=57ED2583B8DEDC3B818AEA1A86B4BB59B3829DD3&FORM=IQFRBA", "name": "Warum - Bilder und Stockfotos - iStock", "thumbnailUrl": "https:\/\/tse1.mm.bing.net\/th?id=OIP.Q_iEnLbV8lUcOjRxj_9KvwHaE8&pid=Api", "datePublished": "2021-06-20T22:52:00.0000000Z", "contentUrl": "https:\/\/media.istockphoto.com\/photos\/child-holding-sign-with-german-word-warum-why-picture-id487840982?k=6&m=487840982&s=612x612&w=0&h=rVcf8cleRau9cB2Tk4fC7GfLlRZStB9P9duslp9vk8I=", "hostPageUrl": "https:\/\/www.istockphoto.com\/de\/fotos\/warum", "contentSize": "21490 B", "encodingFormat": "jpeg", "hostPageDisplayUrl": "https:\/\/www.istockphoto.com\/de\/fotos\/warum", "width": 612, "height": 408, "thumbnail": {"width": 474, "height": 316}}, {"webSearchUrl": "https:\/\/www.bing.com\/images\/search?q=warum&id=5D0DADCA0E6E1EC2CAB294638943738BCB5B6201&FORM=IQFRBA", "name": "Warum ? - YouTube", "thumbnailUrl": "https:\/\/tse1.mm.bing.net\/th?id=OIP.luaWMaLUSUi8FqE7MmVrggHaEK&pid=Api", "datePublished": "2017-01-17T12:00:00.0000000Z", "contentUrl": "https:\/\/i.ytimg.com\/vi\/UfHbBGv_Yhk\/maxresdefault.jpg", "hostPageUrl": "https:\/\/www.youtube.com\/watch?v=UfHbBGv_Yhk", "contentSize": "39488 B", "encodingFormat": "jpeg", "hostPageDisplayUrl": "https:\/\/www.youtube.com\/watch?v=UfHbBGv_Yhk", "width": 1280, "height": 720, "thumbnail": {"width": 474, "height": 266}}, {"webSearchUrl": "https:\/\/www.bing.com\/images\/search?q=warum&id=058EFC7D51337C692E786C54F0CC86A147540B8F&FORM=IQFRBA", "name": "Fragen Sie 5x warum und Sie finden die Problem-Ursache - Zeitblüten", "thumbnailUrl": "https:\/\/tse1.mm.bing.net\/th?id=OIP.IieufLb98OUoPe6qKULdXQHaFR&pid=Api", "datePublished": "2018-11-03T04:59:00.0000000Z", "contentUrl": "https:\/\/www.zeitblueten.com\/wp-content\/uploads\/5-warum.jpg", "hostPageUrl": "http:\/\/www.zeitblueten.com\/news\/warum-fragen\/", "contentSize": "43650 B", "encodingFormat": "jpeg", "hostPageDisplayUrl": "http:\/\/www.zeitblueten.com\/news\/warum-fragen\/", "width": 872, "height": 620, "thumbnail": {"width": 474, "height": 337}}, {"webSearchUrl": "https:\/\/www.bing.com\/images\/search?q=warum&id=E9600D152218FCA76A9405F06B370F331FBD631C&FORM=IQFRBA", "name": "Warum immer ich? - Magnet - Magnete - 9x7", "thumbnailUrl": "https:\/\/tse1.mm.bing.net\/th?id=OIP.cfbAQGff2qRS5sPfWN3AgwHaFu&pid=Api", "datePublished": "2019-12-13T01:28:00.0000000Z", "contentUrl": "https:\/\/www.empireposter.de\/bilder\/bilder_XL\/754868.jpg", "hostPageUrl": "https:\/\/www.empireposter.de\/detail\/754868\/", "contentSize": "215727 B", "encodingFormat": "jpeg", "hostPageDisplayUrl": "https:\/\/www.empireposter.de\/detail\/754868\/", "width": 2000, "height": 1547, "thumbnail": {"width": 474, "height": 366}}, {"webSearchUrl": "https:\/\/www.bing.com\/images\/search?q=warum&id=6F7590B63F03CB7772E27EDF02EE06F88688C0F9&FORM=IQFRBA", "name": "Predigtserie \"Warum?\"", "thumbnailUrl": "https:\/\/tse1.mm.bing.net\/th?id=OIP.B8Xze6n9EsbAMh_P1EEh9wHaHa&pid=Api", "datePublished": "2020-06-12T19:30:00.0000000Z", "contentUrl": "https:\/\/ekilauf.de\/wp-content\/uploads\/2020\/02\/qudrat-warum-p-serie-scaled.jpg", "hostPageUrl": "https:\/\/ekilauf.de\/predigtserie-warum\/", "contentSize": "577635 B", "encodingFormat": "jpeg", "hostPageDisplayUrl": "https:\/\/ekilauf.de\/predigtserie-warum\/", "width": 2560, "height": 2560, "thumbnail": {"width": 474, "height": 474}}, {"webSearchUrl": "https:\/\/www.bing.com\/images\/search?q=warum&id=C1E207463EDE3B0E0CF728A3153B2FB9B0F5FE5C&FORM=IQFRBA", "name": "Das goldene Warum-Schild. - the web hates me", "thumbnailUrl": "https:\/\/tse1.mm.bing.net\/th?id=OIP.n49xAaqqeKHOowQO657ITQHaCq&pid=Api", "datePublished": "2018-10-29T04:36:00.0000000Z", "contentUrl": "https:\/\/www.thewebhatesme.com\/wp-content\/uploads\/2013\/11\/warum.jpg", "hostPageUrl": "https:\/\/www.thewebhatesme.com\/fuehrung\/das-goldene-warum-schild\/", "contentSize": "47248 B", "encodingFormat": "jpeg", "hostPageDisplayUrl": "https:\/\/www.thewebhatesme.com\/fuehrung\/das-goldene-warum-schild\/", "width": 625, "height": 225, "thumbnail": {"width": 474, "height": 170}}, {"webSearchUrl": "https:\/\/www.bing.com\/images\/search?q=warum&id=C0114FD9557D1A4712F9B39729045E631BBB7C39&FORM=IQFRBA", "name": "Warum wollen sich Menschen nicht impfen lassen? - FITBOOK", "thumbnailUrl": "https:\/\/tse1.mm.bing.net\/th?id=OIP.Ow9x6mG12fR8MQmISyu-4wHaFj&pid=Api", "datePublished": "2021-08-09T09:37:00.0000000Z", "contentUrl": "https:\/\/www.fitbook.de\/data\/uploads\/2021\/08\/urn-newsml-dpa-com-20090101-210805-99-725906_large_4_3.jpg", "hostPageUrl": "https:\/\/www.fitbook.de\/health\/warum-wollen-sich-menschen-nicht-impfen-lassen", "contentSize": "171910 B", "encodingFormat": "jpeg", "hostPageDisplayUrl": "https:\/\/www.fitbook.de\/health\/warum-wollen-sich-menschen-nicht-impfen-lassen", "width": 2080, "height": 1560, "thumbnail": {"width": 474, "height": 355}}, {"webSearchUrl": "https:\/\/www.bing.com\/images\/search?q=warum&id=21A1161CDCC80ECF19C540F99D9C07423E412F26&FORM=IQFRBA", "name": "Warum Provision?", "thumbnailUrl": "https:\/\/tse1.mm.bing.net\/th?id=OIP.WNRBJq8zWjz29-MhILd9gQHaE8&pid=Api", "datePublished": "2020-08-01T15:54:00.0000000Z", "contentUrl": "https:\/\/www.kraichgau-immobilien.de\/fileadmin\/website-data\/blog\/2019\/Mai\/2019-05-10_Provision-wieso-weshalb-warum_SV.jpg", "hostPageUrl": "https:\/\/www.kraichgau-immobilien.de\/immobilien-blog\/warum-provision", "contentSize": "175485 B", "encodingFormat": "jpeg", "hostPageDisplayUrl": "https:\/\/www.kraichgau-immobilien.de\/immobilien-blog\/warum-provision", "width": 1200, "height": 800, "thumbnail": {"width": 474, "height": 316}}, {"webSearchUrl": "https:\/\/www.bing.com\/images\/search?q=warum&id=57ED2583B8DEDC3B818A1F961970536B100627A7&FORM=IQFRBA", "name": "Warum - Bilder und Stockfotos - iStock", "thumbnailUrl": "https:\/\/tse1.mm.bing.net\/th?id=OIP.NWt1_zAMDCkBI1KsCps7qwAAAA&pid=Api", "datePublished": "2021-06-20T22:52:00.0000000Z", "contentUrl": "https:\/\/media.istockphoto.com\/photos\/child-holding-sign-with-german-word-warum-why-picture-id503304850?k=6&m=503304850&s=612x612&w=0&h=IOtC2tjJ2rZizgOmGgUMZKzP2MRkjDFJrAmMTEaclKM=", "hostPageUrl": "https:\/\/www.istockphoto.com\/de\/fotos\/warum", "contentSize": "22515 B", "encodingFormat": "jpeg", "hostPageDisplayUrl": "https:\/\/www.istockphoto.com\/de\/fotos\/warum", "width": 408, "height": 612, "thumbnail": {"width": 408, "height": 612}}, {"webSearchUrl": "https:\/\/www.bing.com\/images\/search?q=warum&id=6AC7D4439E7889DCD68EDFEE53563CE92CE06ADB&FORM=IQFRBA", "name": "\"3D Illustration Warum\" Stockfotos und lizenzfreie Bilder auf Fotolia ...", "thumbnailUrl": "https:\/\/tse1.mm.bing.net\/th?id=OIP.agl-6ViN12zkidTUsUni-QHaDS&pid=Api", "datePublished": "2019-09-19T15:36:00.0000000Z", "contentUrl": "https:\/\/t4.ftcdn.net\/jpg\/02\/17\/14\/35\/500_F_217143503_voGoTSXZJ22kPEXkqLwpdojBSFwjJP54.jpg", "hostPageUrl": "https:\/\/de.fotolia.com\/id\/217143503", "contentSize": "30450 B", "encodingFormat": "jpeg", "hostPageDisplayUrl": "https:\/\/de.fotolia.com\/id\/217143503", "width": 500, "height": 222, "thumbnail": {"width": 474, "height": 210}}, {"webSearchUrl": "https:\/\/www.bing.com\/images\/search?q=warum&id=30B54B5718799E305F95955D6585F6907D1F8C64&FORM=IQFRBA", "name": "Warum... - YouTube", "thumbnailUrl": "https:\/\/tse1.mm.bing.net\/th?id=OIP.9iVBIbzI3zlsbiRS2n_KzAHaEK&pid=Api", "datePublished": "2021-07-21T10:20:00.0000000Z", "contentUrl": "https:\/\/i.ytimg.com\/vi\/6pCuS7-B-OY\/maxresdefault.jpg", "hostPageUrl": "https:\/\/www.youtube.com\/watch?v=6pCuS7-B-OY", "contentSize": "111116 B", "encodingFormat": "jpeg", "hostPageDisplayUrl": "https:\/\/www.youtube.com\/watch?v=6pCuS7-B-OY", "width": 1280, "height": 720, "thumbnail": {"width": 474, "height": 266}}, {"webSearchUrl": "https:\/\/www.bing.com\/images\/search?q=warum&id=7E66B33094FCABF0CC81465F98D3111AA7AEACDF&FORM=IQFRBA", "name": "Warum? stockbild. Bild von - 54351489", "thumbnailUrl": "https:\/\/tse1.mm.bing.net\/th?id=OIP.rfDfwDua_pG42dokC8nQUQHaFb&pid=Api", "datePublished": "2020-09-27T10:14:00.0000000Z", "contentUrl": "https:\/\/thumbs.dreamstime.com\/z\/warum-54351489.jpg", "hostPageUrl": "https:\/\/de.dreamstime.com\/stockfoto-warum-image54351489", "contentSize": "133404 B", "encodingFormat": "jpeg", "hostPageDisplayUrl": "https:\/\/de.dreamstime.com\/stockfoto-warum-image54351489", "width": 1300, "height": 953, "thumbnail": {"width": 474, "height": 347}}, {"webSearchUrl": "https:\/\/www.bing.com\/images\/search?q=warum&id=B6CAD547E9C423532B6257EA0306872DA51BA03F&FORM=IQFRBA", "name": "Wort Warum über | Stock Bild | Colourbox", "thumbnailUrl": "https:\/\/tse1.mm.bing.net\/th?id=OIP.zmaNyhaB7bFuIG28q5UmiAHaE6&pid=Api", "datePublished": "2019-12-15T13:53:00.0000000Z", "contentUrl": "https:\/\/d2gg9evh47fn9z.cloudfront.net\/800px_COLOURBOX8894580.jpg", "hostPageUrl": "https:\/\/www.colourbox.de\/bild\/wort-warum-uber-bild-8894580", "contentSize": "44025 B", "encodingFormat": "jpeg", "hostPageDisplayUrl": "https:\/\/www.colourbox.de\/bild\/wort-warum-uber-bild-8894580", "width": 800, "height": 531, "thumbnail": {"width": 474, "height": 314}}, {"webSearchUrl": "https:\/\/www.bing.com\/images\/search?q=warum&id=F0C4C73F69921A8306BC98938F5C58E61BC8E95D&FORM=IQFRBA", "name": "Warum nur? Warum sind schöne Tage immer so schnell um? | Facebook ...", "thumbnailUrl": "https:\/\/tse1.mm.bing.net\/th?id=OIP.x2tSkr4uagZ3cN2j9vjBCwHaHa&pid=Api", "datePublished": "2021-05-03T20:48:00.0000000Z", "contentUrl": "https:\/\/www.crass.es\/files\/content\/crass.es\/sprueche\/crass.es-warum-sind-schoene-tage-immer-so-schnell-um.png", "hostPageUrl": "https:\/\/www.crass.es\/sprueche\/warum-nur-warum-sind-schoene-tage-immer-so-schnell-um", "contentSize": "328463 B", "encodingFormat": "png", "hostPageDisplayUrl": "https:\/\/www.crass.es\/sprueche\/warum-nur-warum-sind-schoene-tage-immer-so-schnell-um", "width": 960, "height": 960, "thumbnail": {"width": 474, "height": 474}}, {"webSearchUrl": "https:\/\/www.bing.com\/images\/search?q=warum&id=CC7CA5D88B6BE49B5606E0A414B2A392A5FE1203&FORM=IQFRBA", "name": "Warum Frage stockbild. Bild von zeichen, bitten, hand - 121437143", "thumbnailUrl": "https:\/\/tse1.mm.bing.net\/th?id=OIP.aPAEq4M7NaamZFnGEKNziQHaH6&pid=Api", "datePublished": "2020-07-29T12:44:00.0000000Z", "contentUrl": "https:\/\/thumbs.dreamstime.com\/z\/warum-frage-121437143.jpg", "hostPageUrl": "https:\/\/de.dreamstime.com\/warum-frage-image121437143", "contentSize": "80913 B", "encodingFormat": "jpeg", "hostPageDisplayUrl": "https:\/\/de.dreamstime.com\/warum-frage-image121437143", "width": 1300, "height": 1390, "thumbnail": {"width": 474, "height": 506}}, {"webSearchUrl": "https:\/\/www.bing.com\/images\/search?q=warum&id=C76A833241C4EE4D0819BA3303674ED881B2401C&FORM=IQFRBA", "name": "Warenkorb anzeigen „Luis und Lena – Die Zahnlücke des Grauens“ wurde ...", "thumbnailUrl": "https:\/\/tse1.mm.bing.net\/th?id=OIP.0p0heswYtZcvZq3sX5PUQAHaHa&pid=Api", "datePublished": "2021-08-13T14:17:00.0000000Z", "contentUrl": "https:\/\/shop.spick.ch\/wp-content\/uploads\/2020\/02\/210004_Warum_gibt_es_uns.jpg", "hostPageUrl": "https:\/\/shop.spick.ch\/produkt\/warum-gibt-es-uns\/?add-to-cart=142210", "contentSize": "149592 B", "encodingFormat": "jpeg", "hostPageDisplayUrl": "https:\/\/shop.spick.ch\/produkt\/warum-gibt-es-uns\/?add-to-cart=142210", "width": 1000, "height": 1000, "thumbnail": {"width": 474, "height": 474}}, {"webSearchUrl": "https:\/\/www.bing.com\/images\/search?q=warum&id=14F624E79AB8D2D895F479C38EBE505B01310C95&FORM=IQFRBA", "name": "Warum schreibe ich diesen Blog?", "thumbnailUrl": "https:\/\/tse1.mm.bing.net\/th?id=OIP.61azySwnz7aSknMLLunlLQHaEK&pid=Api", "datePublished": "2016-12-02T17:25:00.0000000Z", "contentUrl": "https:\/\/homeiswhereyourbagis.com\/wp-content\/uploads\/2014\/08\/Hiwybi-Warum.jpg", "hostPageUrl": "https:\/\/homeiswhereyourbagis.com\/warum-schreibe-ich-diesen-blog\/", "contentSize": "116779 B", "encodingFormat": "jpeg", "hostPageDisplayUrl": "https:\/\/homeiswhereyourbagis.com\/warum-schreibe-ich-diesen-blog\/", "width": 1920, "height": 1080, "thumbnail": {"width": 474, "height": 266}}, {"webSearchUrl": "https:\/\/www.bing.com\/images\/search?q=warum&id=4E016E243C774974211B46FD32E207E180F37866&FORM=IQFRBA", "name": "Warum? von Nikolai Popov portofrei bei bücher.de bestellen", "thumbnailUrl": "https:\/\/tse1.mm.bing.net\/th?id=OIP.2N9wKZjqmhToN4vi2qkfCwHaJE&pid=Api", "datePublished": "2017-08-21T22:34:00.0000000Z", "contentUrl": "https:\/\/bilder.buecher.de\/produkte\/42\/42775\/42775991z.jpg", "hostPageUrl": "https:\/\/www.buecher.de\/shop\/bilderbuecher\/warum\/popov-nikolai\/products_products\/detail\/prod_id\/42775991\/", "contentSize": "48053 B", "encodingFormat": "jpeg", "hostPageDisplayUrl": "https:\/\/www.buecher.de\/shop\/bilderbuecher\/warum\/popov-nikolai\/products_products\/detail\/prod_id\/42775991\/", "width": 479, "height": 587, "thumbnail": {"width": 474, "height": 580}}]}, "relatedSearches": {"id": "https:\/\/api.bing.microsoft.com\/api\/v7\/#RelatedSearches", "value": [{"text": "wofür oder wozu", "displayText": "wofür oder wozu", "webSearchUrl": "https:\/\/www.bing.com\/search?q=wof%C3%BCr+oder+wozu"}, {"text": "warum oder wozu", "displayText": "warum oder wozu", "webSearchUrl": "https:\/\/www.bing.com\/search?q=warum+oder+wozu"}, {"text": "weshalb bedeutung", "displayText": "weshalb bedeutung", "webSearchUrl": "https:\/\/www.bing.com\/search?q=weshalb+bedeutung"}, {"text": "für was oder wofür", "displayText": "für was oder wofür", "webSearchUrl": "https:\/\/www.bing.com\/search?q=f%C3%BCr+was+oder+wof%C3%BCr"}, {"text": "warum synonym", "displayText": "warum synonym", "webSearchUrl": "https:\/\/www.bing.com\/search?q=warum+synonym"}, {"text": "was bedeutet", "displayText": "was bedeutet", "webSearchUrl": "https:\/\/www.bing.com\/search?q=was+bedeutet"}, {"text": "warum fällt der dax heute", "displayText": "warum fällt der dax heute", "webSearchUrl": "https:\/\/www.bing.com\/search?q=warum+f%C3%A4llt+der+dax+heute"}, {"text": "warum muss eine durchgerostete auspuff", "displayText": "warum muss eine durchgerostete auspuff", "webSearchUrl": "https:\/\/www.bing.com\/search?q=warum+muss+eine+durchgerostete+auspuff"}]}, "videos": {"id": "https:\/\/api.bing.microsoft.com\/api\/v7\/#Videos", "readLink": "https:\/\/api.bing.microsoft.com\/api\/v7\/videos\/search?q=warum", "webSearchUrl": "https:\/\/www.bing.com\/videos\/search?q=warum", "isFamilyFriendly": true, "value": [{"webSearchUrl": "https:\/\/www.bing.com\/videos\/search?q=warum&view=detail&mid=26A5239B60D7AE12EAB326A5239B60D7AE12EAB3", "name": "KAYEF - WARUM (OFFICIAL VIDEO)", "description": "Mein neue Single WARUM ist jetzt überall im Streaming verfügbar! Danke für euren Support :) Hier streamen https:\/\/spoti.fi\/2XANfAN Alle meine Songs gibts bei SPOTIFY ︎ https:\/\/goo.gl\/YXXyWb ︎ instagram: http:\/\/instagram.com\/kayefofficial ︎ shop: http:\/\/www.kayef-shop.de ︎ twitter: http:\/\/www.twitter.com\/kayefofficial ︎ facebook ...", "thumbnailUrl": "https:\/\/tse3.mm.bing.net\/th?id=OVP.G4UHG3x3sw_Jw-OBZS10xAHgFo&pid=Api", "datePublished": "2020-08-06T22:00:10.0000000", "publisher": [{"name": "YouTube"}], "isAccessibleForFree": true, "contentUrl": "https:\/\/www.youtube.com\/watch?v=oBc_FsgJ18w", "hostPageUrl": "https:\/\/www.youtube.com\/watch?v=oBc_FsgJ18w", "encodingFormat": "mp4", "hostPageDisplayUrl": "https:\/\/www.youtube.com\/watch?v=oBc_FsgJ18w", "width": 1280, "height": 720, "duration": "PT2M54S", "motionThumbnailUrl": "https:\/\/tse3.mm.bing.net\/th?id=OM.s-oSrtdgmyOlJg_1651983105&pid=Api", "embedHtml": "<iframe width=\"1280\" height=\"720\" src=\"http:\/\/www.youtube.com\/embed\/oBc_FsgJ18w?autoplay=1\" frameborder=\"0\" allowfullscreen><\/iframe>", "allowHttpsEmbed": true, "viewCount": 1987428, "thumbnail": {"width": 160, "height": 120}, "allowMobileEmbed": true, "isSuperfresh": false}, {"webSearchUrl": "https:\/\/www.bing.com\/videos\/search?q=warum&view=detail&mid=F036F76EE7BF8AC51CC8F036F76EE7BF8AC51CC8", "name": "Juli - Warum (Official Video)", "description": "Den neuen Song „Fahrrad“ könnt ihr jetzt hier streamen und downloaden: https:\/\/umg.lnk.to\/Fahrrad mehr zu Juli: Channel abonnieren: https:\/\/www.youtube.com\/channel\/UClkiJNUravQBU-7HzKXGv7Q Website: https:\/\/www.juli.tv\/ Facebook: https:\/\/www.facebook.com\/julimusik Instagram: https:\/\/www.instagram.com\/juli Music video by Juli performing ...", "thumbnailUrl": "https:\/\/tse1.mm.bing.net\/th?id=OVP.cmmE7suK3ma83KZ_tfiYagHgFo&pid=Api", "datePublished": "2009-06-26T19:57:49.0000000", "publisher": [{"name": "YouTube"}], "isAccessibleForFree": true, "contentUrl": "https:\/\/www.youtube.com\/watch?v=9ELqtyyv5zg", "hostPageUrl": "https:\/\/www.youtube.com\/watch?v=9ELqtyyv5zg", "encodingFormat": "mp4", "hostPageDisplayUrl": "https:\/\/www.youtube.com\/watch?v=9ELqtyyv5zg", "width": 1280, "height": 720, "duration": "PT3M16S", "motionThumbnailUrl": "https:\/\/tse1.mm.bing.net\/th?id=OM1.yBzFir_nbvc28A_1640078572&pid=Api", "embedHtml": "<iframe width=\"1280\" height=\"720\" src=\"http:\/\/www.youtube.com\/embed\/9ELqtyyv5zg?autoplay=1\" frameborder=\"0\" allowfullscreen><\/iframe>", "allowHttpsEmbed": true, "viewCount": 926063, "thumbnail": {"width": 160, "height": 120}, "allowMobileEmbed": true, "isSuperfresh": false}, {"webSearchUrl": "https:\/\/www.bing.com\/videos\/search?q=warum&view=detail&mid=E86D44CA0CD4A752A794E86D44CA0CD4A752A794", "name": "Warum viele Menschen nicht wählen gehen | ZDFzoom", "description": "Unter dem Hashtag #warumichnichtzurWahlgehe ist er für die Reihe „Am Puls Deutschlands“ mit denen ins Gespräch gekommen, die sich abgewandt haben vom politischen System: Was frustriert sie? Warum ist Vertrauen in Parteien und Politik auf der Strecke geblieben? Tausende haben auf den Aufruf #warumichnichtzurWahlgehe geantwortet. Ihre ...", "thumbnailUrl": "https:\/\/tse3.mm.bing.net\/th?id=OVP.GAHtSpildWtR1qfhUNrERgHgFo&pid=Api", "datePublished": "2021-09-23T09:04:00.0000000", "publisher": [{"name": "YouTube"}], "isAccessibleForFree": true, "contentUrl": "https:\/\/www.youtube.com\/watch?v=HXCIPIj7og4", "hostPageUrl": "https:\/\/www.youtube.com\/watch?v=HXCIPIj7og4", "encodingFormat": "mp4", "hostPageDisplayUrl": "https:\/\/www.youtube.com\/watch?v=HXCIPIj7og4", "width": 1280, "height": 720, "duration": "PT29M2S", "motionThumbnailUrl": "https:\/\/tse3.mm.bing.net\/th?id=OM2.lKdSp9QMykRt6A_1644989695&pid=Api", "embedHtml": "<iframe width=\"1280\" height=\"720\" src=\"http:\/\/www.youtube.com\/embed\/HXCIPIj7og4?autoplay=1\" frameborder=\"0\" allowfullscreen><\/iframe>", "allowHttpsEmbed": true, "viewCount": 468219, "thumbnail": {"width": 160, "height": 120}, "allowMobileEmbed": true, "isSuperfresh": false}, {"webSearchUrl": "https:\/\/www.bing.com\/videos\/search?q=warum&view=detail&mid=0CBD5B97FF83BD6DAD7A0CBD5B97FF83BD6DAD7A", "name": "Warum starb Constanze K.? | STRG_F", "description": "⚠️ Warnung: In diesem Film geht es um die Themen Gewalt an Frauen und Femizid. Falls du dich mit diesen Themen unwohl fühlst, schau dir den Film bitte nicht alleine an. Informationen zu Hilfsangeboten findest du weiter unten in der Beschreibung. Constanze und Patrick lernen sich 2017 auf Tinder kennen, verlieben sich, ziehen zusammen. Als ...", "thumbnailUrl": "https:\/\/tse3.mm.bing.net\/th?id=OVP.GB3wL-ccI0yeZpQFbKBuCAHgFo&pid=Api", "datePublished": "2022-08-09T17:24:23.0000000", "publisher": [{"name": "YouTube"}], "isAccessibleForFree": true, "contentUrl": "https:\/\/www.youtube.com\/watch?v=a8_TulA_uHk", "hostPageUrl": "https:\/\/www.youtube.com\/watch?v=a8_TulA_uHk", "encodingFormat": "mp4", "hostPageDisplayUrl": "https:\/\/www.youtube.com\/watch?v=a8_TulA_uHk", "width": 1280, "height": 720, "duration": "PT36M39S", "motionThumbnailUrl": "https:\/\/tse3.mm.bing.net\/th?id=OM2.eq1tvYP_l1u9DA&pid=Api", "embedHtml": "<iframe width=\"1280\" height=\"720\" src=\"http:\/\/www.youtube.com\/embed\/a8_TulA_uHk?autoplay=1\" frameborder=\"0\" allowfullscreen><\/iframe>", "allowHttpsEmbed": true, "viewCount": 924196, "thumbnail": {"width": 160, "height": 120}, "allowMobileEmbed": true, "isSuperfresh": false}, {"webSearchUrl": "https:\/\/www.bing.com\/videos\/search?q=warum&view=detail&mid=7FF415501085DEA79EFD7FF415501085DEA79EFD", "name": "Warum essen wir, was wir essen? | 42 - Die Antwort auf fast alles | ARTE", "description": "Es fängt schon beim Frühstück an: Müsli oder Spiegelei? Kaffee oder Tee? Brot oder Croissant? Wir treffen 200 Entscheidungen pro Tag, wenn es ums Essen geht. Einerseits lieben wir die Vielfalt, andererseits macht sich kein anderes Lebewesen so einen Kopf um die täglichen Mahlzeiten. Und oft suchen wir uns noch Dinge aus, die gar nicht gut ...", "thumbnailUrl": "https:\/\/tse2.mm.bing.net\/th?id=OVP.JHUKPk8Mtsp_q9fmZDM8egHgFo&pid=Api", "datePublished": "2021-12-10T14:00:21.0000000", "publisher": [{"name": "YouTube"}], "isAccessibleForFree": true, "contentUrl": "https:\/\/www.youtube.com\/watch?v=qtdeMQnD_wo", "hostPageUrl": "https:\/\/www.youtube.com\/watch?v=qtdeMQnD_wo", "encodingFormat": "mp4", "hostPageDisplayUrl": "https:\/\/www.youtube.com\/watch?v=qtdeMQnD_wo", "width": 1280, "height": 720, "duration": "PT25M34S", "motionThumbnailUrl": "https:\/\/tse2.mm.bing.net\/th?id=OM1._Z6n3oUQUBX0fw_1641886559&pid=Api", "embedHtml": "<iframe width=\"1280\" height=\"720\" src=\"http:\/\/www.youtube.com\/embed\/qtdeMQnD_wo?autoplay=1\" frameborder=\"0\" allowfullscreen><\/iframe>", "allowHttpsEmbed": true, "viewCount": 1279756, "thumbnail": {"width": 160, "height": 120}, "allowMobileEmbed": true, "isSuperfresh": false}, {"webSearchUrl": "https:\/\/www.bing.com\/videos\/search?q=warum&view=detail&mid=B00B074A0816A42F9CC6B00B074A0816A42F9CC6", "name": "Krieg in der Ukraine: Warum interessiert sich Russland für die Ukraine?", "description": "Um zu verstehen, warum Putin einen Krieg mit der Ukraine führt, muss man die Bedeutung der Ukraine für Russland kennen. Putin sieht sie als festen Teil der russischen Identität und der russischen Sicherheit. Er nutzt den Mythos des \\\"gemeinsamen Volkes\\\" zur Propaganda und als Rechtfertigung für seine aggressive Aussenpolitik. #Ukraine # ...", "thumbnailUrl": "https:\/\/tse2.mm.bing.net\/th?id=OVP.68nRaGXCLUEy85Nll-3sFQHgFo&pid=Api", "datePublished": "2022-02-24T16:00:37.0000000", "publisher": [{"name": "YouTube"}], "isAccessibleForFree": true, "contentUrl": "https:\/\/www.youtube.com\/watch?v=ipn0NVmS7vU", "hostPageUrl": "https:\/\/www.youtube.com\/watch?v=ipn0NVmS7vU", "encodingFormat": "mp4", "hostPageDisplayUrl": "https:\/\/www.youtube.com\/watch?v=ipn0NVmS7vU", "width": 1280, "height": 720, "duration": "PT7M47S", "motionThumbnailUrl": "https:\/\/tse2.mm.bing.net\/th?id=OM.xpwvpBYISgcLsA&pid=Api", "embedHtml": "<iframe width=\"1280\" height=\"720\" src=\"http:\/\/www.youtube.com\/embed\/ipn0NVmS7vU?autoplay=1\" frameborder=\"0\" allowfullscreen><\/iframe>", "allowHttpsEmbed": true, "viewCount": 1440425, "thumbnail": {"width": 160, "height": 120}, "allowMobileEmbed": true, "isSuperfresh": false}, {"webSearchUrl": "https:\/\/www.bing.com\/videos\/search?q=warum&view=detail&mid=49E20A87B4E7C687712E49E20A87B4E7C687712E", "name": "Pflegekräfte packen aus: Warum kündigen sie? | STRG_F", "description": "Pflegerinnen und Pfleger schmeißen reihenweise hin. Jede dritte Pflegekraft hat im vergangenen Jahr darüber nachgedacht aufzuhören. STRG_F hat einen Aufruf gestartet: Wer plant, seinen Job in der Pflege zu kündigen? Innerhalb von kurzer Zeit haben sich mehr als 150 Pflegerinnen und Pfleger gemeldet. Acht von ihnen hat STRG_F zum Interview ...", "thumbnailUrl": "https:\/\/tse4.mm.bing.net\/th?id=OVP.WNCA22zfI7ycR8xAKc6NqgHgFo&pid=Api", "datePublished": "2022-07-05T15:29:49.0000000", "publisher": [{"name": "YouTube"}], "isAccessibleForFree": true, "contentUrl": "https:\/\/www.youtube.com\/watch?v=gGixzjx9WhU", "hostPageUrl": "https:\/\/www.youtube.com\/watch?v=gGixzjx9WhU", "encodingFormat": "mp4", "hostPageDisplayUrl": "https:\/\/www.youtube.com\/watch?v=gGixzjx9WhU", "width": 1280, "height": 720, "duration": "PT33M7S", "motionThumbnailUrl": "https:\/\/tse4.mm.bing.net\/th?id=OM.LnGHxue0hwriSQ_1666496096&pid=Api", "embedHtml": "<iframe width=\"1280\" height=\"720\" src=\"http:\/\/www.youtube.com\/embed\/gGixzjx9WhU?autoplay=1\" frameborder=\"0\" allowfullscreen><\/iframe>", "allowHttpsEmbed": true, "viewCount": 1834625, "thumbnail": {"width": 160, "height": 120}, "allowMobileEmbed": true, "isSuperfresh": false}, {"webSearchUrl": "https:\/\/www.bing.com\/videos\/search?q=warum&view=detail&mid=665530896F860CC93641665530896F860CC93641", "name": "Rekordinflation: Warum gerade alles teurer wird | Kontext", "description": "In Deutschland gibt es gerade so viele arme Menschen wie seit der Wiedervereinigung nicht mehr. Gleichzeitig wird alles teurer: Für Butter bezahlen wir momentan etwa doppelt so viel wie im Jahr 2015. Wie konnte es zu diesen extremen Preissteigerungen kommen? Und wie kommen wir da wieder raus? Um diese Fragen zu beantworten, schauen wir uns in ...", "thumbnailUrl": "https:\/\/tse2.mm.bing.net\/th?id=OVP.wrztghY8MFn8uxq54B4ZNAHgFo&pid=Api", "datePublished": "2022-09-06T14:57:41.0000000", "publisher": [{"name": "YouTube"}], "isAccessibleForFree": true, "contentUrl": "https:\/\/www.youtube.com\/watch?v=q0u2LW4UO0Q", "hostPageUrl": "https:\/\/www.youtube.com\/watch?v=q0u2LW4UO0Q", "encodingFormat": "mp4", "hostPageDisplayUrl": "https:\/\/www.youtube.com\/watch?v=q0u2LW4UO0Q", "width": 1280, "height": 720, "duration": "PT14M37S", "motionThumbnailUrl": "https:\/\/tse2.mm.bing.net\/th?id=OM.QTbJDIZviTBVZg&pid=Api", "embedHtml": "<iframe width=\"1280\" height=\"720\" src=\"http:\/\/www.youtube.com\/embed\/q0u2LW4UO0Q?autoplay=1\" frameborder=\"0\" allowfullscreen><\/iframe>", "allowHttpsEmbed": true, "viewCount": 368357, "thumbnail": {"width": 160, "height": 120}, "allowMobileEmbed": true, "isSuperfresh": false}, {"webSearchUrl": "https:\/\/www.bing.com\/videos\/search?q=warum&view=detail&mid=DE396733BDF5ADCCBA9FDE396733BDF5ADCCBA9F", "name": "Chaos durch Personalmangel: Warum viele Stellen offen bleiben | ZDFheute live", "description": "Lange Schlangen am Flughafen, weil es an Sicherheitspersonal mangelt. Abgesagte Flüge, weil Flugbegleiter fehlen oder sich ganze Crews krank melden. Auch Hotels und Restaurant können viele Stellen nicht mehr besetzen und arbeiten am Limit. Weil ihre Arbeitskraft in der Gastronomie und der Tourismusbranche während Corona nicht benötigt wurde ...", "thumbnailUrl": "https:\/\/tse3.mm.bing.net\/th?id=OVP.39b3qRERk34WNqbXxxer-wHgFo&pid=Api", "datePublished": "2022-06-24T18:14:43.0000000", "publisher": [{"name": "YouTube"}], "isAccessibleForFree": true, "contentUrl": "https:\/\/www.youtube.com\/watch?v=e4tL6PxPjsY", "hostPageUrl": "https:\/\/www.youtube.com\/watch?v=e4tL6PxPjsY", "encodingFormat": "mp4", "hostPageDisplayUrl": "https:\/\/www.youtube.com\/watch?v=e4tL6PxPjsY", "width": 1280, "height": 720, "duration": "PT30M54S", "motionThumbnailUrl": "https:\/\/tse3.mm.bing.net\/th?id=OM.n7rMrfW9M2c53g_1658281975&pid=Api", "embedHtml": "<iframe width=\"1280\" height=\"720\" src=\"http:\/\/www.youtube.com\/embed\/e4tL6PxPjsY?autoplay=1\" frameborder=\"0\" allowfullscreen><\/iframe>", "allowHttpsEmbed": true, "viewCount": 143013, "thumbnail": {"width": 160, "height": 120}, "allowMobileEmbed": true, "isSuperfresh": false}, {"webSearchUrl": "https:\/\/www.bing.com\/videos\/search?q=warum&view=detail&mid=919FB1BEF73582D46AC5919FB1BEF73582D46AC5", "name": "Warum du nicht genug Freunde hast!", "description": "Hier geht's zum Video von zweifelsfrei: https:\/\/youtu.be\/qfzD1PU4Qis Quellen: https:\/\/sites.google.com\/view\/sources-friendship\/ Freunde machen das Leben schön. Sie sorgen dafür, dass es nicht nur erträglich ist, sondern Spaß macht. Sie geben unserem Leben einen Sinn und uns ein Gefühl von Sicherheit und Zufriedenheit und sie stärken unser ...", "thumbnailUrl": "https:\/\/tse3.mm.bing.net\/th?id=OVP.7A_v36e24pNwn0zxCVrZ9gHgFo&pid=Api", "datePublished": "2022-08-28T14:59:52.0000000", "publisher": [{"name": "YouTube"}], "isAccessibleForFree": true, "contentUrl": "https:\/\/www.youtube.com\/watch?v=HYuqC13LZ1Q", "hostPageUrl": "https:\/\/www.youtube.com\/watch?v=HYuqC13LZ1Q", "encodingFormat": "mp4", "hostPageDisplayUrl": "https:\/\/www.youtube.com\/watch?v=HYuqC13LZ1Q", "width": 1280, "height": 720, "duration": "PT15M48S", "motionThumbnailUrl": "https:\/\/tse3.mm.bing.net\/th?id=OM2.xWrUgjX3vrGfkQ&pid=Api", "embedHtml": "<iframe width=\"1280\" height=\"720\" src=\"http:\/\/www.youtube.com\/embed\/HYuqC13LZ1Q?autoplay=1\" frameborder=\"0\" allowfullscreen><\/iframe>", "allowHttpsEmbed": true, "viewCount": 1053549, "thumbnail": {"width": 160, "height": 120}, "allowMobileEmbed": true, "isSuperfresh": false}], "scenario": "List"}, "rankingResponse": {"mainline": {"items": [{"answerType": "WebPages", "resultIndex": 0, "value": {"id": "https:\/\/api.bing.microsoft.com\/api\/v7\/#WebPages.0"}}, {"answerType": "WebPages", "resultIndex": 1, "value": {"id": "https:\/\/api.bing.microsoft.com\/api\/v7\/#WebPages.1"}}, {"answerType": "Videos", "value": {"id": "https:\/\/api.bing.microsoft.com\/api\/v7\/#Videos"}}, {"answerType": "WebPages", "resultIndex": 2, "value": {"id": "https:\/\/api.bing.microsoft.com\/api\/v7\/#WebPages.2"}}, {"answerType": "WebPages", "resultIndex": 3, "value": {"id": "https:\/\/api.bing.microsoft.com\/api\/v7\/#WebPages.3"}}, {"answerType": "WebPages", "resultIndex": 4, "value": {"id": "https:\/\/api.bing.microsoft.com\/api\/v7\/#WebPages.4"}}, {"answerType": "WebPages", "resultIndex": 5, "value": {"id": "https:\/\/api.bing.microsoft.com\/api\/v7\/#WebPages.5"}}, {"answerType": "WebPages", "resultIndex": 6, "value": {"id": "https:\/\/api.bing.microsoft.com\/api\/v7\/#WebPages.6"}}, {"answerType": "WebPages", "resultIndex": 7, "value": {"id": "https:\/\/api.bing.microsoft.com\/api\/v7\/#WebPages.7"}}, {"answerType": "WebPages", "resultIndex": 8, "value": {"id": "https:\/\/api.bing.microsoft.com\/api\/v7\/#WebPages.8"}}, {"answerType": "WebPages", "resultIndex": 9, "value": {"id": "https:\/\/api.bing.microsoft.com\/api\/v7\/#WebPages.9"}}, {"answerType": "Images", "value": {"id": "https:\/\/api.bing.microsoft.com\/api\/v7\/#Images"}}, {"answerType": "RelatedSearches", "value": {"id": "https:\/\/api.bing.microsoft.com\/api\/v7\/#RelatedSearches"}}]}, "sidebar": {"items": [{"answerType": "Entities", "resultIndex": 0, "value": {"id": "https:\/\/api.bing.microsoft.com\/api\/v7\/#Entities.0"}}]}}}