{"_type": "SearchResponse", "queryContext": {"originalQuery": "russland"}, "webPages": {"webSearchUrl": "https:\/\/www.bing.com\/search?q=russland", "totalEstimatedMatches": 33000000, "value": [{"id": "https:\/\/api.bing.microsoft.com\/api\/v7\/#WebPages.0", "contractualRules": [{"_type": "ContractualRules\/LicenseAttribution", "targetPropertyName": "snippet", "targetPropertyIndex": 0, "mustBeCloseToContent": true, "license": {"name": "CC-BY-SA", "url": "http:\/\/creativecommons.org\/licenses\/by-sa\/3.0\/"}, "licenseNotice": "Text lizenziert unter CC-BY-SA"}], "name": "Russland – Wikipedia", "url": "https:\/\/de.wikipedia.org\/wiki\/Russland", "thumbnailUrl": "https:\/\/www.bing.com\/th?id=OIP.BJ0TIVsjgJX2rco9iEShXAAAAA&w=80&h=80&c=1&pid=5.1", "isFamilyFriendly": true, "displayUrl": "https:\/\/de.wikipedia.org\/wiki\/Russland", "snippet": "Russland, amtlich die Russische Föderation, ist ein Bundesstaat in Osteuropa und Nordasien, mit der Exklave Kaliningrad in Mitteleuropa. Mit etwa 17 Millionen Quadratkilometern ist Russland nach Fläche größter Staat der Welt und umfasst etwa ein Neuntel der Landmasse der Erde. Mit 144,5 Millionen Einwohnern steht es an neunter Stelle der bevölkerungsreichsten Staaten und ist zugleich einer der am dünnsten besiedelten. Der europäische Teil des Staatsgebiets ist viel dichter besiedelt ...", "dateLastCrawled": "2022-11-23T06:44:00.0000000Z", "language": "de", "isNavigational": false}, {"id": "https:\/\/api.bing.microsoft.com\/api\/v7\/#WebPages.1", "name": "London: Russland verlegt Eliteeinheiten in den Donbass", "url": "https:\/\/www.n-tv.de\/politik\/London-Russland-verlegt-Eliteeinheiten-in-den-Donbass-article23740287.html", "isFamilyFriendly": true, "displayUrl": "https:\/\/www.n-tv.de\/politik\/London-Russland-verlegt-Eliteeinheiten-in-den-Donbass...", "snippet": "Truppenstärke verwässert? London: Russland verlegt Eliteeinheiten in den Donbass. 24.11.2022, 10:51 Uhr. Rund 45.000 Soldaten sind in der russischen Luftlandeeinheit zugeordnet. (Foto: picture ...", "dateLastCrawled": "2022-11-24T18:36:00.0000000Z", "language": "de", "isNavigational": false}, {"id": "https:\/\/api.bing.microsoft.com\/api\/v7\/#WebPages.2", "name": "Russland - aktuelle Nachrichten | tagesschau.de", "url": "https:\/\/www.tagesschau.de\/thema\/russland\/", "isFamilyFriendly": true, "displayUrl": "https:\/\/www.tagesschau.de\/thema\/russland", "snippet": "Russland - Nachrichten und Information: An 365 Tagen im Jahr, rund um die Uhr aktualisiert, die wichtigsten News auf tagesschau.de", "dateLastCrawled": "2022-11-22T19:33:00.0000000Z", "language": "de", "isNavigational": false}, {"id": "https:\/\/api.bing.microsoft.com\/api\/v7\/#WebPages.3", "name": "Russland wirft Polen Zerstörung der OSZE vor - faz.net", "url": "https:\/\/www.faz.net\/aktuell\/politik\/ausland\/russland-wirft-polen-zerstoerung-der-osze-vor-18485610.html", "isFamilyFriendly": true, "displayUrl": "https:\/\/www.faz.net\/aktuell\/politik\/ausland\/russland-wirft-polen-zerstoerung-der-osze...", "snippet": "Russland sagt das baldige Ende der Organisation für Sicherheit und Zusammenarbeit in Europa (OSZE) voraus – wieder einmal. Der diesjährige polnische Vorsitz der Organisation und seine ...", "dateLastCrawled": "2022-11-24T18:36:00.0000000Z", "language": "de", "isNavigational": false}, {"id": "https:\/\/api.bing.microsoft.com\/api\/v7\/#WebPages.4", "contractualRules": [{"_type": "ContractualRules\/LicenseAttribution", "targetPropertyName": "snippet", "targetPropertyIndex": 4, "mustBeCloseToContent": true, "license": {"name": "CC-BY-SA", "url": "http:\/\/creativecommons.org\/licenses\/by-sa\/3.0\/"}, "licenseNotice": "Text lizenziert unter CC-BY-SA"}], "name": "Geschichte Russlands – Wikipedia", "url": "https:\/\/de.wikipedia.org\/wiki\/Geschichte_Russlands", "isFamilyFriendly": true, "displayUrl": "https:\/\/de.wikipedia.org\/wiki\/Geschichte_Russlands", "snippet": "Die Geschichte Russlands bietet einen Überblick über die Vorgeschichte, Entstehung und Entwicklung des russischen Staates. [1] Ausgehend von der frühesten Besiedlung verschiedener Stämme des heutigen russischen Territoriums seit der Altsteinzeit, beschäftigt sich dieser Artikel mit der Entstehung der Kiewer Rus, eines ostslawischen Großreiches, das ...", "dateLastCrawled": "2022-11-21T21:18:00.0000000Z", "language": "de", "isNavigational": false}, {"id": "https:\/\/api.bing.microsoft.com\/api\/v7\/#WebPages.5", "name": "Russland News: Nachrichten zur aktuellen Lage | FAZ Politik", "url": "https:\/\/www.faz.net\/aktuell\/politik\/thema\/russland", "thumbnailUrl": "https:\/\/www.bing.com\/th?id=OIP.VT_bxiw_XL6EIYSSIgt4aQHaEK&w=80&h=80&c=1&pid=5.1", "isFamilyFriendly": true, "displayUrl": "https:\/\/www.faz.net\/aktuell\/politik\/thema\/russland", "snippet": "Russland im Fokus: Hier finden Sie ausführliche Nachrichten zum flächenmäßig größten Land der Erde. Jetzt informieren!", "dateLastCrawled": "2022-11-22T21:04:00.0000000Z", "language": "de", "isNavigational": false}, {"id": "https:\/\/api.bing.microsoft.com\/api\/v7\/#WebPages.6", "name": "Russland Duma will LGBTQ-Rechte weiter einschränken", "url": "https:\/\/www.tagesschau.de\/ausland\/russland-lgbtq-gesetze-101.html", "isFamilyFriendly": true, "displayUrl": "https:\/\/www.tagesschau.de\/ausland\/russland-lgbtq-gesetze-101.html", "snippet": "Im Beisein von Minderjährigen sind Äußerungen oder Darstellungen von unter anderem Homosexualität in Russland bereits verboten. Nun will die Duma das Gesetz weiter ausweiten - und es auch für ...", "dateLastCrawled": "2022-11-24T14:25:00.0000000Z", "language": "de", "isNavigational": false}]}, "images": {"id": "https:\/\/api.bing.microsoft.com\/api\/v7\/#Images", "readLink": "https:\/\/api.bing.microsoft.com\/api\/v7\/images\/search?q=Russland&qpvt=Russland", "webSearchUrl": "https:\/\/www.bing.com\/images\/search?q=Russland&qpvt=Russland", "isFamilyFriendly": true, "value": [{"webSearchUrl": "https:\/\/www.bing.com\/images\/search?q=Russland&id=6BBEEF205E0961319BD553C1D6A462B5A243392D&FORM=IARRTH", "name": "Counseling and Russian culture - Counseling Today", "thumbnailUrl": "https:\/\/tse1.mm.bing.net\/th?id=OIP.nrmWz1aEhoPhlSpWivz0pAHaE7&pid=Api", "contentUrl": "https:\/\/ct.counseling.org\/wp-content\/uploads\/2016\/04\/Branding-Images_Russia.jpg", "hostPageUrl": "https:\/\/ct.counseling.org\/2016\/04\/counseling-and-russian-culture\/", "contentSize": "375238 B", "encodingFormat": "jpeg", "hostPageDisplayUrl": "https:\/\/ct.counseling.org\/2016\/04\/counseling-and-russian-culture\/", "width": 1250, "height": 833, "thumbnail": {"width": 474, "height": 315}}, {"webSearchUrl": "https:\/\/www.bing.com\/images\/search?q=Russland&id=6B8246EAA8F4F131354B64289010DC66987B8844&FORM=IARRTH", "name": "Moscow, Russia Wheelchair Accessible Travel Guide - WheelchairTravel.org", "thumbnailUrl": "https:\/\/tse1.mm.bing.net\/th?id=OIP.0ylEjo1uCN2HKc1FW3MNSQHaD8&pid=Api", "contentUrl": "https:\/\/i2.wp.com\/wheelchairtravel.org\/wp-content\/uploads\/2020\/01\/moscow-v2020-header.jpg?fit=1920%2C1024&ssl=1", "hostPageUrl": "https:\/\/wheelchairtravel.org\/moscow\/", "contentSize": "206864 B", "encodingFormat": "jpeg", "hostPageDisplayUrl": "https:\/\/wheelchairtravel.org\/moscow\/", "width": 1920, "height": 1024, "thumbnail": {"width": 474, "height": 252}}, {"webSearchUrl": "https:\/\/www.bing.com\/images\/search?q=Russland&id=E563AF5D1EC179C32E26D3FB840A51B5196B5928&FORM=IARRTH", "name": "GIF: Population Projection 1960-2060: Russia vs Egypt [OC ...", "thumbnailUrl": "https:\/\/tse1.mm.bing.net\/th?id=OIP.JH-DYosMFLfvtG5oy2q6ZAHaFp&pid=Api", "contentUrl": "http:\/\/www.theculturemap.com\/wp-content\/uploads\/2014\/10\/Saint-Basils-Cathedral-Moscow-Russia.jpg", "hostPageUrl": "https:\/\/www.reddit.com\/r\/dataisbeautiful\/comments\/41687x\/gif_population_projection_19602060_russia_vs\/", "contentSize": "950335 B", "encodingFormat": "jpeg", "hostPageDisplayUrl": "https:\/\/www.reddit.com\/r\/dataisbeautiful\/comments\/41687x\/gif_population_projection_19602060_russia_vs\/", "width": 1980, "height": 1509, "thumbnail": {"width": 474, "height": 361}}, {"webSearchUrl": "https:\/\/www.bing.com\/images\/search?q=Russland&id=868D130F991F36347FCBAD45350F59E6933A021B&FORM=IARRTH", "name": "8 Reasons to Spend Your Honeymoon in Moscow and St. Petersburg, Russia", "thumbnailUrl": "https:\/\/tse1.mm.bing.net\/th?id=OIP.59EQqoDA9ED5y7Lv2_4rtAHaE8&pid=Api", "contentUrl": "https:\/\/www.fodors.com\/wp-content\/uploads\/2019\/02\/08_RussiaHoneymoon__Russiaisnotwhatitseems_shutterstock_570337246.jpg", "hostPageUrl": "https:\/\/www.fodors.com\/world\/europe\/russia\/experiences\/news\/this-is-going-to-sound-crazy-but-you-should-spend-your-honeymoon-in-russia", "contentSize": "410624 B", "encodingFormat": "jpeg", "hostPageDisplayUrl": "https:\/\/www.fodors.com\/world\/europe\/russia\/experiences\/news\/this-is-going-to-sound-crazy-but-you-should-spend-your-honeymoon-in-russia", "width": 1800, "height": 1200, "thumbnail": {"width": 474, "height": 316}}, {"webSearchUrl": "https:\/\/www.bing.com\/images\/search?q=Russland&id=979274370925D8A066D4251D8462B9AF29D75507&FORM=IARRTH", "name": "Why Russia Should Be Your Top Bucket List Destination in 2017", "thumbnailUrl": "https:\/\/tse1.mm.bing.net\/th?id=OIP.oxD1FGloi5f6k64JiFeHxQHaFS&pid=Api", "contentUrl": "https:\/\/www.56thparallel.com\/wp-content\/uploads\/2013\/06\/Russia-Travel.jpg", "hostPageUrl": "https:\/\/www.56thparallel.com\/russia-becomes-top-bucket-list-destination\/", "contentSize": "315605 B", "encodingFormat": "jpeg", "hostPageDisplayUrl": "https:\/\/www.56thparallel.com\/russia-becomes-top-bucket-list-destination\/", "width": 1400, "height": 1001, "thumbnail": {"width": 474, "height": 338}}, {"webSearchUrl": "https:\/\/www.bing.com\/images\/search?q=Russland&id=98D0C0A853DF04033CF5D1FBDD8DB1508579455E&FORM=IARRTH", "name": "Russia - A Country Profile - Nations Online Project", "thumbnailUrl": "https:\/\/tse1.mm.bing.net\/th?id=OIP.AZmWSnE-Covt8jDbAqwAngHaE4&pid=Api", "contentUrl": "https:\/\/www.nationsonline.org\/gallery\/Russia\/The-Kremlin-Moscow.jpg", "hostPageUrl": "https:\/\/www.nationsonline.org\/oneworld\/russia.htm", "contentSize": "192475 B", "encodingFormat": "jpeg", "hostPageDisplayUrl": "https:\/\/www.nationsonline.org\/oneworld\/russia.htm", "width": 1188, "height": 784, "thumbnail": {"width": 474, "height": 312}}, {"webSearchUrl": "https:\/\/www.bing.com\/images\/search?q=Russland&id=47FFF9823E82DB45BF4E64C3323B0F8BCB2C93B1&FORM=IARRTH", "name": "Visas for Russia | Secure Your Russian Visa Online | Visa First", "thumbnailUrl": "https:\/\/tse1.mm.bing.net\/th?id=OIP.KZBjQOTihKqvKYxuRQDQkQHaEK&pid=Api", "contentUrl": "https:\/\/www.visafirst.com\/wp-content\/uploads\/2019\/10\/russia_top.jpg", "hostPageUrl": "https:\/\/www.visafirst.com\/en\/russian-visas\/", "contentSize": "625976 B", "encodingFormat": "jpeg", "hostPageDisplayUrl": "https:\/\/www.visafirst.com\/en\/russian-visas\/", "width": 1920, "height": 1080, "thumbnail": {"width": 474, "height": 266}}]}, "news": {"id": "https:\/\/api.bing.microsoft.com\/api\/v7\/#News", "readLink": "https:\/\/api.bing.microsoft.com\/api\/v7\/news\/search?q=russland", "value": [{"contractualRules": [{"_type": "ContractualRules\/TextAttribution", "text": "FOCUS"}], "name": "Stimmen zum Ukraine-Krieg: Russland verlegt Elite-Lufttruppen in den Donbass", "url": "https:\/\/www.focus.de\/politik\/ausland\/stimmen-zum-ukraine-krieg-russland-verlegt-elite-lufttruppen-in-den-donbass_id_57275780.html", "image": {"contentUrl": "https:\/\/p6.focus.de\/img\/fotos\/id_170500738\/russland-soldaten-wagner-ukraine.jpg?im=Crop%3D%280%2C232%2C3485%2C1743%29%3BResize%3D%281200%2C627%29&hash=011d7f81ed364733062e7532d01a928cec26caec804056953c836c97d80e8eee", "thumbnail": {"contentUrl": "https:\/\/www.bing.com\/th?id=OVFT.ej_jAifOMAwpIDrK2Cf5oC&pid=News", "width": 700, "height": 350}}, "description": "In Russland Hauptstadt zeigt sich, wie Sanktionen und die Teilmobilmachung, Russland isolieren. In Cherson sind vier mutmaßliche russische Folterkammern entdeckt worden. Die Bewohner sollen wegen der", "provider": [{"_type": "Organization", "name": "FOCUS", "image": {"thumbnail": {"contentUrl": "https:\/\/www.bing.com\/th?id=ODF.wkUZT_El-VgUbALUV8wwzw&pid=news"}}}], "datePublished": "2022-11-24T15:23:00.0000000Z", "category": "World"}, {"contractualRules": [{"_type": "ContractualRules\/TextAttribution", "text": "n-tv Nachrichten"}], "name": "Roderich Kiesewetter im Gespräch \"Russland muss verlieren lernen wie Deutschland 1945\"", "url": "https:\/\/www.n-tv.de\/politik\/Russland-muss-verlieren-lernen-wie-Deutschland-1945-article23741918.html", "image": {"contentUrl": "https:\/\/bilder3.n-tv.de\/img\/incoming\/crop23741906\/0601324686-cImg_16_9-w1200\/0a40f5321ac1e767da384712293ece4d.jpg", "thumbnail": {"contentUrl": "https:\/\/www.bing.com\/th?id=OVFT.YaH2W-o1I0NOr_NklDGlOy&pid=News", "width": 700, "height": 393}}, "description": "CDU-Außenexperte Kiesewetter geht davon aus, dass die USA Deutschland bald zu einem stärkeren Engagement in der Ukraine drängen werden. \"Wenn wir der Ukraine westliche Kampfpanzer liefern, geht es dar", "provider": [{"_type": "Organization", "name": "n-tv Nachrichten", "image": {"thumbnail": {"contentUrl": "https:\/\/www.bing.com\/th?id=ODF.oZf9tuCshHpIwU08pMT69Q&pid=news"}}}], "datePublished": "2022-11-24T18:08:00.0000000Z", "category": "World"}, {"contractualRules": [{"_type": "ContractualRules\/TextAttribution", "text": "Frankfurter Allgemeine Zeitung via MSN.com"}], "name": "Russland wirft Polen Zerstörung der OSZE vor", "url": "https:\/\/www.msn.com\/de-de\/news\/politik\/einreiseverbot-f-c3-bcr-lawrow-russland-wirft-polen-zerst-c3-b6rung-der-osze-vor\/ar-AA14waCT", "image": {"contentUrl": "https:\/\/media0.faz.net\/ppmedia\/aktuell\/politik\/285940618\/1.8485608\/facebook_teaser\/der-russische-aussenminister.jpg", "thumbnail": {"contentUrl": "https:\/\/www.bing.com\/th?id=OVFT.u9Fu24HYIzwbeXJshEDt0i&pid=News", "width": 700, "height": 365}}, "description": "Russlands Außenminister Lawrow darf nicht zum Außenministerrat der OSZE nach Lódz kommen. Deutschland will Moskau trotzdem in der Organisation halten.", "provider": [{"_type": "Organization", "name": "Frankfurter Allgemeine Zeitung via MSN.com", "image": {"thumbnail": {"contentUrl": "https:\/\/www.bing.com\/th?id=ODF.DsQZYbSiIfUC579Bs8LtcA&pid=news"}}}], "datePublished": "2022-11-24T18:47:13.0000000Z"}, {"contractualRules": [{"_type": "ContractualRules\/TextAttribution", "text": "ZEIT via MSN.com"}], "name": "Russland und Propaganda: \"Der russischen Bevölkerung darf nichts Traumatisches erzählt werden\"", "url": "https:\/\/www.msn.com\/de-de\/news\/politik\/russland-und-propaganda-der-russischen-bev-c3-b6lkerung-darf-nichts-traumatisches-erz-c3-a4hlt-werden\/ar-AA14vZLo", "image": {"contentUrl": "https:\/\/img.zeit.de\/politik\/ausland\/2022-11\/russland-propaganda-feindbilder-putin\/wide__1300x731", "thumbnail": {"contentUrl": "https:\/\/www.bing.com\/th?id=OVFT.8zICmVWdSSkKz_rq6EviJy&pid=News", "width": 700, "height": 393}}, "description": "Nazis, Biolabore, Luzifer! Die russische Propaganda ist nicht einheitlich, sagt die Anthropologin Alexandra Arkhipova. Aber sie lasse sich durchaus erklären.", "provider": [{"_type": "Organization", "name": "ZEIT via MSN.com", "image": {"thumbnail": {"contentUrl": "https:\/\/www.bing.com\/th?id=ODF.sBSsROz0g_gaMj7cLjOGSA&pid=news"}}}], "datePublished": "2022-11-24T19:34:32.0000000Z", "category": "World"}]}, "videos": {"id": "https:\/\/api.bing.microsoft.com\/api\/v7\/#Videos", "readLink": "https:\/\/api.bing.microsoft.com\/api\/v7\/videos\/search?q=russland", "webSearchUrl": "https:\/\/www.bing.com\/videos\/search?q=russland", "isFamilyFriendly": true, "value": [{"webSearchUrl": "https:\/\/www.bing.com\/videos\/search?q=russland&view=detail&mid=28BA9A1511DADE98992F28BA9A1511DADE98992F", "name": "Ukraine-Krieg: Verschleiert Russland seine Absichten?", "description": "Damit würden Länder des Westens dazu verleitet, die Ukraine unter Druck zu setzen, damit sie um Frieden bitte, meint das us-amerikanische \"Institute for the Study of War\".", "thumbnailUrl": "https:\/\/tse4.mm.bing.net\/th?id=OVF.v9DyJPp4vnHxHKxPZQYlog&pid=Api", "datePublished": "2022-11-24T17:14:11.0000000", "publisher": [{"name": "euronews"}], "contentUrl": "https:\/\/de.euronews.com\/video\/2022\/11\/24\/ukraine-krieg-verschleiert-russland-seine-absichten", "hostPageUrl": "https:\/\/de.euronews.com\/video\/2022\/11\/24\/ukraine-krieg-verschleiert-russland-seine-absichten", "encodingFormat": "", "hostPageDisplayUrl": "https:\/\/de.euronews.com\/video\/2022\/11\/24\/ukraine-krieg-verschleiert-russland-seine-absichten", "width": 1000, "height": 563, "duration": "PT1M43S", "thumbnail": {"width": 160, "height": 89}, "isSuperfresh": true}, {"webSearchUrl": "https:\/\/www.bing.com\/videos\/search?q=russland&view=detail&mid=191CE3F4475B0DF5AE58191CE3F4475B0DF5AE58", "name": "UKRAINE-KRIEG: General Surowikin Raketenterror trägt die Handschrift des \"Schlächter von Syrien\"", "description": "UKRAINE-KRIEG: General Surowikin Raketenterror trägt die Handschrift des \"Schlächter von Syrien\" Der Kommandeur der russischen Truppen in der Ukraine, General Sergej Surowikin, war bereits bei seinem Einsatz in Syrien für Angriffe auf zivile Ziele berüchtigt, um seine Gegner zu schwächen. Nach seiner Ernennung in der Ukraine Anfang Oktober ...", "thumbnailUrl": "https:\/\/tse3.mm.bing.net\/th?id=OVF.g%2fxEC%2bczUJMN1ySgGpk6Bg&pid=Api", "datePublished": "2022-11-24T18:30:46.0000000", "publisher": [{"name": "YouTube"}], "isAccessibleForFree": true, "contentUrl": "https:\/\/www.youtube.com\/watch?v=k-PeozD_7UU", "hostPageUrl": "https:\/\/www.youtube.com\/watch?v=k-PeozD_7UU", "encodingFormat": "", "hostPageDisplayUrl": "https:\/\/www.youtube.com\/watch?v=k-PeozD_7UU", "width": 1280, "height": 720, "duration": "PT4M", "embedHtml": "<iframe width=\"1280\" height=\"720\" src=\"http:\/\/www.youtube.com\/embed\/k-PeozD_7UU?autoplay=1\" frameborder=\"0\" allowfullscreen><\/iframe>", "allowHttpsEmbed": true, "viewCount": 4, "thumbnail": {"width": 160, "height": 120}, "allowMobileEmbed": true, "isSuperfresh": true}, {"webSearchUrl": "https:\/\/www.bing.com\/videos\/search?q=russland&view=detail&mid=7B71B05CA67EC3ABF8297B71B05CA67EC3ABF829", "name": "Stromausfall in Kiew: Heftiger Raketenbeschuss auf Hauptstadt | Ukraine-Krieg", "description": "Russland bombt weiter, um die Ukrainer frieren zu lassen. Das berichtet BILD-Vize Paul Ronzheimer aus der Hauptstadt der Ukraine. Insgesamt feuerte Russland nach Angaben von Präsident Wolodymyr Selensky 67 Marschflugkörper auf das Territorium der Ukraine. Schwere Explosionen erschütterten am Mittwochmittag insbesondere die Hauptstadt Kiew ...", "thumbnailUrl": "https:\/\/tse4.mm.bing.net\/th?id=OVF.8lZm%2fHzchLVZwBRrFEK3nA&pid=Api", "datePublished": "2022-11-23T19:15:46.0000000", "publisher": [{"name": "YouTube"}], "isAccessibleForFree": true, "contentUrl": "https:\/\/www.youtube.com\/watch?v=zrqvbSeGdw0", "hostPageUrl": "https:\/\/www.youtube.com\/watch?v=zrqvbSeGdw0", "encodingFormat": "mp4", "hostPageDisplayUrl": "https:\/\/www.youtube.com\/watch?v=zrqvbSeGdw0", "width": 1280, "height": 720, "duration": "PT4M25S", "motionThumbnailUrl": "https:\/\/tse4.mm.bing.net\/th?id=OM.Kfirw36mXLBxew&pid=Api", "embedHtml": "<iframe width=\"1280\" height=\"720\" src=\"http:\/\/www.youtube.com\/embed\/zrqvbSeGdw0?autoplay=1\" frameborder=\"0\" allowfullscreen><\/iframe>", "allowHttpsEmbed": true, "viewCount": 93609, "thumbnail": {"width": 160, "height": 120}, "allowMobileEmbed": true, "isSuperfresh": true}, {"webSearchUrl": "https:\/\/www.bing.com\/videos\/search?q=russland&view=detail&mid=F487AEB64D921441B10BF487AEB64D921441B10B", "name": "UKRAINE-KRIEG: Abnutzungskämpfe an der Front – Darum beeinflusst der Winter doch nicht die Kämpfe", "description": "An der Front gibt es auf beiden Seiten derzeit nur wenig Geländegewinne. Die Truppen sind eher damit beschäftigt die Front zu halten, sagt Militärexperte Guido Schmidtke. Auch weil die Truppen sich nicht viel bewegen, beeinflusst der Winter die Kämpfe nicht so sehr wie zuvor vermutet. Neun Monate nach dem Beginn des russischen Überfalls ...", "thumbnailUrl": "https:\/\/tse4.mm.bing.net\/th?id=OVF.%2btMp6YQ40SrecFBkQglQlQ&pid=Api", "datePublished": "2022-11-24T19:30:01.0000000", "publisher": [{"name": "YouTube"}], "isAccessibleForFree": true, "contentUrl": "https:\/\/www.youtube.com\/watch?v=LW8JZE_-rm4", "hostPageUrl": "https:\/\/www.youtube.com\/watch?v=LW8JZE_-rm4", "encodingFormat": "", "hostPageDisplayUrl": "https:\/\/www.youtube.com\/watch?v=LW8JZE_-rm4", "width": 1280, "height": 720, "duration": "PT2M52S", "embedHtml": "<iframe width=\"1280\" height=\"720\" src=\"http:\/\/www.youtube.com\/embed\/LW8JZE_-rm4?autoplay=1\" frameborder=\"0\" allowfullscreen><\/iframe>", "allowHttpsEmbed": true, "viewCount": 3, "thumbnail": {"width": 160, "height": 120}, "allowMobileEmbed": true, "isSuperfresh": true}, {"webSearchUrl": "https:\/\/www.bing.com\/videos\/search?q=russland&view=detail&mid=328EC0FB8D76A819680A328EC0FB8D76A819680A", "name": "Kiew ohne Strom: Der Tag nach dem Raketen-Beschuss auf die Hauptstadt | Ukraine-Krieg", "description": "Während die Welt auf die Fußball-WM blickt, nutzt Russlands Präsident Wladimir Putin (70) die Zeit, um die Ukraine kaputt zu bomben – und möglicherweise eine neue Flüchtlingswelle nach Europa auszulösen! Mittwochnachmittag in Kiew: BILD-Reporter hören mehrere Explosionen. Wieder Raketen-Terror! Wieder ein Angriff auf Kraftwerke! Schon ...", "thumbnailUrl": "https:\/\/tse2.mm.bing.net\/th?id=OVF.jYtOP55YCmZay%2bDtQe01uQ&pid=Api", "datePublished": "2022-11-24T10:45:02.0000000", "publisher": [{"name": "YouTube"}], "isAccessibleForFree": true, "contentUrl": "https:\/\/www.youtube.com\/watch?v=k5tOnlu7psI", "hostPageUrl": "https:\/\/www.youtube.com\/watch?v=k5tOnlu7psI", "encodingFormat": "mp4", "hostPageDisplayUrl": "https:\/\/www.youtube.com\/watch?v=k5tOnlu7psI", "width": 1280, "height": 720, "duration": "PT4M46S", "motionThumbnailUrl": "https:\/\/tse2.mm.bing.net\/th?id=OM.CmgZqHaN-8COMg&pid=Api", "embedHtml": "<iframe width=\"1280\" height=\"720\" src=\"http:\/\/www.youtube.com\/embed\/k5tOnlu7psI?autoplay=1\" frameborder=\"0\" allowfullscreen><\/iframe>", "allowHttpsEmbed": true, "viewCount": 9957, "thumbnail": {"width": 160, "height": 120}, "allowMobileEmbed": true, "isSuperfresh": true}, {"webSearchUrl": "https:\/\/www.bing.com\/videos\/search?q=russland&view=detail&mid=11161C0A2700C1C6CD0211161C0A2700C1C6CD02", "name": "Kiew ohne Strom: „70 Prozent der Hauptstadt sind ohne Elektrizität“ | Ukraine-Krieg", "description": "Die Menschen stehen stundenlang bei Minustemperaturen in einer Schlange, um Wasser aus einem Brunnen zu bekommen! Es ist Mitternacht in Kiew, wenige Stunden nach dem erneuten Raketenangriff, als klar wird: Nach DIESEM Angriff ist alles anders! Zwar gab es auch in den vergangenen Wochen Stromausfälle in der Hauptstadt und es wurden zum ...", "thumbnailUrl": "https:\/\/tse4.mm.bing.net\/th?id=OVF.KpD%2b5a3vob6vDAa9zpbMZA&pid=Api", "datePublished": "2022-11-24T18:02:03.0000000", "publisher": [{"name": "YouTube"}], "isAccessibleForFree": true, "contentUrl": "https:\/\/www.youtube.com\/watch?v=Gsh6yL21Z_I", "hostPageUrl": "https:\/\/www.youtube.com\/watch?v=Gsh6yL21Z_I", "encodingFormat": "", "hostPageDisplayUrl": "https:\/\/www.youtube.com\/watch?v=Gsh6yL21Z_I", "width": 1280, "height": 720, "duration": "PT5M4S", "embedHtml": "<iframe width=\"1280\" height=\"720\" src=\"http:\/\/www.youtube.com\/embed\/Gsh6yL21Z_I?autoplay=1\" frameborder=\"0\" allowfullscreen><\/iframe>", "allowHttpsEmbed": true, "thumbnail": {"width": 160, "height": 120}, "allowMobileEmbed": true, "isSuperfresh": true}, {"webSearchUrl": "https:\/\/www.bing.com\/videos\/search?q=russland&view=detail&mid=5A9197B6BCBE0B6014585A9197B6BCBE0B601458", "name": "Angriffe auf die ukrainische Bevölkerung: Ist Russland ein Terrorstaat? | Auf den Punkt", "description": "Massaker, Folter, Vergewaltigung und Entführung als Waffe. Die Liste der Kriegsgräuel, die Russland vorgeworfen werden, ist lang. Massiv bombardiert die russische Armee zudem auch die ukrainische Infrastruktur. Es gibt kaum Strom. Die Menschen drohen zu erfrieren, viele Krankenhäuser sind zerstört und arbeiten am Limit. Sind das ...", "thumbnailUrl": "https:\/\/tse3.mm.bing.net\/th?id=OVF.ILAcFoTfmU9HO4iIt%2fnkCw&pid=Api", "datePublished": "2022-11-24T17:12:03.0000000", "publisher": [{"name": "YouTube"}], "isAccessibleForFree": true, "contentUrl": "https:\/\/www.youtube.com\/watch?v=D3n0-QuBbEo", "hostPageUrl": "https:\/\/www.youtube.com\/watch?v=D3n0-QuBbEo", "encodingFormat": "", "hostPageDisplayUrl": "https:\/\/www.youtube.com\/watch?v=D3n0-QuBbEo", "width": 1280, "height": 720, "duration": "PT42M35S", "embedHtml": "<iframe width=\"1280\" height=\"720\" src=\"http:\/\/www.youtube.com\/embed\/D3n0-QuBbEo?autoplay=1\" frameborder=\"0\" allowfullscreen><\/iframe>", "allowHttpsEmbed": true, "viewCount": 1, "thumbnail": {"width": 160, "height": 120}, "allowMobileEmbed": true, "isSuperfresh": true}, {"webSearchUrl": "https:\/\/www.bing.com\/videos\/search?q=russland&view=detail&mid=E91054F8DD68B3927329E91054F8DD68B3927329", "name": "Ukraine-Krieg: Wieviele Iskander und S-300-Raketen hat Russland noch?", "description": "Das Verteidigungsministerium der Ukraine und der britische Geheimdienst gehen davon aus, dass Russland Drohnen einsetzt, weil Putin nicht mehr über genügend Raketen und Munition verfügt.", "thumbnailUrl": "https:\/\/tse1.mm.bing.net\/th?id=OVF.OjrnmVFjbtS660ULsS3r8g&pid=Api", "datePublished": "2022-11-23T16:42:22.0000000", "publisher": [{"name": "euronews"}], "contentUrl": "https:\/\/de.euronews.com\/2022\/11\/23\/hat-putin-nicht-genug-raketen-fur-krieg-in-der-ukraine-wieviele-iskander-und-s-300-ubrig-s", "hostPageUrl": "https:\/\/de.euronews.com\/2022\/11\/23\/hat-putin-nicht-genug-raketen-fur-krieg-in-der-ukraine-wieviele-iskander-und-s-300-ubrig-s", "encodingFormat": "mp4", "hostPageDisplayUrl": "https:\/\/de.euronews.com\/2022\/11\/23\/hat-putin-nicht-genug-raketen-fur-krieg-in-der-ukraine-wieviele-iskander-und-s-300-ubrig-s", "width": 640, "height": 360, "duration": "PT2M12S", "motionThumbnailUrl": "https:\/\/tse1.mm.bing.net\/th?id=OM.KXOSs2jd-FQQ6Q&pid=Api", "thumbnail": {"width": 160, "height": 89}, "isSuperfresh": true}, {"webSearchUrl": "https:\/\/www.bing.com\/videos\/search?q=russland&view=detail&mid=A0E81348B89F7E467670A0E81348B89F7E467670", "name": "Amnesty International kritisiert Unterdrückung in Russland", "description": "Verschlechtert habe sich die Lage vor allem nach der Rückkehr von Wladimir Putin in das Amt des russischen Präsidenten im Jahr 2012. LESEN SIE MEHR : https:\/\/de.euronews.com\/2022\/11\/24\/amnesty-international-kritisiert-unterdruckung-in-russland Abonnieren Sie! https:\/\/www.youtube.com\/c\/euronewsde?sub_confirmation=1 Sehen Sie Euronews live TV ...", "thumbnailUrl": "https:\/\/tse3.mm.bing.net\/th?id=OVF.aN0ZuVa9ekqxdzLU31Toag&pid=Api", "datePublished": "2022-11-24T16:42:09.0000000", "publisher": [{"name": "YouTube"}], "isAccessibleForFree": true, "contentUrl": "https:\/\/www.youtube.com\/watch?v=4qPhE_xbPug", "hostPageUrl": "https:\/\/www.youtube.com\/watch?v=4qPhE_xbPug", "encodingFormat": "", "hostPageDisplayUrl": "https:\/\/www.youtube.com\/watch?v=4qPhE_xbPug", "width": 1280, "height": 720, "duration": "PT1M56S", "embedHtml": "<iframe width=\"1280\" height=\"720\" src=\"http:\/\/www.youtube.com\/embed\/4qPhE_xbPug?autoplay=1\" frameborder=\"0\" allowfullscreen><\/iframe>", "allowHttpsEmbed": true, "thumbnail": {"width": 160, "height": 120}, "allowMobileEmbed": true, "isSuperfresh": true}, {"webSearchUrl": "https:\/\/www.bing.com\/videos\/search?q=russland&view=detail&mid=B93625073CE22BB3AF8DB93625073CE22BB3AF8D", "name": "Krieg in der Ukraine: Ein weiterer Kampf – gegen den Winter", "description": "In der Ukraine sind Strom, Licht und Wärme knapp. Einige Menschen versuchen, den Winter trotzdem zu genießen, andere kämpfen ums Überleben. Landesweite Wärmestuben sollen dabei helfen.", "thumbnailUrl": "https:\/\/tse4.mm.bing.net\/th?id=OVF.%2brd2hbQoymfClXFuJjMlfQ&pid=Api", "datePublished": "2022-11-23T12:24:36.0000000", "publisher": [{"name": "SPIEGEL"}], "contentUrl": "https:\/\/www.spiegel.de\/ausland\/ukraine-krieg-im-winter-heute-hatte-ich-zum-ersten-mal-angst-denn-es-ist-kalt-a-6bb81dc2-b6ab-4029-90e7-324e9576e02e", "hostPageUrl": "https:\/\/www.spiegel.de\/ausland\/ukraine-krieg-im-winter-heute-hatte-ich-zum-ersten-mal-angst-denn-es-ist-kalt-a-6bb81dc2-b6ab-4029-90e7-324e9576e02e", "encodingFormat": "mp4", "hostPageDisplayUrl": "https:\/\/www.spiegel.de\/ausland\/ukraine-krieg-im-winter-heute-hatte-ich-zum-ersten-mal-angst-denn-es-ist-kalt-a-6bb81dc2-b6ab-4029-90e7-324e9576e02e", "width": 640, "height": 360, "duration": "PT3M1S", "motionThumbnailUrl": "https:\/\/tse4.mm.bing.net\/th?id=OM.ja-zK-I8ByU2uQ&pid=Api", "embedHtml": "<iframe src=\"\/\/vcdn01.spiegel.de\/players\/tJYC38m6-9QTGcSm3.html\" width=\"480\" height=\"270\" frameborder=\"0\" scrolling=\"auto\"><\/iframe>", "allowHttpsEmbed": true, "thumbnail": {"width": 160, "height": 89}, "allowMobileEmbed": true, "isSuperfresh": true}], "scenario": "List"}, "rankingResponse": {"mainline": {"items": [{"answerType": "News", "value": {"id": "https:\/\/api.bing.microsoft.com\/api\/v7\/#News"}}, {"answerType": "WebPages", "resultIndex": 0, "value": {"id": "https:\/\/api.bing.microsoft.com\/api\/v7\/#WebPages.0"}}, {"answerType": "WebPages", "resultIndex": 1, "value": {"id": "https:\/\/api.bing.microsoft.com\/api\/v7\/#WebPages.1"}}, {"answerType": "Videos", "value": {"id": "https:\/\/api.bing.microsoft.com\/api\/v7\/#Videos"}}, {"answerType": "WebPages", "resultIndex": 2, "value": {"id": "https:\/\/api.bing.microsoft.com\/api\/v7\/#WebPages.2"}}, {"answerType": "WebPages", "resultIndex": 3, "value": {"id": "https:\/\/api.bing.microsoft.com\/api\/v7\/#WebPages.3"}}, {"answerType": "WebPages", "resultIndex": 4, "value": {"id": "https:\/\/api.bing.microsoft.com\/api\/v7\/#WebPages.4"}}, {"answerType": "WebPages", "resultIndex": 5, "value": {"id": "https:\/\/api.bing.microsoft.com\/api\/v7\/#WebPages.5"}}, {"answerType": "WebPages", "resultIndex": 6, "value": {"id": "https:\/\/api.bing.microsoft.com\/api\/v7\/#WebPages.6"}}]}, "sidebar": {"items": [{"answerType": "Images", "value": {"id": "https:\/\/api.bing.microsoft.com\/api\/v7\/#Images"}}]}}}