{"_type": "Videos", "instrumentation": {"_type": "ResponseInstrumentation"}, "readLink": "https:\/\/api.bing.microsoft.com\/api\/v7\/videos\/search?q=minecraft", "webSearchUrl": "https:\/\/www.bing.com\/videos\/search?q=minecraft", "queryContext": {"originalQuery": "minecraft", "alterationDisplayQuery": "minecraft", "alterationOverrideQuery": "+minecraft", "alterationMethod": "AM_JustChangeIt", "alterationType": "CombinedAlterationsChained"}, "totalEstimatedMatches": 789, "value": [{"webSearchUrl": "https:\/\/www.bing.com\/videos\/search?q=minecraft&view=detail&mid=635C305A1FE54EFBA1F5635C305A1FE54EFBA1F5", "name": "Dieses TNT ist 500x stärker als NORMALES | Lucky TNT Mod", "description": "Hier geht es zur Mod: https:\/\/www.curseforge.com\/minecraft\/mc-mods\/luckytnt Der Paluten Shop: http:\/\/paluten.shop Mein neues Buch: https:\/\/amzn.to\/30Bzin1 * Der Paluten Stuhl: https:\/\/bit.ly\/3a0AgPN * Mein erstes Buch: https:\/\/amzn.to\/3lcfbVT * Mein erster Comic https:\/\/amzn.to\/30BKznt ...", "thumbnailUrl": "https:\/\/tse3.mm.bing.net\/th?id=OVP.45Ra50kkL6IXKqZMp2-YaAHgFo&pid=Api", "datePublished": "2022-07-27T11:42:41.0000000", "publisher": [{"name": "YouTube"}], "creator": {"name": "Paluten"}, "isAccessibleForFree": true, "isFamilyFriendly": true, "contentUrl": "https:\/\/www.youtube.com\/watch?v=KZ7qJIPvZUc", "hostPageUrl": "https:\/\/www.youtube.com\/watch?v=KZ7qJIPvZUc", "encodingFormat": "h264", "hostPageDisplayUrl": "https:\/\/www.youtube.com\/watch?v=KZ7qJIPvZUc", "width": 1280, "height": 720, "duration": "PT12M36S", "motionThumbnailUrl": "https:\/\/tse2.mm.bing.net\/th?id=OM.9aH7TuUfWjBcYw&pid=Api", "embedHtml": "<iframe width=\"1280\" height=\"720\" src=\"https:\/\/www.youtube.com\/embed\/KZ7qJIPvZUc?autoplay=1\" frameborder=\"0\" allowfullscreen><\/iframe>", "allowHttpsEmbed": true, "viewCount": 992015, "thumbnail": {"width": 480, "height": 360}, "videoId": "635C305A1FE54EFBA1F5635C305A1FE54EFBA1F5", "allowMobileEmbed": true, "isSuperfresh": false}, {"webSearchUrl": "https:\/\/www.bing.com\/videos\/search?q=minecraft&view=detail&mid=AA5BCF5F879CEA2924B2AA5BCF5F879CEA2924B2", "name": "Ich zünde das NUKLEARE TNT in Minecraft!", "description": "Heute zünden wir wieder ordentlich TNT. Viel Spaß mit der Lucky TNT Mod in Minecraft. Zur Mod: https:\/\/www.curseforge.com\/minecraft\/mc-mods\/luckytnt Der Paluten Shop: http:\/\/paluten.shop Mein neues Buch: https:\/\/amzn.to\/30Bzin1 * Der Paluten Stuhl: https:\/\/bit.ly\/3a0AgPN * Mein erstes Buch: https:\/\/amzn.to\/3lcfbVT * Mein erster Comic https ...", "thumbnailUrl": "https:\/\/tse1.mm.bing.net\/th?id=OVP.jtr4MxD2cgwIfH7g6-tC1AHgFo&pid=Api", "datePublished": "2022-08-11T09:56:43.0000000", "publisher": [{"name": "YouTube"}], "creator": {"name": "Paluten"}, "isAccessibleForFree": true, "isFamilyFriendly": true, "contentUrl": "https:\/\/www.youtube.com\/watch?v=1BPAKqWeJ40", "hostPageUrl": "https:\/\/www.youtube.com\/watch?v=1BPAKqWeJ40", "encodingFormat": "h264", "hostPageDisplayUrl": "https:\/\/www.youtube.com\/watch?v=1BPAKqWeJ40", "width": 1280, "height": 720, "duration": "PT12M28S", "motionThumbnailUrl": "https:\/\/tse2.mm.bing.net\/th?id=OM.siQp6pyHX89bqg&pid=Api", "embedHtml": "<iframe width=\"1280\" height=\"720\" src=\"https:\/\/www.youtube.com\/embed\/1BPAKqWeJ40?autoplay=1\" frameborder=\"0\" allowfullscreen><\/iframe>", "allowHttpsEmbed": true, "viewCount": 725231, "thumbnail": {"width": 480, "height": 360}, "videoId": "AA5BCF5F879CEA2924B2AA5BCF5F879CEA2924B2", "allowMobileEmbed": true, "isSuperfresh": false}, {"webSearchUrl": "https:\/\/www.bing.com\/videos\/search?q=minecraft&view=detail&mid=695FCC2DBA6BF7D8E690695FCC2DBA6BF7D8E690", "name": "WIR VERTEIDIGEN unsere BASE gegen 1000 MINI SKELETTE! - Minecraft", "description": "Wir verteidigen unsere Minecraft Base 👕 Benx Shop https:\/\/www.benx.shop ¹ 📚 Mein neues Buch https:\/\/amzn.to\/3Ew1cmp ¹ _____________________________________________________ 📷 Instagram: https:\/\/instagram.com\/DoctorBenx 💜 Twitch: https:\/\/www.twitch.tv\/benx 💸 Fortnite Creator Code: Benson 💳 Roblox Creator Code: Benx 📨 ...", "thumbnailUrl": "https:\/\/tse1.mm.bing.net\/th?id=OVP.im5EzHhP0Y4mfuMG26aEOwHgFo&pid=Api", "datePublished": "2022-07-31T16:54:52.0000000", "publisher": [{"name": "YouTube"}], "creator": {"name": "Benx"}, "isAccessibleForFree": true, "isFamilyFriendly": true, "contentUrl": "https:\/\/www.youtube.com\/watch?v=AX9XDBbHSmw", "hostPageUrl": "https:\/\/www.youtube.com\/watch?v=AX9XDBbHSmw", "encodingFormat": "h264", "hostPageDisplayUrl": "https:\/\/www.youtube.com\/watch?v=AX9XDBbHSmw", "width": 1280, "height": 720, "duration": "PT16M44S", "motionThumbnailUrl": "https:\/\/tse1.mm.bing.net\/th?id=OM2.kObY92u6LcxfaQ&pid=Api", "embedHtml": "<iframe width=\"1280\" height=\"720\" src=\"https:\/\/www.youtube.com\/embed\/AX9XDBbHSmw?autoplay=1\" frameborder=\"0\" allowfullscreen><\/iframe>", "allowHttpsEmbed": true, "viewCount": 681831, "thumbnail": {"width": 480, "height": 360}, "videoId": "695FCC2DBA6BF7D8E690695FCC2DBA6BF7D8E690", "allowMobileEmbed": true, "isSuperfresh": false}, {"webSearchUrl": "https:\/\/www.bing.com\/videos\/search?q=minecraft&view=detail&mid=F6F927077F36292F0F58F6F927077F36292F0F58", "name": "WIR BAUEN ein PRO GAMER HAUS! - Minecraft", "description": "Wir gründen ein Gamer Haus in Minecraft 👕 Benx Shop https:\/\/www.benx.shop ¹ 📚 Mein neues Buch https:\/\/amzn.to\/3Ew1cmp ¹ _____________________________________________________ 📷 Instagram: https:\/\/instagram.com\/DoctorBenx 💜 Twitch: https:\/\/www.twitch.tv\/benx 💸 Fortnite Creator Code: Benson 💳 Roblox Creator Code: Benx 📨 ...", "thumbnailUrl": "https:\/\/tse4.mm.bing.net\/th?id=OVP.Dj7rrpiGGRmkOjwGhU76FQHgFo&pid=Api", "datePublished": "2022-07-30T17:08:16.0000000", "publisher": [{"name": "YouTube"}], "creator": {"name": "Benx"}, "isAccessibleForFree": true, "isFamilyFriendly": true, "contentUrl": "https:\/\/www.youtube.com\/watch?v=QoNA_qhWoek", "hostPageUrl": "https:\/\/www.youtube.com\/watch?v=QoNA_qhWoek", "encodingFormat": "h264", "hostPageDisplayUrl": "https:\/\/www.youtube.com\/watch?v=QoNA_qhWoek", "width": 1280, "height": 720, "duration": "PT19M36S", "motionThumbnailUrl": "https:\/\/tse4.mm.bing.net\/th?id=OM.WA8vKTZ_Byf59g_1668320389&pid=Api", "embedHtml": "<iframe width=\"1280\" height=\"720\" src=\"https:\/\/www.youtube.com\/embed\/QoNA_qhWoek?autoplay=1\" frameborder=\"0\" allowfullscreen><\/iframe>", "allowHttpsEmbed": true, "viewCount": 364310, "thumbnail": {"width": 480, "height": 360}, "videoId": "F6F927077F36292F0F58F6F927077F36292F0F58", "allowMobileEmbed": true, "isSuperfresh": false}, {"webSearchUrl": "https:\/\/www.bing.com\/videos\/search?q=minecraft&view=detail&mid=E8F2F789793EA9AC3998E8F2F789793EA9AC3998", "name": "Ich BAUE eine REALISTISCHE ACHTERBAHN! - Minecraft", "description": "Wir bauen eine Realistische Achterbahn in Minecraft 👕 Benx Shop https:\/\/www.benx.shop ¹ 📚 Mein neues Buch https:\/\/amzn.to\/3Ew1cmp ¹ _____________________________________________________ 📷 Instagram: https:\/\/instagram.com\/DoctorBenx 💜 Twitch: https:\/\/www.twitch.tv\/benx 💸 Fortnite Creator Code: Benson 💳 Roblox Creator Code ...", "thumbnailUrl": "https:\/\/tse1.mm.bing.net\/th?id=OVP.-9UQmPgS1V2Z9H3KDXt2OgHgFo&pid=Api", "datePublished": "2022-07-25T16:37:17.0000000", "publisher": [{"name": "YouTube"}], "creator": {"name": "Benx"}, "isAccessibleForFree": true, "isFamilyFriendly": true, "contentUrl": "https:\/\/www.youtube.com\/watch?v=FY-faOjL398", "hostPageUrl": "https:\/\/www.youtube.com\/watch?v=FY-faOjL398", "encodingFormat": "h264", "hostPageDisplayUrl": "https:\/\/www.youtube.com\/watch?v=FY-faOjL398", "width": 1280, "height": 720, "duration": "PT18M58S", "motionThumbnailUrl": "https:\/\/tse4.mm.bing.net\/th?id=OM.mDmsqT55iffy6A_1667779794&pid=Api", "embedHtml": "<iframe width=\"1280\" height=\"720\" src=\"https:\/\/www.youtube.com\/embed\/FY-faOjL398?autoplay=1\" frameborder=\"0\" allowfullscreen><\/iframe>", "allowHttpsEmbed": true, "viewCount": 663134, "thumbnail": {"width": 480, "height": 360}, "videoId": "E8F2F789793EA9AC3998E8F2F789793EA9AC3998", "allowMobileEmbed": true, "isSuperfresh": false}, {"webSearchUrl": "https:\/\/www.bing.com\/videos\/search?q=minecraft&view=detail&mid=3A7AC23F86BF1A3B5F483A7AC23F86BF1A3B5F48", "name": "Minecraft ABER der WITHERSTORM lebt | LarsLP", "description": "Herzlich Willkommen zu Minecraft ABER der WITHERSTORM lebt. Der Witherstorm ist der ultimative Wither und beinhaltet seine eigene Dimension. Minecraft ist ein Sandbox Game von Mojang Offizielle Seite: https:\/\/minecraft.net\/de-de\/ ------------------------- Informationen: 2t Kanal: https:\/\/www.youtube.com\/channel\/UC1ggPBm7NZC0vHuRdR3EqnA 💬 ...", "thumbnailUrl": "https:\/\/tse4.mm.bing.net\/th?id=OVP.pPCPtGQJtk7LBg5E67Da5wHgFo&pid=Api", "datePublished": "2022-09-01T12:00:15.0000000", "publisher": [{"name": "YouTube"}], "creator": {"name": "LarsLP"}, "isAccessibleForFree": true, "isFamilyFriendly": true, "contentUrl": "https:\/\/www.youtube.com\/watch?v=RfH8Ofkh5wI", "hostPageUrl": "https:\/\/www.youtube.com\/watch?v=RfH8Ofkh5wI", "encodingFormat": "h264", "hostPageDisplayUrl": "https:\/\/www.youtube.com\/watch?v=RfH8Ofkh5wI", "width": 1280, "height": 720, "duration": "PT12M24S", "motionThumbnailUrl": "https:\/\/tse3.mm.bing.net\/th?id=OM1.SF87Gr-GP8J6Og&pid=Api", "embedHtml": "<iframe width=\"1280\" height=\"720\" src=\"https:\/\/www.youtube.com\/embed\/RfH8Ofkh5wI?autoplay=1\" frameborder=\"0\" allowfullscreen><\/iframe>", "allowHttpsEmbed": true, "viewCount": 342797, "thumbnail": {"width": 480, "height": 360}, "videoId": "3A7AC23F86BF1A3B5F483A7AC23F86BF1A3B5F48", "allowMobileEmbed": true, "isSuperfresh": false}, {"webSearchUrl": "https:\/\/www.bing.com\/videos\/search?q=minecraft&view=detail&mid=E61DD9623F0401F5B629E61DD9623F0401F5B629", "name": "Wir BAUEN eine WILDWASSER ACHTERBAHN..", "description": "Wir bauen eine Wasserbahn in Minecraft 👕 Benx Shop https:\/\/www.benx.shop ¹ 📚 Mein neues Buch https:\/\/amzn.to\/3Ew1cmp ¹ _____________________________________________________ 📷 Instagram: https:\/\/instagram.com\/DoctorBenx 💜 Twitch: https:\/\/www.twitch.tv\/benx 💸 Fortnite Creator Code: Benson 💳 Roblox Creator Code: Benx 📨 ...", "thumbnailUrl": "https:\/\/tse1.mm.bing.net\/th?id=OVP.FjANhCawCFvrb6TQY5lE_wHgFo&pid=Api", "datePublished": "2022-08-03T17:26:06.0000000", "publisher": [{"name": "YouTube"}], "creator": {"name": "Benx"}, "isAccessibleForFree": true, "isFamilyFriendly": true, "contentUrl": "https:\/\/www.youtube.com\/watch?v=trfL_RMLMKM", "hostPageUrl": "https:\/\/www.youtube.com\/watch?v=trfL_RMLMKM", "encodingFormat": "h264", "hostPageDisplayUrl": "https:\/\/www.youtube.com\/watch?v=trfL_RMLMKM", "width": 1280, "height": 720, "duration": "PT13M54S", "motionThumbnailUrl": "https:\/\/tse3.mm.bing.net\/th?id=OM2.Kbb1AQQ_Ytkd5g&pid=Api", "embedHtml": "<iframe width=\"1280\" height=\"720\" src=\"https:\/\/www.youtube.com\/embed\/trfL_RMLMKM?autoplay=1\" frameborder=\"0\" allowfullscreen><\/iframe>", "allowHttpsEmbed": true, "viewCount": 348554, "thumbnail": {"width": 480, "height": 360}, "videoId": "E61DD9623F0401F5B629E61DD9623F0401F5B629", "allowMobileEmbed": true, "isSuperfresh": false}, {"webSearchUrl": "https:\/\/www.bing.com\/videos\/search?q=minecraft&view=detail&mid=236D0C69B8334F3B085F236D0C69B8334F3B085F", "name": "Der MINECRAFT PARKOUR 3.0 (im Dorfd) | Fahrrad Simulator", "description": "Diese Minecraft Freedom Map ist der absolut Wahnsinn. Viel Spaß beim Fahrrad Simulator. Der Paluten Shop: http:\/\/paluten.shop Mein neues Buch: https:\/\/amzn.to\/30Bzin1 * Der Paluten Stuhl: https:\/\/bit.ly\/3a0AgPN * Mein erstes Buch: https:\/\/amzn.to\/3lcfbVT * Mein erster Comic https:\/\/amzn.to\/30BKznt ...", "thumbnailUrl": "https:\/\/tse2.mm.bing.net\/th?id=OVP.9nw-xwwcHihCeh26XsshbwHgFo&pid=Api", "datePublished": "2022-07-02T10:44:12.0000000", "publisher": [{"name": "YouTube"}], "creator": {"name": "Paluten"}, "isAccessibleForFree": true, "isFamilyFriendly": true, "contentUrl": "https:\/\/www.youtube.com\/watch?v=BMshPp4Q1O4", "hostPageUrl": "https:\/\/www.youtube.com\/watch?v=BMshPp4Q1O4", "encodingFormat": "h264", "hostPageDisplayUrl": "https:\/\/www.youtube.com\/watch?v=BMshPp4Q1O4", "width": 1280, "height": 720, "duration": "PT11M51S", "motionThumbnailUrl": "https:\/\/tse3.mm.bing.net\/th?id=OM2.Xwg7TzO4aQxtIw&pid=Api", "embedHtml": "<iframe width=\"1280\" height=\"720\" src=\"https:\/\/www.youtube.com\/embed\/BMshPp4Q1O4?autoplay=1\" frameborder=\"0\" allowfullscreen><\/iframe>", "allowHttpsEmbed": true, "viewCount": 615622, "thumbnail": {"width": 480, "height": 360}, "videoId": "236D0C69B8334F3B085F236D0C69B8334F3B085F", "allowMobileEmbed": true, "isSuperfresh": false}, {"webSearchUrl": "https:\/\/www.bing.com\/videos\/search?q=minecraft&view=detail&mid=493F2E39999355B6AEE6493F2E39999355B6AEE6", "name": "MINECRAFT, ABER V̥̣̺͡I̦͓̼͟Ḻ̕L͎̖̦̫͉͟A̞̕G̪̪͉ͅȨ͍R̟̣̬͍̖̞.͕̪͉̻Ḙ̙̲̀X́E͙̮ VERFOLGT UNS?!", "description": "🦝🐶 *NEU* PLÜSCHTIERE: http:\/\/shop.chaosflo44.com 🦝🐶 *NEU* PLÜSCHTIERE: http:\/\/shop.chaosflo44.com ★★★ 👑🎉 *NEU* DUNKEL GOLD: http:\/\/shop.chaosflo44.com ↓FÜR MEHR MINECRAFT VERFOLGT MIT ISY MACHT FOLGENDES↓ 🍉 Abonnieren + 🔔 um kein Video mehr zu verpassen! 👍 Daumen hoch für mehr Videos dieser Art! :D 💬 ...", "thumbnailUrl": "https:\/\/tse4.mm.bing.net\/th?id=OVP.y59qiYLHymQqGEkO3IgqgAHgFo&pid=Api", "datePublished": "2022-09-09T10:38:12.0000000", "publisher": [{"name": "YouTube"}], "creator": {"name": "Chaosflo44"}, "isAccessibleForFree": true, "isFamilyFriendly": true, "contentUrl": "https:\/\/www.youtube.com\/watch?v=Kb29-LdtkkA", "hostPageUrl": "https:\/\/www.youtube.com\/watch?v=Kb29-LdtkkA", "encodingFormat": "h264", "hostPageDisplayUrl": "https:\/\/www.youtube.com\/watch?v=Kb29-LdtkkA", "width": 1280, "height": 720, "duration": "PT20M36S", "motionThumbnailUrl": "https:\/\/tse3.mm.bing.net\/th?id=OM2.5q62VZOZOS4_SQ&pid=Api", "embedHtml": "<iframe width=\"1280\" height=\"720\" src=\"https:\/\/www.youtube.com\/embed\/Kb29-LdtkkA?autoplay=1\" frameborder=\"0\" allowfullscreen><\/iframe>", "allowHttpsEmbed": true, "viewCount": 166423, "thumbnail": {"width": 480, "height": 360}, "videoId": "493F2E39999355B6AEE6493F2E39999355B6AEE6", "allowMobileEmbed": true, "isSuperfresh": false}, {"webSearchUrl": "https:\/\/www.bing.com\/videos\/search?q=minecraft&view=detail&mid=CEEB63D2316AC884A255CEEB63D2316AC884A255", "name": "Minecraft, aber mit Jobs! (Holzfäller, Minenarbeiter, Tränke) - Jobs Mod", "description": "Als Dorfbewohner arbeiten mit 10 Jobs! Holzfäller, Erze in Minen und Tränke brauen! Letzte Folge: https:\/\/youtu.be\/23nE80oTzS4 Mein Merch: http:\/\/shop.lekoopa.de LeKoopa abonnieren: http:\/\/www.youtube.com\/lekoopa Links: Download Jobs Mod: https:\/\/www.curseforge.com\/minecraft\/mc-mods\/jobsplus Ich nutze den Curseforge Launcher um mit Mods zu ...", "thumbnailUrl": "https:\/\/tse2.mm.bing.net\/th?id=OVP.wSs_sHVmEbSUfB3tYAb-rwHgFo&pid=Api", "datePublished": "2022-07-27T13:00:29.0000000", "publisher": [{"name": "YouTube"}], "creator": {"name": "LeKoopa"}, "isAccessibleForFree": true, "isFamilyFriendly": true, "contentUrl": "https:\/\/www.youtube.com\/watch?v=vLXg0q75tiM", "hostPageUrl": "https:\/\/www.youtube.com\/watch?v=vLXg0q75tiM", "encodingFormat": "h264", "hostPageDisplayUrl": "https:\/\/www.youtube.com\/watch?v=vLXg0q75tiM", "width": 1280, "height": 720, "duration": "PT17M42S", "motionThumbnailUrl": "https:\/\/tse4.mm.bing.net\/th?id=OM.VaKEyGox0mPrzg_1667524940&pid=Api", "embedHtml": "<iframe width=\"1280\" height=\"720\" src=\"https:\/\/www.youtube.com\/embed\/vLXg0q75tiM?autoplay=1\" frameborder=\"0\" allowfullscreen><\/iframe>", "allowHttpsEmbed": true, "viewCount": 186806, "thumbnail": {"width": 480, "height": 360}, "videoId": "CEEB63D2316AC884A255CEEB63D2316AC884A255", "allowMobileEmbed": true, "isSuperfresh": false}, {"webSearchUrl": "https:\/\/www.bing.com\/videos\/search?q=minecraft&view=detail&mid=8702B092902BDEB6CC408702B092902BDEB6CC40", "name": "Minecraft Großes Haus bauen Tutorial 1.19 - Großes Haus bauen in Minecraft Survival Tutorial", "description": "Minecraft Großes Haus bauen Tutorial 1.19 - Großes Haus bauen in Minecraft Survival Tutorial Zweitkanal: https:\/\/www.youtube.com\/channel\/UCcD5fb8A90M6AyqPsEFEKNw Twitch: https:\/\/www.twitch.tv\/flashhaft Shader: Kuda Legacy Texture Pack: Default Meine Maus: Corsair Glaive Meine Tastatur: Razer Ornata CPU I7 4770 Ram 32GB DDR3 GPU MSI Nvidia GTX ...", "thumbnailUrl": "https:\/\/tse2.mm.bing.net\/th?id=OVP.dPwlwDVUETI2tRsSI2AjJQHgFo&pid=Api", "datePublished": "2022-08-18T11:30:06.0000000", "publisher": [{"name": "YouTube"}], "creator": {"name": "Flash"}, "isAccessibleForFree": true, "isFamilyFriendly": true, "contentUrl": "https:\/\/www.youtube.com\/watch?v=_l_UntQrqR0", "hostPageUrl": "https:\/\/www.youtube.com\/watch?v=_l_UntQrqR0", "encodingFormat": "h264", "hostPageDisplayUrl": "https:\/\/www.youtube.com\/watch?v=_l_UntQrqR0", "width": 1280, "height": 720, "duration": "PT28M18S", "motionThumbnailUrl": "https:\/\/tse3.mm.bing.net\/th?id=OM1.QMy23iuQkrAChw&pid=Api", "embedHtml": "<iframe width=\"1280\" height=\"720\" src=\"https:\/\/www.youtube.com\/embed\/_l_UntQrqR0?autoplay=1\" frameborder=\"0\" allowfullscreen><\/iframe>", "allowHttpsEmbed": true, "viewCount": 96850, "thumbnail": {"width": 480, "height": 360}, "videoId": "8702B092902BDEB6CC408702B092902BDEB6CC40", "allowMobileEmbed": true, "isSuperfresh": false}, {"webSearchUrl": "https:\/\/www.bing.com\/videos\/search?q=minecraft&view=detail&mid=325AD9EC1A8DA9346BAB325AD9EC1A8DA9346BAB", "name": "Wir SPRINGEN von der MAXIMALEN Bauhöhe ☆ Minecraft FLUCHT 3 #42", "description": "Paletto und @GermanLetsPlay testen die neue maximale Bauhöhe Der Paluten Shop: http:\/\/paluten.shop Mein neues Buch: https:\/\/amzn.to\/30Bzin1 * Der Paluten Stuhl: https:\/\/bit.ly\/3a0AgPN * Mein erstes Buch: https:\/\/amzn.to\/3lcfbVT * Mein erster Comic https:\/\/amzn.to\/30BKznt * _____________________________________________________ Twitter http ...", "thumbnailUrl": "https:\/\/tse2.mm.bing.net\/th?id=OVP.Akjl-x328gy7sD0t0JmXZwHgFo&pid=Api", "datePublished": "2022-01-22T13:09:54.0000000", "publisher": [{"name": "YouTube"}], "creator": {"name": "Paluten"}, "isAccessibleForFree": true, "isFamilyFriendly": true, "contentUrl": "https:\/\/www.youtube.com\/watch?v=XMi1GZrNGpY", "hostPageUrl": "https:\/\/www.youtube.com\/watch?v=XMi1GZrNGpY", "encodingFormat": "h264", "hostPageDisplayUrl": "https:\/\/www.youtube.com\/watch?v=XMi1GZrNGpY", "width": 1280, "height": 720, "duration": "PT12M49S", "motionThumbnailUrl": "https:\/\/tse3.mm.bing.net\/th?id=OM1.q2s0qY0a7NlaMg&pid=Api", "embedHtml": "<iframe width=\"1280\" height=\"720\" src=\"https:\/\/www.youtube.com\/embed\/XMi1GZrNGpY?autoplay=1\" frameborder=\"0\" allowfullscreen><\/iframe>", "allowHttpsEmbed": true, "viewCount": 630567, "thumbnail": {"width": 480, "height": 360}, "videoId": "325AD9EC1A8DA9346BAB325AD9EC1A8DA9346BAB", "allowMobileEmbed": true, "isSuperfresh": false}, {"webSearchUrl": "https:\/\/www.bing.com\/videos\/search?q=minecraft&view=detail&mid=8EF384F6E8CF6B84C7BA8EF384F6E8CF6B84C7BA", "name": "GEBURT bis TOD als WEIßER ENDERMAN! ✿ Minecraft [Deutsch\/HD]", "description": "🥰 GEBURT bis TOD als WEIßER ENDERMAN! Minecraft [Deutsch\/HD] 🔥 Isymaus Shop ↪ https:\/\/isymaus.shop\/ 💕 Partner ↪ Nitrado Server: https:\/\/www.nitrado-aff.com\/33G977\/D42TT\/ ↪ Teamspeak: https:\/\/isycheesy.de\/partner\/teamspeak 🔥 Isymaus Shop ↪ https:\/\/isymaus.shop\/ 🌐 Social-Media-Kanäle ↪ Twitter • https:\/\/isycheesy.de ...", "thumbnailUrl": "https:\/\/tse4.mm.bing.net\/th?id=OVP.MNIFnvJ0Mlruvkz-O04tTwHgFo&pid=Api", "datePublished": "2022-07-31T12:00:00.0000000", "publisher": [{"name": "YouTube"}], "creator": {"name": "IsyCheesy"}, "isAccessibleForFree": true, "isFamilyFriendly": true, "contentUrl": "https:\/\/www.youtube.com\/watch?v=aBba8bQZqxE", "hostPageUrl": "https:\/\/www.youtube.com\/watch?v=aBba8bQZqxE", "encodingFormat": "h264", "hostPageDisplayUrl": "https:\/\/www.youtube.com\/watch?v=aBba8bQZqxE", "width": 1280, "height": 720, "duration": "PT16M44S", "motionThumbnailUrl": "https:\/\/tse3.mm.bing.net\/th?id=OM2.useEa8_o9oTzjg&pid=Api", "embedHtml": "<iframe width=\"1280\" height=\"720\" src=\"https:\/\/www.youtube.com\/embed\/aBba8bQZqxE?autoplay=1\" frameborder=\"0\" allowfullscreen><\/iframe>", "allowHttpsEmbed": true, "viewCount": 342399, "thumbnail": {"width": 480, "height": 360}, "videoId": "8EF384F6E8CF6B84C7BA8EF384F6E8CF6B84C7BA", "allowMobileEmbed": true, "isSuperfresh": false}, {"webSearchUrl": "https:\/\/www.bing.com\/videos\/search?q=minecraft&view=detail&mid=374BE9D2A2A9DF32F04D374BE9D2A2A9DF32F04D", "name": "Minecraft Basis bauen Tutorial 1.19 - Großes Starter Haus bauen in Minecraft", "description": "perfekte Minecraft Basis bauen Tutorial 1.19 - Großes Starter Haus bauen in Minecraft Zweitkanal: https:\/\/www.youtube.com\/channel\/UCcD5fb8A90M6AyqPsEFEKNw Twitch: https:\/\/www.twitch.tv\/flashhaft Shader: Kuda Legacy Texture Pack: Default Meine Maus: Corsair Glaive Meine Tastatur: Razer Ornata CPU I7 4770 Ram 32GB DDR3 GPU MSI Nvidia GTX 1080 ...", "thumbnailUrl": "https:\/\/tse3.mm.bing.net\/th?id=OVP.wWiw1_uX2T9YxixNySHIUgHgFo&pid=Api", "datePublished": "2022-08-25T11:30:07.0000000", "publisher": [{"name": "YouTube"}], "creator": {"name": "Flash"}, "isAccessibleForFree": true, "isFamilyFriendly": true, "contentUrl": "https:\/\/www.youtube.com\/watch?v=GgAsc1bvWlA", "hostPageUrl": "https:\/\/www.youtube.com\/watch?v=GgAsc1bvWlA", "encodingFormat": "h264", "hostPageDisplayUrl": "https:\/\/www.youtube.com\/watch?v=GgAsc1bvWlA", "width": 1280, "height": 720, "duration": "PT17M54S", "motionThumbnailUrl": "https:\/\/tse2.mm.bing.net\/th?id=OM2.TfAy36mi0ulLNw&pid=Api", "embedHtml": "<iframe width=\"1280\" height=\"720\" src=\"https:\/\/www.youtube.com\/embed\/GgAsc1bvWlA?autoplay=1\" frameborder=\"0\" allowfullscreen><\/iframe>", "allowHttpsEmbed": true, "viewCount": 50382, "thumbnail": {"width": 480, "height": 360}, "videoId": "374BE9D2A2A9DF32F04D374BE9D2A2A9DF32F04D", "allowMobileEmbed": true, "isSuperfresh": false}, {"webSearchUrl": "https:\/\/www.bing.com\/videos\/search?q=minecraft&view=detail&mid=B5FE9A5FDDDFCBD7AB26B5FE9A5FDDDFCBD7AB26", "name": "Ich überlebe 100 TAGE als ATOMKRIEGER in Minecraft Hardcore!", "description": "Ich habe 100 TAGE im NUKLEAR WASTELAND in HARDCORE Minecraft überlebt! Heute erkunde ich die verstrahlten Länder, Dörfer und Städte in Minecraft nach einem NUKLEAREN FALLOUT! Als ZOZO, dem Minecraft-Helden, ist es mein Ziel, alle Menschen, die ich im Ödland finden kann, zu retten und einen weiteren nuklearen Fallout zu verhindern. Während ...", "thumbnailUrl": "https:\/\/tse1.mm.bing.net\/th?id=OVP.hvz97FzkhSlgj_gko2f1VgHgFo&pid=Api", "datePublished": "2022-09-10T06:15:00.0000000", "publisher": [{"name": "YouTube"}], "creator": {"name": "Zozo auf Deutsch"}, "isAccessibleForFree": true, "isFamilyFriendly": true, "contentUrl": "https:\/\/www.youtube.com\/watch?v=4mEDUghv-GI", "hostPageUrl": "https:\/\/www.youtube.com\/watch?v=4mEDUghv-GI", "encodingFormat": "h264", "hostPageDisplayUrl": "https:\/\/www.youtube.com\/watch?v=4mEDUghv-GI", "width": 1280, "height": 720, "duration": "PT45M38S", "motionThumbnailUrl": "https:\/\/tse3.mm.bing.net\/th?id=OM1.JqvXy9_dX5r-tQ&pid=Api", "embedHtml": "<iframe width=\"1280\" height=\"720\" src=\"https:\/\/www.youtube.com\/embed\/4mEDUghv-GI?autoplay=1\" frameborder=\"0\" allowfullscreen><\/iframe>", "allowHttpsEmbed": true, "viewCount": 416637, "thumbnail": {"width": 480, "height": 360}, "videoId": "B5FE9A5FDDDFCBD7AB26B5FE9A5FDDDFCBD7AB26", "allowMobileEmbed": true, "isSuperfresh": false}, {"webSearchUrl": "https:\/\/www.bing.com\/videos\/search?q=minecraft&view=detail&mid=F1C54E4480AA75BD5DACF1C54E4480AA75BD5DAC", "name": "WIR WERDEN IN DEN MINECRAFT BACKROOMS VERFOLGT...!", "description": "Hallo und Herzlich Willkommen zu meinem neuen Video! Über eine Bewertung oder Kritik würde ich mich sehr freuen! (=^･^=) KOSTENLOS abonnieren • http:\/\/Dreemtum.de Zu EpicStun • http:\/\/www.epicstun.de\/ ---- Mein Merch-Shop ---- Merch • http:\/\/shop.dreemtum.de ---- Meine Sozialen Netzwerke ---- Instagram • http:\/\/insta.dreemtum.de ...", "thumbnailUrl": "https:\/\/tse3.mm.bing.net\/th?id=OVP.H2wNsVEIUEx5IHsIWjiNzwHgFo&pid=Api", "datePublished": "2022-09-20T17:00:00.0000000", "publisher": [{"name": "YouTube"}], "creator": {"name": "Dreemtum"}, "isAccessibleForFree": true, "isFamilyFriendly": true, "contentUrl": "https:\/\/www.youtube.com\/watch?v=-v3W7vJPqnQ", "hostPageUrl": "https:\/\/www.youtube.com\/watch?v=-v3W7vJPqnQ", "encodingFormat": "h264", "hostPageDisplayUrl": "https:\/\/www.youtube.com\/watch?v=-v3W7vJPqnQ", "width": 1280, "height": 720, "duration": "PT16M51S", "motionThumbnailUrl": "https:\/\/tse4.mm.bing.net\/th?id=OM2.rF29daqARE7F8Q&pid=Api", "embedHtml": "<iframe width=\"1280\" height=\"720\" src=\"https:\/\/www.youtube.com\/embed\/-v3W7vJPqnQ?autoplay=1\" frameborder=\"0\" allowfullscreen><\/iframe>", "allowHttpsEmbed": true, "viewCount": 186007, "thumbnail": {"width": 480, "height": 360}, "videoId": "F1C54E4480AA75BD5DACF1C54E4480AA75BD5DAC", "allowMobileEmbed": true, "isSuperfresh": false}, {"webSearchUrl": "https:\/\/www.bing.com\/videos\/search?q=minecraft&view=detail&mid=CD0260E8E9CFE818CA11CD0260E8E9CFE818CA11", "name": "SCHAU... \"E͍̬͈̬̥̊̆̇́͘S̡̡̩̩̯͔̰̫̦̞̫̲̰̪͍̱̖͚̦̊̂ͣ̃ͅ\"... NICHT... AN?! - Minecraft METEOR #01 [Deutsch\/HD]", "description": "🎃💀 **NEU** HALLOWEEN EDITION: http:\/\/shop.chaosflo44.com 🎄🍫 **NEU** ADVENTSKALENDER: http:\/\/shop.chaosflo44.com ★★★ 📸🍉 **FOLGT MIR** INSTAGRAM: http:\/\/instagram.com\/chaosflo1337 ↓FÜR MEHR FOLGEN VON MINECRAFT METEOR MACHT FOLGENDES↓ 🍉 Abonnieren + 🔔 um kein Video mehr zu verpassen! 👍 Daumen hoch für mehr ...", "thumbnailUrl": "https:\/\/tse2.mm.bing.net\/th?id=OVP.M-3lVd91BTxfsMVtUUulMQHgFo&pid=Api", "datePublished": "2022-10-02T10:00:02.0000000", "publisher": [{"name": "YouTube"}], "creator": {"name": "Chaosflo44"}, "isAccessibleForFree": true, "isFamilyFriendly": true, "contentUrl": "https:\/\/www.youtube.com\/watch?v=10kFnTDOAxU", "hostPageUrl": "https:\/\/www.youtube.com\/watch?v=10kFnTDOAxU", "encodingFormat": "h264", "hostPageDisplayUrl": "https:\/\/www.youtube.com\/watch?v=10kFnTDOAxU", "width": 1280, "height": 720, "duration": "PT23M40S", "motionThumbnailUrl": "https:\/\/tse1.mm.bing.net\/th?id=OM.EcoY6M_p6GACzQ&pid=Api", "embedHtml": "<iframe width=\"1280\" height=\"720\" src=\"https:\/\/www.youtube.com\/embed\/10kFnTDOAxU?autoplay=1\" frameborder=\"0\" allowfullscreen><\/iframe>", "allowHttpsEmbed": true, "viewCount": 171211, "thumbnail": {"width": 480, "height": 360}, "videoId": "CD0260E8E9CFE818CA11CD0260E8E9CFE818CA11", "allowMobileEmbed": true, "isSuperfresh": false}, {"webSearchUrl": "https:\/\/www.bing.com\/videos\/search?q=minecraft&view=detail&mid=D05C00C40A4AEC267F68D05C00C40A4AEC267F68", "name": "Alle RASTEN AUS! Minecraft Battle gegen Luca, iCrimax & Mexify", "description": "Danke an Genshin Impact für das Unterstützen des Videos. Wenn ihr auch Bock auf das Spiel habt, klickt hier: https:\/\/hoyo.link\/11biWHA6 Hier gehts zum Giveaway: https:\/\/gheed.com\/giveaways\/g-rjK9 Und hier gehts zum Minecraft Server: genshinmc.de (Minecraft 1.18.2) Werbung Hier gehts zu den anderen: Luca: https:\/\/youtube.com\/c\/luca Mexify ...", "thumbnailUrl": "https:\/\/tse1.mm.bing.net\/th?id=OVP.KUPrdUVpmCNn4ivaLYGiDwHgFo&pid=Api", "datePublished": "2022-04-28T13:01:58.0000000", "publisher": [{"name": "YouTube"}], "creator": {"name": "Paluten"}, "isAccessibleForFree": true, "isFamilyFriendly": true, "contentUrl": "https:\/\/www.youtube.com\/watch?v=MCx0mDogM90", "hostPageUrl": "https:\/\/www.youtube.com\/watch?v=MCx0mDogM90", "encodingFormat": "h264", "hostPageDisplayUrl": "https:\/\/www.youtube.com\/watch?v=MCx0mDogM90", "width": 1280, "height": 720, "duration": "PT13M5S", "motionThumbnailUrl": "https:\/\/tse2.mm.bing.net\/th?id=OM.aH8m7EoKxABc0A_1661428344&pid=Api", "embedHtml": "<iframe width=\"1280\" height=\"720\" src=\"https:\/\/www.youtube.com\/embed\/MCx0mDogM90?autoplay=1\" frameborder=\"0\" allowfullscreen><\/iframe>", "allowHttpsEmbed": true, "viewCount": 438802, "thumbnail": {"width": 480, "height": 360}, "videoId": "D05C00C40A4AEC267F68D05C00C40A4AEC267F68", "allowMobileEmbed": true, "isSuperfresh": false}, {"webSearchUrl": "https:\/\/www.bing.com\/videos\/search?q=minecraft&view=detail&mid=2A4D982960C101EFE3242A4D982960C101EFE324", "name": "Ich überlebe 100 TAGE als AFFE in HARDCORE Minecraft!", "description": "Ich habe 100 TAGE als GORILLA in HARDCORE Minecraft überlebt! Heute erkunde ich den Dschungel und das Dschungeldorf! Als Äffchen, das sich in einen Affen und einen Gorilla verwandelt, ist es mein Ziel, meine Freunde und andere Affen vor dem bösen TIGER zu retten. Während meiner Suche muss ich gegen einen OZELOT, ein KROKODIL, eine SPINNE ...", "thumbnailUrl": "https:\/\/tse4.mm.bing.net\/th?id=OVP.S6HQERXWSHA_hiWkSNq6yQHgFo&pid=Api", "datePublished": "2022-07-26T05:00:09.0000000", "publisher": [{"name": "YouTube"}], "creator": {"name": "Zozo auf Deutsch"}, "isAccessibleForFree": true, "isFamilyFriendly": true, "contentUrl": "https:\/\/www.youtube.com\/watch?v=X5VPWqbu_FA", "hostPageUrl": "https:\/\/www.youtube.com\/watch?v=X5VPWqbu_FA", "encodingFormat": "h264", "hostPageDisplayUrl": "https:\/\/www.youtube.com\/watch?v=X5VPWqbu_FA", "width": 1280, "height": 720, "duration": "PT32M24S", "motionThumbnailUrl": "https:\/\/tse1.mm.bing.net\/th?id=OM.JOPvAcFgKZhNKg_1664943580&pid=Api", "embedHtml": "<iframe width=\"1280\" height=\"720\" src=\"https:\/\/www.youtube.com\/embed\/X5VPWqbu_FA?autoplay=1\" frameborder=\"0\" allowfullscreen><\/iframe>", "allowHttpsEmbed": true, "viewCount": 501082, "thumbnail": {"width": 480, "height": 360}, "videoId": "2A4D982960C101EFE3242A4D982960C101EFE324", "allowMobileEmbed": true, "isSuperfresh": false}, {"webSearchUrl": "https:\/\/www.bing.com\/videos\/search?q=minecraft&view=detail&mid=52BCCDE4C9A928E2AB5252BCCDE4C9A928E2AB52", "name": "Ich werde 99 JAHRE ALT in Minecraft", "description": "Level = Alter in Minecraft 👕 Benx Shop https:\/\/www.benx.shop ¹ 📚 Mein neues Buch https:\/\/amzn.to\/3Ew1cmp ¹ _____________________________________________________ 📷 Instagram: https:\/\/instagram.com\/DoctorBenx 💜 Twitch: https:\/\/www.twitch.tv\/benx 💸 Fortnite Creator Code: Benson 💳 Roblox Creator Code: Benx 📨 Geschäftliche ...", "thumbnailUrl": "https:\/\/tse3.mm.bing.net\/th?id=OVP.2JmrD322AA5VoeUfpYNWFAHgFo&pid=Api", "datePublished": "2022-07-18T16:26:24.0000000", "publisher": [{"name": "YouTube"}], "creator": {"name": "Benx"}, "isAccessibleForFree": true, "isFamilyFriendly": true, "contentUrl": "https:\/\/www.youtube.com\/watch?v=gnoub9nKaEQ", "hostPageUrl": "https:\/\/www.youtube.com\/watch?v=gnoub9nKaEQ", "encodingFormat": "h264", "hostPageDisplayUrl": "https:\/\/www.youtube.com\/watch?v=gnoub9nKaEQ", "width": 1280, "height": 720, "duration": "PT16M4S", "motionThumbnailUrl": "https:\/\/tse3.mm.bing.net\/th?id=OM.UqviKKnJ5M28Ug_1667452911&pid=Api", "embedHtml": "<iframe width=\"1280\" height=\"720\" src=\"https:\/\/www.youtube.com\/embed\/gnoub9nKaEQ?autoplay=1\" frameborder=\"0\" allowfullscreen><\/iframe>", "allowHttpsEmbed": true, "viewCount": 413313, "thumbnail": {"width": 480, "height": 360}, "videoId": "52BCCDE4C9A928E2AB5252BCCDE4C9A928E2AB52", "allowMobileEmbed": true, "isSuperfresh": false}, {"webSearchUrl": "https:\/\/www.bing.com\/videos\/search?q=minecraft&view=detail&mid=0DFE933C8EE0574A88670DFE933C8EE0574A8867", "name": "Minecraft SPIELEN als Hebamme ✿ [Deutsch\/HD]", "description": "🥰 Minecraft SPIELEN als Hebamme [Deutsch\/HD] 🔥 Isymaus Shop ↪ https:\/\/isymaus.shop\/ 💕 Partner ↪ Nitrado Server: https:\/\/www.nitrado-aff.com\/33G977\/D42TT\/ ↪ Teamspeak: https:\/\/isycheesy.de\/partner\/teamspeak 🔥 Isymaus Shop ↪ https:\/\/isymaus.shop\/ 🌐 Social-Media-Kanäle ↪ Twitter • https:\/\/isycheesy.de\/twitter ↪ ...", "thumbnailUrl": "https:\/\/tse4.mm.bing.net\/th?id=OVP.uNcQbS27UXWmwPi9NfLBvAHgFo&pid=Api", "datePublished": "2022-09-15T13:15:03.0000000", "publisher": [{"name": "YouTube"}], "creator": {"name": "IsyCheesy"}, "isAccessibleForFree": true, "isFamilyFriendly": true, "contentUrl": "https:\/\/www.youtube.com\/watch?v=plM9VONCD8M", "hostPageUrl": "https:\/\/www.youtube.com\/watch?v=plM9VONCD8M", "encodingFormat": "h264", "hostPageDisplayUrl": "https:\/\/www.youtube.com\/watch?v=plM9VONCD8M", "width": 1280, "height": 720, "duration": "PT13M34S", "motionThumbnailUrl": "https:\/\/tse3.mm.bing.net\/th?id=OM.Z4hKV-COPJP-DQ&pid=Api", "embedHtml": "<iframe width=\"1280\" height=\"720\" src=\"https:\/\/www.youtube.com\/embed\/plM9VONCD8M?autoplay=1\" frameborder=\"0\" allowfullscreen><\/iframe>", "allowHttpsEmbed": true, "viewCount": 225178, "thumbnail": {"width": 480, "height": 360}, "videoId": "0DFE933C8EE0574A88670DFE933C8EE0574A8867", "allowMobileEmbed": true, "isSuperfresh": false}, {"webSearchUrl": "https:\/\/www.bing.com\/videos\/search?q=minecraft&view=detail&mid=3D300F5691696AD46C813D300F5691696AD46C81", "name": "Ich BAUE ein LUXUS DORF (5 Sterne) - Minecraft", "description": "Wir bauen das Luxus Dorf in Minecraft 👕 Benx Shop https:\/\/www.benx.shop ¹ 📚 Mein neues Buch https:\/\/amzn.to\/3Ew1cmp ¹ _____________________________________________________ 📷 Instagram: https:\/\/instagram.com\/DoctorBenx 💜 Twitch: https:\/\/www.twitch.tv\/benx 💸 Fortnite Creator Code: Benson 💳 Roblox Creator Code: Benx 📨 ...", "thumbnailUrl": "https:\/\/tse1.mm.bing.net\/th?id=OVP.PqZqpjeQIxq_kjzqWLoj3wHgFo&pid=Api", "datePublished": "2022-07-09T16:47:59.0000000", "publisher": [{"name": "YouTube"}], "creator": {"name": "Benx"}, "isAccessibleForFree": true, "isFamilyFriendly": true, "contentUrl": "https:\/\/www.youtube.com\/watch?v=GWIrOXZgU-s", "hostPageUrl": "https:\/\/www.youtube.com\/watch?v=GWIrOXZgU-s", "encodingFormat": "h264", "hostPageDisplayUrl": "https:\/\/www.youtube.com\/watch?v=GWIrOXZgU-s", "width": 1280, "height": 720, "duration": "PT19M39S", "motionThumbnailUrl": "https:\/\/tse3.mm.bing.net\/th?id=OM1.gWzUammRVg8wPQ&pid=Api", "embedHtml": "<iframe width=\"1280\" height=\"720\" src=\"https:\/\/www.youtube.com\/embed\/GWIrOXZgU-s?autoplay=1\" frameborder=\"0\" allowfullscreen><\/iframe>", "allowHttpsEmbed": true, "viewCount": 379464, "thumbnail": {"width": 480, "height": 360}, "videoId": "3D300F5691696AD46C813D300F5691696AD46C81", "allowMobileEmbed": true, "isSuperfresh": false}, {"webSearchUrl": "https:\/\/www.bing.com\/videos\/search?q=minecraft&view=detail&mid=D3DCF2EE7C6FE92E3922D3DCF2EE7C6FE92E3922", "name": "GEBURT bis TOD von IsyCheesy! ✿ Minecraft [Deutsch\/HD]", "description": "🥰 GEBURT bis TOD von IsyCheesy! Minecraft [Deutsch\/HD] 🔥 Isymaus Shop ↪ https:\/\/isymaus.shop\/ 💕 Partner ↪ Nitrado Server: https:\/\/www.nitrado-aff.com\/33G977\/D42TT\/ ↪ Teamspeak: https:\/\/isycheesy.de\/partner\/teamspeak 🔥 Isymaus Shop ↪ https:\/\/isymaus.shop\/ 🌐 Social-Media-Kanäle ↪ Twitter • https:\/\/isycheesy.de\/twitter ...", "thumbnailUrl": "https:\/\/tse1.mm.bing.net\/th?id=OVP.wAi0QIbeSddpxhWmKrAVKQHgFo&pid=Api", "datePublished": "2022-06-25T13:45:04.0000000", "publisher": [{"name": "YouTube"}], "creator": {"name": "IsyCheesy"}, "isAccessibleForFree": true, "isFamilyFriendly": true, "contentUrl": "https:\/\/www.youtube.com\/watch?v=dwuGwHOz5Xw", "hostPageUrl": "https:\/\/www.youtube.com\/watch?v=dwuGwHOz5Xw", "encodingFormat": "h264", "hostPageDisplayUrl": "https:\/\/www.youtube.com\/watch?v=dwuGwHOz5Xw", "width": 1280, "height": 720, "duration": "PT23M45S", "motionThumbnailUrl": "https:\/\/tse1.mm.bing.net\/th?id=OM.Ijku6W987vLc0w_1667000933&pid=Api", "embedHtml": "<iframe width=\"1280\" height=\"720\" src=\"https:\/\/www.youtube.com\/embed\/dwuGwHOz5Xw?autoplay=1\" frameborder=\"0\" allowfullscreen><\/iframe>", "allowHttpsEmbed": true, "viewCount": 432649, "thumbnail": {"width": 480, "height": 360}, "videoId": "D3DCF2EE7C6FE92E3922D3DCF2EE7C6FE92E3922", "allowMobileEmbed": true, "isSuperfresh": false}, {"webSearchUrl": "https:\/\/www.bing.com\/videos\/search?q=minecraft&view=detail&mid=01FE8C82E825026861CF01FE8C82E825026861CF", "name": "Ich BRENNE das Dorf NIEDER! ☆ Minecraft FLUCHT 3 #22", "description": "Der Paluten Shop: http:\/\/paluten.shop Mein neues Buch: https:\/\/amzn.to\/30Bzin1 * Der Paluten Stuhl: https:\/\/bit.ly\/3a0AgPN * Mein erstes Buch: https:\/\/amzn.to\/3lcfbVT * Mein erster Comic https:\/\/amzn.to\/30BKznt * _____________________________________________________ Twitter http:\/\/goo.gl\/FvikcE Instagram http:\/\/goo.gl\/J0M0Oc Die mit ...", "thumbnailUrl": "https:\/\/tse1.mm.bing.net\/th?id=OVP.pixnUspwIUVdVCwbMlHf9QHgFo&pid=Api", "datePublished": "2022-01-02T09:00:30.0000000", "publisher": [{"name": "YouTube"}], "creator": {"name": "Paluten"}, "isAccessibleForFree": true, "isFamilyFriendly": true, "contentUrl": "https:\/\/www.youtube.com\/watch?v=eV1W2k1o0fo", "hostPageUrl": "https:\/\/www.youtube.com\/watch?v=eV1W2k1o0fo", "encodingFormat": "h264", "hostPageDisplayUrl": "https:\/\/www.youtube.com\/watch?v=eV1W2k1o0fo", "width": 1280, "height": 720, "duration": "PT14M20S", "motionThumbnailUrl": "https:\/\/tse4.mm.bing.net\/th?id=OM.z2FoAiXogoz-AQ_1664029410&pid=Api", "embedHtml": "<iframe width=\"1280\" height=\"720\" src=\"https:\/\/www.youtube.com\/embed\/eV1W2k1o0fo?autoplay=1\" frameborder=\"0\" allowfullscreen><\/iframe>", "allowHttpsEmbed": true, "viewCount": 418745, "thumbnail": {"width": 480, "height": 360}, "videoId": "01FE8C82E825026861CF01FE8C82E825026861CF", "allowMobileEmbed": true, "isSuperfresh": false}, {"webSearchUrl": "https:\/\/www.bing.com\/videos\/search?q=minecraft&view=detail&mid=BD05CEA26534C5112066BD05CEA26534C5112066", "name": "MINECRAFT, ABER L̺̩̮̙̝̩E̬͇̭̲̜G̥͠ͅO̼͍̙̳̬̮̫.̨̟E͔̹X̧É̬̦̗̺̖ VERFOLGT UNS?!", "description": "🦝🐶 *NEU* PLÜSCHTIERE: http:\/\/shop.chaosflo44.com 💼🍉 *NEU* PROFESSOR KOFFER: http:\/\/shop.chaosflo44.com ★★★ 👑🎉 *NEU* DUNKEL GOLD: http:\/\/shop.chaosflo44.com ↓FÜR MEHR MINECRAFT VERFOLGT MIT ISY MACHT FOLGENDES↓ 🍉 Abonnieren + 🔔 um kein Video mehr zu verpassen! 👍 Daumen hoch für mehr Videos dieser Art! :D ...", "thumbnailUrl": "https:\/\/tse2.mm.bing.net\/th?id=OVP.cYl8E5pkcyKZLffHGefjgQHgFo&pid=Api", "datePublished": "2022-09-23T10:00:24.0000000", "publisher": [{"name": "YouTube"}], "creator": {"name": "Chaosflo44"}, "isAccessibleForFree": true, "isFamilyFriendly": true, "contentUrl": "https:\/\/www.youtube.com\/watch?v=n0g-ZbjBypI", "hostPageUrl": "https:\/\/www.youtube.com\/watch?v=n0g-ZbjBypI", "encodingFormat": "h264", "hostPageDisplayUrl": "https:\/\/www.youtube.com\/watch?v=n0g-ZbjBypI", "width": 1280, "height": 720, "duration": "PT20M6S", "motionThumbnailUrl": "https:\/\/tse2.mm.bing.net\/th?id=OM2.ZiARxTRlos4FvQ&pid=Api", "embedHtml": "<iframe width=\"1280\" height=\"720\" src=\"https:\/\/www.youtube.com\/embed\/n0g-ZbjBypI?autoplay=1\" frameborder=\"0\" allowfullscreen><\/iframe>", "allowHttpsEmbed": true, "viewCount": 130915, "thumbnail": {"width": 480, "height": 360}, "videoId": "BD05CEA26534C5112066BD05CEA26534C5112066", "allowMobileEmbed": true, "isSuperfresh": false}, {"webSearchUrl": "https:\/\/www.bing.com\/videos\/search?q=minecraft&view=detail&mid=2E1F7EFA56E17E0394F92E1F7EFA56E17E0394F9", "name": "TIKTOK WERKZEUGE in Minecraft", "description": "TikTok Werkzeuge in Minecraft 👕 Benx Shop https:\/\/www.benx.shop ¹ 📚 Mein neues Buch https:\/\/amzn.to\/3Ew1cmp ¹ _____________________________________________________ 📷 Instagram: https:\/\/instagram.com\/DoctorBenx 💜 Twitch: https:\/\/www.twitch.tv\/benx 💸 Fortnite Creator Code: Benson 💳 Roblox Creator Code: Benx 📨 Geschäftliche ...", "thumbnailUrl": "https:\/\/tse2.mm.bing.net\/th?id=OVP.6sJ4WJrph-_QCCUJ71nqZQHgFo&pid=Api", "datePublished": "2022-08-01T17:01:14.0000000", "publisher": [{"name": "YouTube"}], "creator": {"name": "Benx"}, "isAccessibleForFree": true, "isFamilyFriendly": true, "contentUrl": "https:\/\/www.youtube.com\/watch?v=yPOMkPZKKrY", "hostPageUrl": "https:\/\/www.youtube.com\/watch?v=yPOMkPZKKrY", "encodingFormat": "h264", "hostPageDisplayUrl": "https:\/\/www.youtube.com\/watch?v=yPOMkPZKKrY", "width": 1280, "height": 720, "duration": "PT14M1S", "motionThumbnailUrl": "https:\/\/tse3.mm.bing.net\/th?id=OM2.-ZQDfuFW-n4fLg&pid=Api", "embedHtml": "<iframe width=\"1280\" height=\"720\" src=\"https:\/\/www.youtube.com\/embed\/yPOMkPZKKrY?autoplay=1\" frameborder=\"0\" allowfullscreen><\/iframe>", "allowHttpsEmbed": true, "viewCount": 480660, "thumbnail": {"width": 480, "height": 360}, "videoId": "2E1F7EFA56E17E0394F92E1F7EFA56E17E0394F9", "allowMobileEmbed": true, "isSuperfresh": false}, {"webSearchUrl": "https:\/\/www.bing.com\/videos\/search?q=minecraft&view=detail&mid=1AE91ACF04E81C8294B91AE91ACF04E81C8294B9", "name": "Wir haben OP WERKZEUGE als HAUSTIERE! - Minecraft", "description": "Wir haben Werkzeug Haustiere in Minecraft 👕 Benx Shop https:\/\/www.benx.shop ¹ 📚 Mein neues Buch https:\/\/amzn.to\/3Ew1cmp ¹ _____________________________________________________ 📷 Instagram: https:\/\/instagram.com\/DoctorBenx 💜 Twitch: https:\/\/www.twitch.tv\/benx 💸 Fortnite Creator Code: Benson 💳 Roblox Creator Code: Benx 📨 ...", "thumbnailUrl": "https:\/\/tse1.mm.bing.net\/th?id=OVP.d1UbX8CMf0VFVX2lmt_c-AHgFo&pid=Api", "datePublished": "2022-07-12T16:24:54.0000000", "publisher": [{"name": "YouTube"}], "creator": {"name": "Benx"}, "isAccessibleForFree": true, "isFamilyFriendly": true, "contentUrl": "https:\/\/www.youtube.com\/watch?v=kO87zVQvHCk", "hostPageUrl": "https:\/\/www.youtube.com\/watch?v=kO87zVQvHCk", "encodingFormat": "h264", "hostPageDisplayUrl": "https:\/\/www.youtube.com\/watch?v=kO87zVQvHCk", "width": 1280, "height": 720, "duration": "PT19M25S", "motionThumbnailUrl": "https:\/\/tse2.mm.bing.net\/th?id=OM.uZSCHOgEzxrpGg_1666848755&pid=Api", "embedHtml": "<iframe width=\"1280\" height=\"720\" src=\"https:\/\/www.youtube.com\/embed\/kO87zVQvHCk?autoplay=1\" frameborder=\"0\" allowfullscreen><\/iframe>", "allowHttpsEmbed": true, "viewCount": 402924, "thumbnail": {"width": 480, "height": 360}, "videoId": "1AE91ACF04E81C8294B91AE91ACF04E81C8294B9", "allowMobileEmbed": true, "isSuperfresh": false}, {"webSearchUrl": "https:\/\/www.bing.com\/videos\/search?q=minecraft&view=detail&mid=6B0E9C158FF6CEF3A6DC6B0E9C158FF6CEF3A6DC", "name": "WIR SIND GEFANGEN im BEDROCK RÄTSEL WÜRFEL!", "description": "Wir brechen aus dem sichersten Bedrock Gefängnis aus. 👕 Benx Shop https:\/\/www.benx.shop ¹ 📚 Mein neues Buch https:\/\/amzn.to\/3Ew1cmp ¹ _____________________________________________________ Map: https:\/\/www.curseforge.com\/minecraft\/worlds\/the-escape-vii 📷 Instagram: https:\/\/instagram.com\/DoctorBenx 💜 Twitch: https:\/\/www.twitch.tv ...", "thumbnailUrl": "https:\/\/tse4.mm.bing.net\/th?id=OVP.ABUh5qCn2tiVkrkgB58WRQHgFo&pid=Api", "datePublished": "2022-07-22T17:28:56.0000000", "publisher": [{"name": "YouTube"}], "creator": {"name": "Benx"}, "isAccessibleForFree": true, "isFamilyFriendly": true, "contentUrl": "https:\/\/www.youtube.com\/watch?v=O7sKj9BXe2Q", "hostPageUrl": "https:\/\/www.youtube.com\/watch?v=O7sKj9BXe2Q", "encodingFormat": "h264", "hostPageDisplayUrl": "https:\/\/www.youtube.com\/watch?v=O7sKj9BXe2Q", "width": 1280, "height": 720, "duration": "PT19M59S", "motionThumbnailUrl": "https:\/\/tse1.mm.bing.net\/th?id=OM1.3KbzzvaPFZwOaw&pid=Api", "embedHtml": "<iframe width=\"1280\" height=\"720\" src=\"https:\/\/www.youtube.com\/embed\/O7sKj9BXe2Q?autoplay=1\" frameborder=\"0\" allowfullscreen><\/iframe>", "allowHttpsEmbed": true, "viewCount": 459483, "thumbnail": {"width": 480, "height": 360}, "videoId": "6B0E9C158FF6CEF3A6DC6B0E9C158FF6CEF3A6DC", "allowMobileEmbed": true, "isSuperfresh": false}, {"webSearchUrl": "https:\/\/www.bing.com\/videos\/search?q=minecraft&view=detail&mid=337A11237C08C6864663337A11237C08C6864663", "name": "GEBURT bis TOD als HACKER! ✿ Minecraft [Deutsch\/HD]", "description": "🥰 GEBURT bis TOD als HACKER! Minecraft [Deutsch\/HD] 🔥 Isymaus Shop ↪ https:\/\/isymaus.shop\/ 💕 Partner ↪ Nitrado Server: https:\/\/www.nitrado-aff.com\/33G977\/D42TT\/ ↪ Teamspeak: https:\/\/isycheesy.de\/partner\/teamspeak 🔥 Isymaus Shop ↪ https:\/\/isymaus.shop\/ 🌐 Social-Media-Kanäle ↪ Twitter • https:\/\/isycheesy.de\/twitter ↪ ...", "thumbnailUrl": "https:\/\/tse1.mm.bing.net\/th?id=OVP.p0UZVn7MpLSwdWswZB_ylwHgFo&pid=Api", "datePublished": "2022-08-20T13:44:01.0000000", "publisher": [{"name": "YouTube"}], "creator": {"name": "IsyCheesy"}, "isAccessibleForFree": true, "isFamilyFriendly": true, "contentUrl": "https:\/\/www.youtube.com\/watch?v=t48OTm8zG84", "hostPageUrl": "https:\/\/www.youtube.com\/watch?v=t48OTm8zG84", "encodingFormat": "h264", "hostPageDisplayUrl": "https:\/\/www.youtube.com\/watch?v=t48OTm8zG84", "width": 1280, "height": 720, "duration": "PT18M12S", "motionThumbnailUrl": "https:\/\/tse1.mm.bing.net\/th?id=OM1.Y0aGxgh8IxF6Mw&pid=Api", "embedHtml": "<iframe width=\"1280\" height=\"720\" src=\"https:\/\/www.youtube.com\/embed\/t48OTm8zG84?autoplay=1\" frameborder=\"0\" allowfullscreen><\/iframe>", "allowHttpsEmbed": true, "viewCount": 512228, "thumbnail": {"width": 480, "height": 360}, "videoId": "337A11237C08C6864663337A11237C08C6864663", "allowMobileEmbed": true, "isSuperfresh": false}, {"webSearchUrl": "https:\/\/www.bing.com\/videos\/search?q=minecraft&view=detail&mid=BB414F9CF0AFECD636C1BB414F9CF0AFECD636C1", "name": "GEWINNE DAS RENNEN gegen ALLE BÖSEWICHTE?! - Minecraft Spongebob", "description": "🔹🔹DAS NEUE COMIC ADVENTURE 5 IST DA* https:\/\/amz.run\/5RhU 🔹HOLE DIR JETZT DEN DOKTOR AUGE im SHOP! *: https:\/\/shop.arazhul.de ️ ALLE FOLGEN Minecraft Spongebob hier anschauen - https:\/\/youtube.com\/playlist?list=PL9GbGAd-gY1ogOB_ZXgdoSpH1hLeY7Xdr Hier kostenlos abonnieren auf YouTube: http:\/\/bit.ly\/AraSoldat Lars: https:\/\/www.youtube ...", "thumbnailUrl": "https:\/\/tse3.mm.bing.net\/th?id=OVP.SE31HyES01L_o8GokacjqgHgFo&pid=Api", "datePublished": "2022-08-08T11:00:32.0000000", "publisher": [{"name": "YouTube"}], "creator": {"name": "Arazhul"}, "isAccessibleForFree": true, "isFamilyFriendly": true, "contentUrl": "https:\/\/www.youtube.com\/watch?v=cNs44J2Im6g", "hostPageUrl": "https:\/\/www.youtube.com\/watch?v=cNs44J2Im6g", "encodingFormat": "h264", "hostPageDisplayUrl": "https:\/\/www.youtube.com\/watch?v=cNs44J2Im6g", "width": 1280, "height": 720, "duration": "PT16M22S", "motionThumbnailUrl": "https:\/\/tse1.mm.bing.net\/th?id=OM2.wTbW7K_wnE9Buw&pid=Api", "embedHtml": "<iframe width=\"1280\" height=\"720\" src=\"https:\/\/www.youtube.com\/embed\/cNs44J2Im6g?autoplay=1\" frameborder=\"0\" allowfullscreen><\/iframe>", "allowHttpsEmbed": true, "viewCount": 238972, "thumbnail": {"width": 480, "height": 360}, "videoId": "BB414F9CF0AFECD636C1BB414F9CF0AFECD636C1", "allowMobileEmbed": true, "isSuperfresh": false}, {"webSearchUrl": "https:\/\/www.bing.com\/videos\/search?q=minecraft&view=detail&mid=0CE257261509DE581F7C0CE257261509DE581F7C", "name": "MEIN NEUES LUXUS HAUS im NETHER?!", "description": "🔹🔹DAS NEUE COMIC ADVENTURE 5 IST DA* https:\/\/amz.run\/5RhU 🔹HOLE DIR JETZT DEN DOKTOR AUGE im SHOP! *: https:\/\/shop.arazhul.de ️ ALLE FOLGEN Minecraft hier anschauen - https:\/\/bit.ly\/3xHCX31 Hier kostenlos abonnieren auf YouTube: http:\/\/bit.ly\/AraSoldat Lars: https:\/\/www.youtube.com\/user\/LarsOderSo ...", "thumbnailUrl": "https:\/\/tse2.mm.bing.net\/th?id=OVP.qT5N63lopjED__WkeIz_1gEsDh&pid=Api", "datePublished": "2022-07-29T11:00:15.0000000", "publisher": [{"name": "YouTube"}], "creator": {"name": "Arazhul"}, "isAccessibleForFree": true, "isFamilyFriendly": true, "contentUrl": "https:\/\/www.youtube.com\/watch?v=Rky9hCAQYgo", "hostPageUrl": "https:\/\/www.youtube.com\/watch?v=Rky9hCAQYgo", "encodingFormat": "h264", "hostPageDisplayUrl": "https:\/\/www.youtube.com\/watch?v=Rky9hCAQYgo", "width": 1280, "height": 720, "duration": "PT15M57S", "motionThumbnailUrl": "https:\/\/tse2.mm.bing.net\/th?id=OM.fB9Y3gkVJlfiDA_1668278997&pid=Api", "embedHtml": "<iframe width=\"1280\" height=\"720\" src=\"https:\/\/www.youtube.com\/embed\/Rky9hCAQYgo?autoplay=1\" frameborder=\"0\" allowfullscreen><\/iframe>", "allowHttpsEmbed": true, "viewCount": 245983, "thumbnail": {"width": 300, "height": 225}, "videoId": "0CE257261509DE581F7C0CE257261509DE581F7C", "allowMobileEmbed": true, "isSuperfresh": false}, {"webSearchUrl": "https:\/\/www.bing.com\/videos\/search?q=minecraft&view=detail&mid=CE82866F15B21C278943CE82866F15B21C278943", "name": "Wir LAUFEN über eine DREHENDE BRÜCKE! - Minecraft", "description": "Ein Realistischer Parkour in Minecraft 👕 Benx Shop https:\/\/www.benx.shop ¹ 📚 Mein neues Buch https:\/\/amzn.to\/3Ew1cmp ¹ _____________________________________________________ 📷 Instagram: https:\/\/instagram.com\/DoctorBenx 💜 Twitch: https:\/\/www.twitch.tv\/benx 💸 Fortnite Creator Code: Benson 💳 Roblox Creator Code: Benx 📨 ...", "thumbnailUrl": "https:\/\/tse4.mm.bing.net\/th?id=OVP.XdZzRYLpbx_B0jhWtyJu4QHgFo&pid=Api", "datePublished": "2022-07-26T16:29:51.0000000", "publisher": [{"name": "YouTube"}], "creator": {"name": "Benx"}, "isAccessibleForFree": true, "isFamilyFriendly": true, "contentUrl": "https:\/\/www.youtube.com\/watch?v=OxazIGSIJhg", "hostPageUrl": "https:\/\/www.youtube.com\/watch?v=OxazIGSIJhg", "encodingFormat": "h264", "hostPageDisplayUrl": "https:\/\/www.youtube.com\/watch?v=OxazIGSIJhg", "width": 1280, "height": 720, "duration": "PT13M27S", "motionThumbnailUrl": "https:\/\/tse4.mm.bing.net\/th?id=OM1.Q4knHLIVb4aCzg&pid=Api", "embedHtml": "<iframe width=\"1280\" height=\"720\" src=\"https:\/\/www.youtube.com\/embed\/OxazIGSIJhg?autoplay=1\" frameborder=\"0\" allowfullscreen><\/iframe>", "allowHttpsEmbed": true, "viewCount": 211271, "thumbnail": {"width": 480, "height": 360}, "videoId": "CE82866F15B21C278943CE82866F15B21C278943", "allowMobileEmbed": true, "isSuperfresh": false}, {"webSearchUrl": "https:\/\/www.bing.com\/videos\/search?q=minecraft&view=detail&mid=C1E8C72F8CD91D255267C1E8C72F8CD91D255267", "name": "CHAOSFLO44 vs. ISYCHEESY HAUS?! - Minecraft TSUNAMI", "description": "🌊🦈 *LIMITIERT* SOMMER EDITION: http:\/\/shop.chaosflo44.com 🌴🌿 *NEU* TOTEM ALL-OVER PRINT: http:\/\/shop.chaosflo44.com ★★★ 🎁🍉 *GRATIS* SCHATZ TICKET: http:\/\/shop.chaosflo44.com ↓FÜR MEHR MINECRAFT TSUNAMI MIT ISY MACHT FOLGENDES↓ 🍉 Abonnieren + 🔔 um kein Video mehr zu verpassen! 👍 Daumen hoch für mehr Videos ...", "thumbnailUrl": "https:\/\/tse1.mm.bing.net\/th?id=OVP.3KvcyrBPn1gt8qeJk3E6CAHgFo&pid=Api", "datePublished": "2022-08-02T10:00:32.0000000", "publisher": [{"name": "YouTube"}], "creator": {"name": "Chaosflo44"}, "isAccessibleForFree": true, "isFamilyFriendly": true, "contentUrl": "https:\/\/www.youtube.com\/watch?v=gINQATb4SSE", "hostPageUrl": "https:\/\/www.youtube.com\/watch?v=gINQATb4SSE", "encodingFormat": "h264", "hostPageDisplayUrl": "https:\/\/www.youtube.com\/watch?v=gINQATb4SSE", "width": 1280, "height": 720, "duration": "PT15M10S", "motionThumbnailUrl": "https:\/\/tse2.mm.bing.net\/th?id=OM.Z1IlHdmML8fowQ_1668285333&pid=Api", "embedHtml": "<iframe width=\"1280\" height=\"720\" src=\"https:\/\/www.youtube.com\/embed\/gINQATb4SSE?autoplay=1\" frameborder=\"0\" allowfullscreen><\/iframe>", "allowHttpsEmbed": true, "viewCount": 224229, "thumbnail": {"width": 480, "height": 360}, "videoId": "C1E8C72F8CD91D255267C1E8C72F8CD91D255267", "allowMobileEmbed": true, "isSuperfresh": false}, {"webSearchUrl": "https:\/\/www.bing.com\/videos\/search?q=minecraft&view=detail&mid=293F9E3B673797C6DDB2293F9E3B673797C6DDB2", "name": "ICH RETTE EINE FEE IN MINECRAFT?!?!", "description": "🔹🔹DAS NEUE COMIC ADVENTURE 5 IST DA* https:\/\/amz.run\/5RhU 🔹HOLE DIR JETZT DEN DOKTOR AUGE im SHOP! *: https:\/\/shop.arazhul.de ️ ALLE FOLGEN Minecraft hier anschauen - https:\/\/bit.ly\/3xHCX31 Hier kostenlos abonnieren auf YouTube: http:\/\/bit.ly\/AraSoldat Lars: https:\/\/www.youtube.com\/user\/LarsOderSo ...", "thumbnailUrl": "https:\/\/tse1.mm.bing.net\/th?id=OVP.2u6MFYpBCgd9ZjH9bWV1igHgFo&pid=Api", "datePublished": "2022-07-01T11:00:52.0000000", "publisher": [{"name": "YouTube"}], "creator": {"name": "Arazhul"}, "isAccessibleForFree": true, "isFamilyFriendly": true, "contentUrl": "https:\/\/www.youtube.com\/watch?v=2mirWBzWA6Q", "hostPageUrl": "https:\/\/www.youtube.com\/watch?v=2mirWBzWA6Q", "encodingFormat": "h264", "hostPageDisplayUrl": "https:\/\/www.youtube.com\/watch?v=2mirWBzWA6Q", "width": 1280, "height": 720, "duration": "PT24M18S", "motionThumbnailUrl": "https:\/\/tse2.mm.bing.net\/th?id=OM.st3GlzdnO54_KQ_1666915167&pid=Api", "embedHtml": "<iframe width=\"1280\" height=\"720\" src=\"https:\/\/www.youtube.com\/embed\/2mirWBzWA6Q?autoplay=1\" frameborder=\"0\" allowfullscreen><\/iframe>", "allowHttpsEmbed": true, "viewCount": 500413, "thumbnail": {"width": 480, "height": 360}, "videoId": "293F9E3B673797C6DDB2293F9E3B673797C6DDB2", "allowMobileEmbed": true, "isSuperfresh": false}, {"webSearchUrl": "https:\/\/www.bing.com\/videos\/search?q=minecraft&view=detail&mid=164B9EF38206D6722E15164B9EF38206D6722E15", "name": "Someone Opened The Warden's Portal..", "description": "SUBSCRIBE FOR BIG HUGS In this DanTDM Minecraft video, I react to the Minecraft Reddit where someone has figured out how to open the Minecraft Warden's Portal! Warden Portal Datapack Creator: https:\/\/www.planetminecraft.com\/data-pack\/the-nyctocosm-wip\/ Edited by: https:\/\/twitter.com\/Bree7eEdits Twitter: http:\/\/www.twitter.com\/DanTDM Instagram ...", "thumbnailUrl": "https:\/\/tse4.mm.bing.net\/th?id=OVP.O_PLcms4Te0sv40Cc_AaiQHgFo&pid=Api", "datePublished": "2022-08-31T17:00:27.0000000", "publisher": [{"name": "YouTube"}], "creator": {"name": "DanTDM"}, "isAccessibleForFree": true, "isFamilyFriendly": true, "contentUrl": "https:\/\/www.youtube.com\/watch?v=Q1JjEPV4uOE", "hostPageUrl": "https:\/\/www.youtube.com\/watch?v=Q1JjEPV4uOE", "encodingFormat": "h264", "hostPageDisplayUrl": "https:\/\/www.youtube.com\/watch?v=Q1JjEPV4uOE", "width": 1280, "height": 720, "duration": "PT13M50S", "motionThumbnailUrl": "https:\/\/tse1.mm.bing.net\/th?id=OM.FS5y1gaC855LFg&pid=Api", "embedHtml": "<iframe width=\"1280\" height=\"720\" src=\"https:\/\/www.youtube.com\/embed\/Q1JjEPV4uOE?autoplay=1\" frameborder=\"0\" allowfullscreen><\/iframe>", "allowHttpsEmbed": true, "viewCount": 2616322, "thumbnail": {"width": 480, "height": 360}, "videoId": "164B9EF38206D6722E15164B9EF38206D6722E15", "allowMobileEmbed": true, "isSuperfresh": false}], "nextOffset": 36, "pivotSuggestions": [{"pivot": "minecraft", "suggestions": [{"text": "Roblox", "displayText": "Roblox", "webSearchUrl": "https:\/\/www.bing.com\/videos\/search?q=Roblox&tq=%7b%22pq%22%3a%22minecraft%22%2c%22qs%22%3a%5b%7b%22cv%22%3a%22minecraft%22%2c%22pv%22%3a%22minecraft%22%2c%22hps%22%3atrue%2c%22iqp%22%3afalse%7d%2c%7b%22cv%22%3a%22Roblox%22%2c%22pv%22%3a%22%22%2c%22hps%22%3afalse%2c%22iqp%22%3atrue%7d%5d%7d&FORM=VRQBPS", "searchLink": "https:\/\/api.bing.microsoft.com\/api\/v7\/videos\/search?q=Roblox&tq=%7b%22pq%22%3a%22minecraft%22%2c%22qs%22%3a%5b%7b%22cv%22%3a%22minecraft%22%2c%22pv%22%3a%22minecraft%22%2c%22hps%22%3atrue%2c%22iqp%22%3afalse%7d%2c%7b%22cv%22%3a%22Roblox%22%2c%22pv%22%3a%22%22%2c%22hps%22%3afalse%2c%22iqp%22%3atrue%7d%5d%7d", "thumbnail": {"thumbnailUrl": "https:\/\/tse1.mm.bing.net\/th?q=Roblox&pid=Api&mkt=de-DE&cc=DE&setlang=de&adlt=moderate&t=1"}}, {"text": "Flappy Bird", "displayText": "Flappy Bird", "webSearchUrl": "https:\/\/www.bing.com\/videos\/search?q=Flappy+Bird&tq=%7b%22pq%22%3a%22minecraft%22%2c%22qs%22%3a%5b%7b%22cv%22%3a%22minecraft%22%2c%22pv%22%3a%22minecraft%22%2c%22hps%22%3atrue%2c%22iqp%22%3afalse%7d%2c%7b%22cv%22%3a%22Flappy+Bird%22%2c%22pv%22%3a%22%22%2c%22hps%22%3afalse%2c%22iqp%22%3atrue%7d%5d%7d&FORM=VRQBPS", "searchLink": "https:\/\/api.bing.microsoft.com\/api\/v7\/videos\/search?q=Flappy+Bird&tq=%7b%22pq%22%3a%22minecraft%22%2c%22qs%22%3a%5b%7b%22cv%22%3a%22minecraft%22%2c%22pv%22%3a%22minecraft%22%2c%22hps%22%3atrue%2c%22iqp%22%3afalse%7d%2c%7b%22cv%22%3a%22Flappy+Bird%22%2c%22pv%22%3a%22%22%2c%22hps%22%3afalse%2c%22iqp%22%3atrue%7d%5d%7d", "thumbnail": {"thumbnailUrl": "https:\/\/tse4.mm.bing.net\/th?q=Flappy+Bird&pid=Api&mkt=de-DE&cc=DE&setlang=de&adlt=moderate&t=1"}}, {"text": "World Of Warcraft", "displayText": "World Of Warcraft", "webSearchUrl": "https:\/\/www.bing.com\/videos\/search?q=World+Of+Warcraft&tq=%7b%22pq%22%3a%22minecraft%22%2c%22qs%22%3a%5b%7b%22cv%22%3a%22minecraft%22%2c%22pv%22%3a%22minecraft%22%2c%22hps%22%3atrue%2c%22iqp%22%3afalse%7d%2c%7b%22cv%22%3a%22World+Of+Warcraft%22%2c%22pv%22%3a%22%22%2c%22hps%22%3afalse%2c%22iqp%22%3atrue%7d%5d%7d&FORM=VRQBPS", "searchLink": "https:\/\/api.bing.microsoft.com\/api\/v7\/videos\/search?q=World+Of+Warcraft&tq=%7b%22pq%22%3a%22minecraft%22%2c%22qs%22%3a%5b%7b%22cv%22%3a%22minecraft%22%2c%22pv%22%3a%22minecraft%22%2c%22hps%22%3atrue%2c%22iqp%22%3afalse%7d%2c%7b%22cv%22%3a%22World+Of+Warcraft%22%2c%22pv%22%3a%22%22%2c%22hps%22%3afalse%2c%22iqp%22%3atrue%7d%5d%7d", "thumbnail": {"thumbnailUrl": "https:\/\/tse4.mm.bing.net\/th?q=World+Of+Warcraft&pid=Api&mkt=de-DE&cc=DE&setlang=de&adlt=moderate&t=1"}}]}], "relatedSearches": [{"text": "Minecraft Games", "displayText": "Minecraft Games", "webSearchUrl": "https:\/\/www.bing.com\/videos\/search?q=Minecraft+Games&FORM=VRPATC", "searchLink": "https:\/\/api.bing.microsoft.com\/api\/v7\/videos\/search?q=Minecraft+Games", "thumbnail": {"thumbnailUrl": "https:\/\/tse3.mm.bing.net\/th?q=Minecraft+Games&pid=Api&mkt=de-DE&cc=DE&setlang=de&adlt=moderate&t=1"}}, {"text": "Minecraft Live", "displayText": "Minecraft Live", "webSearchUrl": "https:\/\/www.bing.com\/videos\/search?q=Minecraft+Live&FORM=VRPATC", "searchLink": "https:\/\/api.bing.microsoft.com\/api\/v7\/videos\/search?q=Minecraft+Live", "thumbnail": {"thumbnailUrl": "https:\/\/tse4.mm.bing.net\/th?q=Minecraft+Live&pid=Api&mkt=de-DE&cc=DE&setlang=de&adlt=moderate&t=1"}}, {"text": "Minecraft Deutsch", "displayText": "Minecraft Deutsch", "webSearchUrl": "https:\/\/www.bing.com\/videos\/search?q=Minecraft+Deutsch&FORM=VRPATC", "searchLink": "https:\/\/api.bing.microsoft.com\/api\/v7\/videos\/search?q=Minecraft+Deutsch", "thumbnail": {"thumbnailUrl": "https:\/\/tse2.mm.bing.net\/th?q=Minecraft+Deutsch&pid=Api&mkt=de-DE&cc=DE&setlang=de&adlt=moderate&t=1"}}, {"text": "Minecraft Mine", "displayText": "Minecraft Mine", "webSearchUrl": "https:\/\/www.bing.com\/videos\/search?q=Minecraft+Mine&FORM=VRPATC", "searchLink": "https:\/\/api.bing.microsoft.com\/api\/v7\/videos\/search?q=Minecraft+Mine", "thumbnail": {"thumbnailUrl": "https:\/\/tse1.mm.bing.net\/th?q=Minecraft+Mine&pid=Api&mkt=de-DE&cc=DE&setlang=de&adlt=moderate&t=1"}}, {"text": "Minecraft Survival", "displayText": "Minecraft Survival", "webSearchUrl": "https:\/\/www.bing.com\/videos\/search?q=Minecraft+Survival&FORM=VRPATC", "searchLink": "https:\/\/api.bing.microsoft.com\/api\/v7\/videos\/search?q=Minecraft+Survival", "thumbnail": {"thumbnailUrl": "https:\/\/tse2.mm.bing.net\/th?q=Minecraft+Survival&pid=Api&mkt=de-DE&cc=DE&setlang=de&adlt=moderate&t=1"}}, {"text": "Minecraft House", "displayText": "Minecraft House", "webSearchUrl": "https:\/\/www.bing.com\/videos\/search?q=Minecraft+House&FORM=VRPATC", "searchLink": "https:\/\/api.bing.microsoft.com\/api\/v7\/videos\/search?q=Minecraft+House", "thumbnail": {"thumbnailUrl": "https:\/\/tse2.mm.bing.net\/th?q=Minecraft+House&pid=Api&mkt=de-DE&cc=DE&setlang=de&adlt=moderate&t=1"}}, {"text": "Minecraft 2", "displayText": "Minecraft 2", "webSearchUrl": "https:\/\/www.bing.com\/videos\/search?q=Minecraft+2&FORM=VRPATC", "searchLink": "https:\/\/api.bing.microsoft.com\/api\/v7\/videos\/search?q=Minecraft+2", "thumbnail": {"thumbnailUrl": "https:\/\/tse4.mm.bing.net\/th?q=Minecraft+2&pid=Api&mkt=de-DE&cc=DE&setlang=de&adlt=moderate&t=1"}}, {"text": "Minecraft Aber", "displayText": "Minecraft Aber", "webSearchUrl": "https:\/\/www.bing.com\/videos\/search?q=Minecraft+Aber&FORM=VRPATC", "searchLink": "https:\/\/api.bing.microsoft.com\/api\/v7\/videos\/search?q=Minecraft+Aber", "thumbnail": {"thumbnailUrl": "https:\/\/tse2.mm.bing.net\/th?q=Minecraft+Aber&pid=Api&mkt=de-DE&cc=DE&setlang=de&adlt=moderate&t=1"}}, {"text": "Minecraft Challenges", "displayText": "Minecraft Challenges", "webSearchUrl": "https:\/\/www.bing.com\/videos\/search?q=Minecraft+Challenges&FORM=VRPATC", "searchLink": "https:\/\/api.bing.microsoft.com\/api\/v7\/videos\/search?q=Minecraft+Challenges", "thumbnail": {"thumbnailUrl": "https:\/\/tse4.mm.bing.net\/th?q=Minecraft+Challenges&pid=Api&mkt=de-DE&cc=DE&setlang=de&adlt=moderate&t=1"}}, {"text": "Minecraft Trailer", "displayText": "Minecraft Trailer", "webSearchUrl": "https:\/\/www.bing.com\/videos\/search?q=Minecraft+Trailer&FORM=VRPATC", "searchLink": "https:\/\/api.bing.microsoft.com\/api\/v7\/videos\/search?q=Minecraft+Trailer", "thumbnail": {"thumbnailUrl": "https:\/\/tse3.mm.bing.net\/th?q=Minecraft+Trailer&pid=Api&mkt=de-DE&cc=DE&setlang=de&adlt=moderate&t=1"}}, {"text": "Minecraft Update", "displayText": "Minecraft Update", "webSearchUrl": "https:\/\/www.bing.com\/videos\/search?q=Minecraft+Update&FORM=VRPATC", "searchLink": "https:\/\/api.bing.microsoft.com\/api\/v7\/videos\/search?q=Minecraft+Update", "thumbnail": {"thumbnailUrl": "https:\/\/tse3.mm.bing.net\/th?q=Minecraft+Update&pid=Api&mkt=de-DE&cc=DE&setlang=de&adlt=moderate&t=1"}}, {"text": "Minecraft Flucht", "displayText": "Minecraft Flucht", "webSearchUrl": "https:\/\/www.bing.com\/videos\/search?q=Minecraft+Flucht&FORM=VRPATC", "searchLink": "https:\/\/api.bing.microsoft.com\/api\/v7\/videos\/search?q=Minecraft+Flucht", "thumbnail": {"thumbnailUrl": "https:\/\/tse4.mm.bing.net\/th?q=Minecraft+Flucht&pid=Api&mkt=de-DE&cc=DE&setlang=de&adlt=moderate&t=1"}}, {"text": "Minecraft Server", "displayText": "Minecraft Server", "webSearchUrl": "https:\/\/www.bing.com\/videos\/search?q=Minecraft+Server&FORM=VRPATC", "searchLink": "https:\/\/api.bing.microsoft.com\/api\/v7\/videos\/search?q=Minecraft+Server", "thumbnail": {"thumbnailUrl": "https:\/\/tse1.mm.bing.net\/th?q=Minecraft+Server&pid=Api&mkt=de-DE&cc=DE&setlang=de&adlt=moderate&t=1"}}, {"text": "Minecraft Maps", "displayText": "Minecraft Maps", "webSearchUrl": "https:\/\/www.bing.com\/videos\/search?q=Minecraft+Maps&FORM=VRPATC", "searchLink": "https:\/\/api.bing.microsoft.com\/api\/v7\/videos\/search?q=Minecraft+Maps", "thumbnail": {"thumbnailUrl": "https:\/\/tse1.mm.bing.net\/th?q=Minecraft+Maps&pid=Api&mkt=de-DE&cc=DE&setlang=de&adlt=moderate&t=1"}}, {"text": "Minecraft Free", "displayText": "Minecraft Free", "webSearchUrl": "https:\/\/www.bing.com\/videos\/search?q=Minecraft+Free&FORM=VRPATC", "searchLink": "https:\/\/api.bing.microsoft.com\/api\/v7\/videos\/search?q=Minecraft+Free", "thumbnail": {"thumbnailUrl": "https:\/\/tse2.mm.bing.net\/th?q=Minecraft+Free&pid=Api&mkt=de-DE&cc=DE&setlang=de&adlt=moderate&t=1"}}, {"text": "Minecraft Monster", "displayText": "Minecraft Monster", "webSearchUrl": "https:\/\/www.bing.com\/videos\/search?q=Minecraft+Monster&FORM=VRPATC", "searchLink": "https:\/\/api.bing.microsoft.com\/api\/v7\/videos\/search?q=Minecraft+Monster", "thumbnail": {"thumbnailUrl": "https:\/\/tse4.mm.bing.net\/th?q=Minecraft+Monster&pid=Api&mkt=de-DE&cc=DE&setlang=de&adlt=moderate&t=1"}}, {"text": "Minecraft Animation", "displayText": "Minecraft Animation", "webSearchUrl": "https:\/\/www.bing.com\/videos\/search?q=Minecraft+Animation&FORM=VRPATC", "searchLink": "https:\/\/api.bing.microsoft.com\/api\/v7\/videos\/search?q=Minecraft+Animation", "thumbnail": {"thumbnailUrl": "https:\/\/tse4.mm.bing.net\/th?q=Minecraft+Animation&pid=Api&mkt=de-DE&cc=DE&setlang=de&adlt=moderate&t=1"}}, {"text": "Minecraft TNT", "displayText": "Minecraft TNT", "webSearchUrl": "https:\/\/www.bing.com\/videos\/search?q=Minecraft+TNT&FORM=VRPATC", "searchLink": "https:\/\/api.bing.microsoft.com\/api\/v7\/videos\/search?q=Minecraft+TNT", "thumbnail": {"thumbnailUrl": "https:\/\/tse2.mm.bing.net\/th?q=Minecraft+TNT&pid=Api&mkt=de-DE&cc=DE&setlang=de&adlt=moderate&t=1"}}, {"text": "Minecraft Play", "displayText": "Minecraft Play", "webSearchUrl": "https:\/\/www.bing.com\/videos\/search?q=Minecraft+Play&FORM=VRPATC", "searchLink": "https:\/\/api.bing.microsoft.com\/api\/v7\/videos\/search?q=Minecraft+Play", "thumbnail": {"thumbnailUrl": "https:\/\/tse2.mm.bing.net\/th?q=Minecraft+Play&pid=Api&mkt=de-DE&cc=DE&setlang=de&adlt=moderate&t=1"}}, {"text": "Minecraft 2021", "displayText": "Minecraft 2021", "webSearchUrl": "https:\/\/www.bing.com\/videos\/search?q=Minecraft+2021&FORM=VRPATC", "searchLink": "https:\/\/api.bing.microsoft.com\/api\/v7\/videos\/search?q=Minecraft+2021", "thumbnail": {"thumbnailUrl": "https:\/\/tse1.mm.bing.net\/th?q=Minecraft+2021&pid=Api&mkt=de-DE&cc=DE&setlang=de&adlt=moderate&t=1"}}, {"text": "Minecraft MIT Luca", "displayText": "Minecraft MIT Luca", "webSearchUrl": "https:\/\/www.bing.com\/videos\/search?q=Minecraft+MIT+Luca&FORM=VRPATC", "searchLink": "https:\/\/api.bing.microsoft.com\/api\/v7\/videos\/search?q=Minecraft+MIT+Luca", "thumbnail": {"thumbnailUrl": "https:\/\/tse3.mm.bing.net\/th?q=Minecraft+MIT+Luca&pid=Api&mkt=de-DE&cc=DE&setlang=de&adlt=moderate&t=1"}}, {"text": "Minecraft Geist 2", "displayText": "Minecraft Geist 2", "webSearchUrl": "https:\/\/www.bing.com\/videos\/search?q=Minecraft+Geist+2&FORM=VRPATC", "searchLink": "https:\/\/api.bing.microsoft.com\/api\/v7\/videos\/search?q=Minecraft+Geist+2", "thumbnail": {"thumbnailUrl": "https:\/\/tse4.mm.bing.net\/th?q=Minecraft+Geist+2&pid=Api&mkt=de-DE&cc=DE&setlang=de&adlt=moderate&t=1"}}, {"text": "Minecraft Base", "displayText": "Minecraft Base", "webSearchUrl": "https:\/\/www.bing.com\/videos\/search?q=Minecraft+Base&FORM=VRPATC", "searchLink": "https:\/\/api.bing.microsoft.com\/api\/v7\/videos\/search?q=Minecraft+Base", "thumbnail": {"thumbnailUrl": "https:\/\/tse3.mm.bing.net\/th?q=Minecraft+Base&pid=Api&mkt=de-DE&cc=DE&setlang=de&adlt=moderate&t=1"}}, {"text": "Minecraft Blocks", "displayText": "Minecraft Blocks", "webSearchUrl": "https:\/\/www.bing.com\/videos\/search?q=Minecraft+Blocks&FORM=VRPATC", "searchLink": "https:\/\/api.bing.microsoft.com\/api\/v7\/videos\/search?q=Minecraft+Blocks", "thumbnail": {"thumbnailUrl": "https:\/\/tse4.mm.bing.net\/th?q=Minecraft+Blocks&pid=Api&mkt=de-DE&cc=DE&setlang=de&adlt=moderate&t=1"}}, {"text": "Minecraft Zombie", "displayText": "Minecraft Zombie", "webSearchUrl": "https:\/\/www.bing.com\/videos\/search?q=Minecraft+Zombie&FORM=VRPATC", "searchLink": "https:\/\/api.bing.microsoft.com\/api\/v7\/videos\/search?q=Minecraft+Zombie", "thumbnail": {"thumbnailUrl": "https:\/\/tse2.mm.bing.net\/th?q=Minecraft+Zombie&pid=Api&mkt=de-DE&cc=DE&setlang=de&adlt=moderate&t=1"}}, {"text": "Minecraft 1.0.0", "displayText": "Minecraft 1.0.0", "webSearchUrl": "https:\/\/www.bing.com\/videos\/search?q=Minecraft+1.0.0&FORM=VRPATC", "searchLink": "https:\/\/api.bing.microsoft.com\/api\/v7\/videos\/search?q=Minecraft+1.0.0", "thumbnail": {"thumbnailUrl": "https:\/\/tse3.mm.bing.net\/th?q=Minecraft+1.0.0&pid=Api&mkt=de-DE&cc=DE&setlang=de&adlt=moderate&t=1"}}, {"text": "Minecraft Mods", "displayText": "Minecraft Mods", "webSearchUrl": "https:\/\/www.bing.com\/videos\/search?q=Minecraft+Mods&FORM=VRPATC", "searchLink": "https:\/\/api.bing.microsoft.com\/api\/v7\/videos\/search?q=Minecraft+Mods", "thumbnail": {"thumbnailUrl": "https:\/\/tse3.mm.bing.net\/th?q=Minecraft+Mods&pid=Api&mkt=de-DE&cc=DE&setlang=de&adlt=moderate&t=1"}}, {"text": "Minecraft Builds", "displayText": "Minecraft Builds", "webSearchUrl": "https:\/\/www.bing.com\/videos\/search?q=Minecraft+Builds&FORM=VRPATC", "searchLink": "https:\/\/api.bing.microsoft.com\/api\/v7\/videos\/search?q=Minecraft+Builds", "thumbnail": {"thumbnailUrl": "https:\/\/tse3.mm.bing.net\/th?q=Minecraft+Builds&pid=Api&mkt=de-DE&cc=DE&setlang=de&adlt=moderate&t=1"}}, {"text": "Minecraft Caravans", "displayText": "Minecraft Caravans", "webSearchUrl": "https:\/\/www.bing.com\/videos\/search?q=Minecraft+Caravans&FORM=VRPATC", "searchLink": "https:\/\/api.bing.microsoft.com\/api\/v7\/videos\/search?q=Minecraft+Caravans", "thumbnail": {"thumbnailUrl": "https:\/\/tse1.mm.bing.net\/th?q=Minecraft+Caravans&pid=Api&mkt=de-DE&cc=DE&setlang=de&adlt=moderate&t=1"}}, {"text": "Minecraft Crafting", "displayText": "Minecraft Crafting", "webSearchUrl": "https:\/\/www.bing.com\/videos\/search?q=Minecraft+Crafting&FORM=VRPATC", "searchLink": "https:\/\/api.bing.microsoft.com\/api\/v7\/videos\/search?q=Minecraft+Crafting", "thumbnail": {"thumbnailUrl": "https:\/\/tse4.mm.bing.net\/th?q=Minecraft+Crafting&pid=Api&mkt=de-DE&cc=DE&setlang=de&adlt=moderate&t=1"}}, {"text": "Minecraft Adventure", "displayText": "Minecraft Adventure", "webSearchUrl": "https:\/\/www.bing.com\/videos\/search?q=Minecraft+Adventure&FORM=VRPATC", "searchLink": "https:\/\/api.bing.microsoft.com\/api\/v7\/videos\/search?q=Minecraft+Adventure", "thumbnail": {"thumbnailUrl": "https:\/\/tse2.mm.bing.net\/th?q=Minecraft+Adventure&pid=Api&mkt=de-DE&cc=DE&setlang=de&adlt=moderate&t=1"}}, {"text": "Minecraft Mini", "displayText": "Minecraft Mini", "webSearchUrl": "https:\/\/www.bing.com\/videos\/search?q=Minecraft+Mini&FORM=VRPATC", "searchLink": "https:\/\/api.bing.microsoft.com\/api\/v7\/videos\/search?q=Minecraft+Mini", "thumbnail": {"thumbnailUrl": "https:\/\/tse1.mm.bing.net\/th?q=Minecraft+Mini&pid=Api&mkt=de-DE&cc=DE&setlang=de&adlt=moderate&t=1"}}, {"text": "Minecraft Horror", "displayText": "Minecraft Horror", "webSearchUrl": "https:\/\/www.bing.com\/videos\/search?q=Minecraft+Horror&FORM=VRPATC", "searchLink": "https:\/\/api.bing.microsoft.com\/api\/v7\/videos\/search?q=Minecraft+Horror", "thumbnail": {"thumbnailUrl": "https:\/\/tse4.mm.bing.net\/th?q=Minecraft+Horror&pid=Api&mkt=de-DE&cc=DE&setlang=de&adlt=moderate&t=1"}}, {"text": "Minecraft World", "displayText": "Minecraft World", "webSearchUrl": "https:\/\/www.bing.com\/videos\/search?q=Minecraft+World&FORM=VRPATC", "searchLink": "https:\/\/api.bing.microsoft.com\/api\/v7\/videos\/search?q=Minecraft+World", "thumbnail": {"thumbnailUrl": "https:\/\/tse4.mm.bing.net\/th?q=Minecraft+World&pid=Api&mkt=de-DE&cc=DE&setlang=de&adlt=moderate&t=1"}}, {"text": "Minecraft Sonic", "displayText": "Minecraft Sonic", "webSearchUrl": "https:\/\/www.bing.com\/videos\/search?q=Minecraft+Sonic&FORM=VRPATC", "searchLink": "https:\/\/api.bing.microsoft.com\/api\/v7\/videos\/search?q=Minecraft+Sonic", "thumbnail": {"thumbnailUrl": "https:\/\/tse4.mm.bing.net\/th?q=Minecraft+Sonic&pid=Api&mkt=de-DE&cc=DE&setlang=de&adlt=moderate&t=1"}}, {"text": "Minecraft Channel", "displayText": "Minecraft Channel", "webSearchUrl": "https:\/\/www.bing.com\/videos\/search?q=Minecraft+Channel&FORM=VRPATC", "searchLink": "https:\/\/api.bing.microsoft.com\/api\/v7\/videos\/search?q=Minecraft+Channel", "thumbnail": {"thumbnailUrl": "https:\/\/tse3.mm.bing.net\/th?q=Minecraft+Channel&pid=Api&mkt=de-DE&cc=DE&setlang=de&adlt=moderate&t=1"}}, {"text": "Minecraft Castle", "displayText": "Minecraft Castle", "webSearchUrl": "https:\/\/www.bing.com\/videos\/search?q=Minecraft+Castle&FORM=VRPATC", "searchLink": "https:\/\/api.bing.microsoft.com\/api\/v7\/videos\/search?q=Minecraft+Castle", "thumbnail": {"thumbnailUrl": "https:\/\/tse4.mm.bing.net\/th?q=Minecraft+Castle&pid=Api&mkt=de-DE&cc=DE&setlang=de&adlt=moderate&t=1"}}, {"text": "Lucka Minecraft", "displayText": "Lucka Minecraft", "webSearchUrl": "https:\/\/www.bing.com\/videos\/search?q=Lucka+Minecraft&FORM=VRPATC", "searchLink": "https:\/\/api.bing.microsoft.com\/api\/v7\/videos\/search?q=Lucka+Minecraft", "thumbnail": {"thumbnailUrl": "https:\/\/tse4.mm.bing.net\/th?q=Lucka+Minecraft&pid=Api&mkt=de-DE&cc=DE&setlang=de&adlt=moderate&t=1"}}, {"text": "Minecraft benX Minecraft", "displayText": "Minecraft benX Minecraft", "webSearchUrl": "https:\/\/www.bing.com\/videos\/search?q=Minecraft+benX+Minecraft&FORM=VRPATC", "searchLink": "https:\/\/api.bing.microsoft.com\/api\/v7\/videos\/search?q=Minecraft+benX+Minecraft", "thumbnail": {"thumbnailUrl": "https:\/\/tse4.mm.bing.net\/th?q=Minecraft+benX+Minecraft&pid=Api&mkt=de-DE&cc=DE&setlang=de&adlt=moderate&t=1"}}, {"text": "Minecraft vs", "displayText": "Minecraft vs", "webSearchUrl": "https:\/\/www.bing.com\/videos\/search?q=Minecraft+vs&FORM=VRPATC", "searchLink": "https:\/\/api.bing.microsoft.com\/api\/v7\/videos\/search?q=Minecraft+vs", "thumbnail": {"thumbnailUrl": "https:\/\/tse1.mm.bing.net\/th?q=Minecraft+vs&pid=Api&mkt=de-DE&cc=DE&setlang=de&adlt=moderate&t=1"}}], "currentOffset": 0}