{"_type": "Videos", "instrumentation": {"_type": "ResponseInstrumentation"}, "readLink": "https:\/\/api.bing.microsoft.com\/api\/v7\/videos\/search?q=gio", "webSearchUrl": "https:\/\/www.bing.com\/videos\/search?q=gio", "queryContext": {"originalQuery": "gio", "alterationDisplayQuery": "gio", "alterationOverrideQuery": "+gio", "alterationMethod": "AM_JustChangeIt", "alterationType": "CombinedAlterationsChained"}, "totalEstimatedMatches": 750, "value": [{"webSearchUrl": "https:\/\/www.bing.com\/videos\/search?q=gio&view=detail&mid=519EF6AD80857CF34F1D519EF6AD80857CF34F1D", "name": "Liont und Gio reagieren auf den Disstrack - KEIN Rapper (Reaction)", "description": "Support ist kein Mord: https:\/\/amzn.to\/2RADa4S Twitch: https:\/\/www.twitch.tv\/giorap90 Discord: https:\/\/discord.gg\/S2jRRxT Merchandise https:\/\/www.seedshirt.de\/shop\/gio-merch Spenden: https:\/\/www.tipeeestream.com\/giorap90\/donation Gio: Facebook: http:\/\/www.facebook.com\/GioRap90 Twitter: http:\/\/twitter.com\/GioRap90 Instragram: https:\/\/www ...", "thumbnailUrl": "https:\/\/tse4.mm.bing.net\/th?id=OVP.dIrq6_lBhVh-sFJkacTLOAHgFo&pid=Api", "datePublished": "2022-09-12T14:00:27.0000000", "publisher": [{"name": "YouTube"}], "creator": {"name": "Gio"}, "isAccessibleForFree": true, "isFamilyFriendly": true, "contentUrl": "https:\/\/www.youtube.com\/watch?v=wsSqTF3uUHA", "hostPageUrl": "https:\/\/www.youtube.com\/watch?v=wsSqTF3uUHA", "encodingFormat": "h264", "hostPageDisplayUrl": "https:\/\/www.youtube.com\/watch?v=wsSqTF3uUHA", "width": 1280, "height": 720, "duration": "PT22M30S", "motionThumbnailUrl": "https:\/\/tse3.mm.bing.net\/th?id=OM1.HU_zfIWArfaeUQ&pid=Api", "embedHtml": "<iframe width=\"1280\" height=\"720\" src=\"https:\/\/www.youtube.com\/embed\/wsSqTF3uUHA?autoplay=1\" frameborder=\"0\" allowfullscreen><\/iframe>", "allowHttpsEmbed": true, "viewCount": 45445, "thumbnail": {"width": 480, "height": 360}, "videoId": "519EF6AD80857CF34F1D519EF6AD80857CF34F1D", "allowMobileEmbed": true, "isSuperfresh": false}, {"webSearchUrl": "https:\/\/www.bing.com\/videos\/search?q=gio&view=detail&mid=8715FAD498AA17C619D08715FAD498AA17C619D0", "name": "GIO und LIONT - das ERSTE Gespräch seit dem DISS - KEIN RAPPER", "description": "Support ist kein Mord: https:\/\/amzn.to\/2RADa4S Twitch: https:\/\/www.twitch.tv\/giorap90 Discord: https:\/\/discord.gg\/S2jRRxT Merchandise https:\/\/www.seedshirt.de\/shop\/gio-merch Spenden: https:\/\/www.tipeeestream.com\/giorap90\/donation Gio: Facebook: http:\/\/www.facebook.com\/GioRap90 Twitter: http:\/\/twitter.com\/GioRap90 Instragram: https:\/\/www ...", "thumbnailUrl": "https:\/\/tse1.mm.bing.net\/th?id=OVP.REBpjNaKXH940nzjAFC68gHgFo&pid=Api", "datePublished": "2022-09-10T14:00:21.0000000", "publisher": [{"name": "YouTube"}], "creator": {"name": "Gio"}, "isAccessibleForFree": true, "isFamilyFriendly": true, "contentUrl": "https:\/\/www.youtube.com\/watch?v=MOJS2lncAeQ", "hostPageUrl": "https:\/\/www.youtube.com\/watch?v=MOJS2lncAeQ", "encodingFormat": "h264", "hostPageDisplayUrl": "https:\/\/www.youtube.com\/watch?v=MOJS2lncAeQ", "width": 1280, "height": 720, "duration": "PT1H15M20S", "motionThumbnailUrl": "https:\/\/tse1.mm.bing.net\/th?id=OM2.0BnGF6qY1PoVhw&pid=Api", "embedHtml": "<iframe width=\"1280\" height=\"720\" src=\"https:\/\/www.youtube.com\/embed\/MOJS2lncAeQ?autoplay=1\" frameborder=\"0\" allowfullscreen><\/iframe>", "allowHttpsEmbed": true, "viewCount": 20740, "thumbnail": {"width": 480, "height": 360}, "videoId": "8715FAD498AA17C619D08715FAD498AA17C619D0", "allowMobileEmbed": true, "isSuperfresh": false}, {"webSearchUrl": "https:\/\/www.bing.com\/videos\/search?q=gio&view=detail&mid=BA32AD8D459EFD5FACD8BA32AD8D459EFD5FACD8", "name": "DIT IS WAT MENSEN OP STRAAT OVER JADE EN MIJ DENKEN! HEFTIG😡", "description": "Zie hier het hele interview: https:\/\/youtu.be\/I8Vd8VfbJZ0 ♦ Bedankt voor het kijken naar deze video! Bekijk hier mijn TRUIEN EN NOG MEER VETTE SHIT: http:\/\/www.gioxl.nl - Bestel hier mijn eigen boek: http:\/\/www.fcklap.nl\/Gio - Abonneer voor meer plezier: http:\/\/bit.ly\/AbonneerGXL ♦ Mij dagelijks volgen? Neem een kijkje hier: - Snapchat: Gio ...", "thumbnailUrl": "https:\/\/tse1.mm.bing.net\/th?id=OVP.Mi9JLtE7klKCwV-Suoo3sAHgFo&pid=Api", "datePublished": "2022-09-09T15:29:39.0000000", "publisher": [{"name": "YouTube"}], "creator": {"name": "Gio"}, "isAccessibleForFree": true, "isFamilyFriendly": true, "contentUrl": "https:\/\/www.youtube.com\/watch?v=ygApB8piXJM", "hostPageUrl": "https:\/\/www.youtube.com\/watch?v=ygApB8piXJM", "encodingFormat": "h264", "hostPageDisplayUrl": "https:\/\/www.youtube.com\/watch?v=ygApB8piXJM", "width": 1280, "height": 720, "duration": "PT28M43S", "motionThumbnailUrl": "https:\/\/tse1.mm.bing.net\/th?id=OM1.2Kxf_Z5Fja0yug&pid=Api", "embedHtml": "<iframe width=\"1280\" height=\"720\" src=\"https:\/\/www.youtube.com\/embed\/ygApB8piXJM?autoplay=1\" frameborder=\"0\" allowfullscreen><\/iframe>", "allowHttpsEmbed": true, "viewCount": 279180, "thumbnail": {"width": 480, "height": 360}, "videoId": "BA32AD8D459EFD5FACD8BA32AD8D459EFD5FACD8", "allowMobileEmbed": true, "isSuperfresh": false}, {"webSearchUrl": "https:\/\/www.bing.com\/videos\/search?q=gio&view=detail&mid=71F5819205ED72D50AD671F5819205ED72D50AD6", "name": "MIJN HELE VERRASSING VOOR JADE IS VERPEST! EERSTE KEER IN 6 JAAR!😩😢", "description": "♦ Bedankt voor het kijken naar deze video! Bekijk hier mijn TRUIEN EN NOG MEER VETTE SHIT: http:\/\/www.gioxl.nl - Bestel hier mijn eigen boek: http:\/\/www.fcklap.nl\/Gio - Abonneer voor meer plezier: http:\/\/bit.ly\/AbonneerGXL ♦ Mij dagelijks volgen? Neem een kijkje hier: - Snapchat: Gio_141 - Twitter: http:\/\/bit.ly\/GameplayWorldXLTwitter ...", "thumbnailUrl": "https:\/\/tse4.mm.bing.net\/th?id=OVP.KhE6R2RhCxNICr6BW0obRwHgFo&pid=Api", "datePublished": "2022-08-11T15:33:08.0000000", "publisher": [{"name": "YouTube"}], "creator": {"name": "Gio"}, "isAccessibleForFree": true, "isFamilyFriendly": true, "contentUrl": "https:\/\/www.youtube.com\/watch?v=f0Hh3ctOzLc", "hostPageUrl": "https:\/\/www.youtube.com\/watch?v=f0Hh3ctOzLc", "encodingFormat": "h264", "hostPageDisplayUrl": "https:\/\/www.youtube.com\/watch?v=f0Hh3ctOzLc", "width": 1280, "height": 720, "duration": "PT19M56S", "motionThumbnailUrl": "https:\/\/tse2.mm.bing.net\/th?id=OM2.1grVcu0FkoH1cQ&pid=Api", "embedHtml": "<iframe width=\"1280\" height=\"720\" src=\"https:\/\/www.youtube.com\/embed\/f0Hh3ctOzLc?autoplay=1\" frameborder=\"0\" allowfullscreen><\/iframe>", "allowHttpsEmbed": true, "viewCount": 224733, "thumbnail": {"width": 480, "height": 360}, "videoId": "71F5819205ED72D50AD671F5819205ED72D50AD6", "allowMobileEmbed": true, "isSuperfresh": false}, {"webSearchUrl": "https:\/\/www.bing.com\/videos\/search?q=gio&view=detail&mid=320E57DF6B1D6507288E320E57DF6B1D6507288E", "name": "EERSTE KEER BUSINESS CLASS VLIEGEN! JADE HAAR VERRASSING VOOR MIJ!🎁😱", "description": "♦ Bedankt voor het kijken naar deze video! Bekijk hier mijn TRUIEN EN NOG MEER VETTE SHIT: http:\/\/www.gioxl.nl - Bestel hier mijn eigen boek: http:\/\/www.fcklap.nl\/Gio - Abonneer voor meer plezier: http:\/\/bit.ly\/AbonneerGXL ♦ Mij dagelijks volgen? Neem een kijkje hier: - Snapchat: Gio_141 - Twitter: http:\/\/bit.ly\/GameplayWorldXLTwitter ...", "thumbnailUrl": "https:\/\/tse1.mm.bing.net\/th?id=OVP.CWXfOD-Oid2CFejFVrakpAHgFo&pid=Api", "datePublished": "2022-08-04T15:29:51.0000000", "publisher": [{"name": "YouTube"}], "creator": {"name": "Gio"}, "isAccessibleForFree": true, "isFamilyFriendly": true, "contentUrl": "https:\/\/www.youtube.com\/watch?v=igBvVN8YaxA", "hostPageUrl": "https:\/\/www.youtube.com\/watch?v=igBvVN8YaxA", "encodingFormat": "h264", "hostPageDisplayUrl": "https:\/\/www.youtube.com\/watch?v=igBvVN8YaxA", "width": 1280, "height": 720, "duration": "PT24M59S", "motionThumbnailUrl": "https:\/\/tse3.mm.bing.net\/th?id=OM1.jigHZR1r31cOMg&pid=Api", "embedHtml": "<iframe width=\"1280\" height=\"720\" src=\"https:\/\/www.youtube.com\/embed\/igBvVN8YaxA?autoplay=1\" frameborder=\"0\" allowfullscreen><\/iframe>", "allowHttpsEmbed": true, "viewCount": 372186, "thumbnail": {"width": 480, "height": 360}, "videoId": "320E57DF6B1D6507288E320E57DF6B1D6507288E", "allowMobileEmbed": true, "isSuperfresh": false}, {"webSearchUrl": "https:\/\/www.bing.com\/videos\/search?q=gio&view=detail&mid=07A4ECD61B907758EA8707A4ECD61B907758EA87", "name": "GIO - Kein Rapper (Official HD Video)", "description": "Itunes: http:\/\/itunes.apple.com\/de\/album\/kein-rapper-liont-diss-single\/id991626081 Facebook: Gio: http:\/\/www.facebook.com\/GioRap90 Conflikt Beatz: http:\/\/www.facebook.com\/confliktbeatz Twitter: http:\/\/twitter.com\/GioRap90 Instagram: https:\/\/instagram.com\/giorap_official\/ Hoodies und T-Shirts: http:\/\/mdize.com\/merchandise-artikel\/merchandise ...", "thumbnailUrl": "https:\/\/tse1.mm.bing.net\/th?id=OVP.RFFWY-kAkPT21Lwy9g9q9wHgFo&pid=Api", "datePublished": "2015-05-06T16:00:05.0000000", "publisher": [{"name": "YouTube"}], "creator": {"name": "JuliensBlogBattle"}, "isAccessibleForFree": true, "isFamilyFriendly": true, "contentUrl": "https:\/\/www.youtube.com\/watch?v=hLcfNbZy_EE", "hostPageUrl": "https:\/\/www.youtube.com\/watch?v=hLcfNbZy_EE", "encodingFormat": "h264", "hostPageDisplayUrl": "https:\/\/www.youtube.com\/watch?v=hLcfNbZy_EE", "width": 1280, "height": 720, "duration": "PT5M47S", "motionThumbnailUrl": "https:\/\/tse1.mm.bing.net\/th?id=OM1.h-pYd5Ab1uykBw_1645134788&pid=Api", "embedHtml": "<iframe width=\"1280\" height=\"720\" src=\"https:\/\/www.youtube.com\/embed\/hLcfNbZy_EE?autoplay=1\" frameborder=\"0\" allowfullscreen><\/iframe>", "allowHttpsEmbed": true, "viewCount": 8593165, "thumbnail": {"width": 480, "height": 360}, "videoId": "07A4ECD61B907758EA8707A4ECD61B907758EA87", "allowMobileEmbed": true, "isSuperfresh": false}, {"webSearchUrl": "https:\/\/www.bing.com\/videos\/search?q=gio&view=detail&mid=2ECBA9E8701CC77F471C2ECBA9E8701CC77F471C", "name": "ONZE MORNING ROUTINE & OPGELICHT VOOR 600 EURO?!", "description": "♦ Bedankt voor het kijken naar deze video! Bekijk hier mijn TRUIEN EN NOG MEER VETTE SHIT: http:\/\/www.gioxl.nl - Bestel hier mijn eigen boek: http:\/\/www.fcklap.nl\/Gio - Abonneer voor meer plezier: http:\/\/bit.ly\/AbonneerGXL ♦ Mij dagelijks volgen? Neem een kijkje hier: - Snapchat: Gio_141 - Twitter: http:\/\/bit.ly\/GameplayWorldXLTwitter ...", "thumbnailUrl": "https:\/\/tse4.mm.bing.net\/th?id=OVP.hiv6rgUy5uOsDSGZrWVsqAEsDh&pid=Api", "datePublished": "2022-07-12T15:50:31.0000000", "publisher": [{"name": "YouTube"}], "creator": {"name": "Gio"}, "isAccessibleForFree": true, "isFamilyFriendly": true, "contentUrl": "https:\/\/www.youtube.com\/watch?v=nXENpZnCO_Y", "hostPageUrl": "https:\/\/www.youtube.com\/watch?v=nXENpZnCO_Y", "encodingFormat": "h264", "hostPageDisplayUrl": "https:\/\/www.youtube.com\/watch?v=nXENpZnCO_Y", "width": 1280, "height": 720, "duration": "PT22M42S", "motionThumbnailUrl": "https:\/\/tse2.mm.bing.net\/th?id=OM2.HEd_xxxw6KnLLg_1666681326&pid=Api", "embedHtml": "<iframe width=\"1280\" height=\"720\" src=\"https:\/\/www.youtube.com\/embed\/nXENpZnCO_Y?autoplay=1\" frameborder=\"0\" allowfullscreen><\/iframe>", "allowHttpsEmbed": true, "viewCount": 222987, "thumbnail": {"width": 300, "height": 225}, "videoId": "2ECBA9E8701CC77F471C2ECBA9E8701CC77F471C", "allowMobileEmbed": true, "isSuperfresh": false}, {"webSearchUrl": "https:\/\/www.bing.com\/videos\/search?q=gio&view=detail&mid=B446407BF49F38B63EDDB446407BF49F38B63EDD", "name": "Gio - R.I.P.", "description": "R.I.P. - JETZT ÜBERALL STREAMEN: https:\/\/ffm.to\/vvqxe4 Spotify: https:\/\/ffm.to\/vvqxe4 Merch: http:\/\/www.seedshirt.de\/shop\/gio-merch Spenden: https:\/\/www.tipeeestream.com\/giorap90\/donation Gio: Facebook: http:\/\/www.facebook.com\/GioRap90 Twitter: http:\/\/twitter.com\/GioRap90 Instagram: https:\/\/www.instagram.com\/giorap_official Twitch: https:\/\/www ...", "thumbnailUrl": "https:\/\/tse2.mm.bing.net\/th?id=OVP.qOc__s0ZVtizF2TeVS8RfAHgFo&pid=Api", "datePublished": "2019-11-29T17:00:11.0000000", "publisher": [{"name": "YouTube"}], "creator": {"name": "Gio"}, "isAccessibleForFree": true, "isFamilyFriendly": true, "contentUrl": "https:\/\/www.youtube.com\/watch?v=kE6po_95HDE", "hostPageUrl": "https:\/\/www.youtube.com\/watch?v=kE6po_95HDE", "encodingFormat": "h264", "hostPageDisplayUrl": "https:\/\/www.youtube.com\/watch?v=kE6po_95HDE", "width": 1280, "height": 720, "duration": "PT3M12S", "motionThumbnailUrl": "https:\/\/tse4.mm.bing.net\/th?id=OM1.3T62OJ_0e0BGtA_1648351746&pid=Api", "embedHtml": "<iframe width=\"1280\" height=\"720\" src=\"http:\/\/www.youtube.com\/embed\/kE6po_95HDE?autoplay=1\" frameborder=\"0\" allowfullscreen><\/iframe>", "allowHttpsEmbed": false, "viewCount": 1539364, "thumbnail": {"width": 480, "height": 360}, "videoId": "B446407BF49F38B63EDDB446407BF49F38B63EDD", "allowMobileEmbed": false, "isSuperfresh": false}, {"webSearchUrl": "https:\/\/www.bing.com\/videos\/search?q=gio&view=detail&mid=1B9C4CA4D38F5820E9C01B9C4CA4D38F5820E9C0", "name": "HIERDOOR MOETEN WIJ ONZE EENDEN WEGDOEN...🦆😭", "description": "♦ Bedankt voor het kijken naar deze video! Bekijk hier mijn TRUIEN EN NOG MEER VETTE SHIT: http:\/\/www.gioxl.nl - Bestel hier mijn eigen boek: http:\/\/www.fcklap.nl\/Gio - Abonneer voor meer plezier: http:\/\/bit.ly\/AbonneerGXL ♦ Mij dagelijks volgen? Neem een kijkje hier: - Snapchat: Gio_141 - Twitter: http:\/\/bit.ly\/GameplayWorldXLTwitter ...", "thumbnailUrl": "https:\/\/tse4.mm.bing.net\/th?id=OVP.ENpS9hmQ4oZNAa-I6luSGgEsDh&pid=Api", "datePublished": "2022-06-30T15:56:26.0000000", "publisher": [{"name": "YouTube"}], "creator": {"name": "Gio"}, "isAccessibleForFree": true, "isFamilyFriendly": true, "contentUrl": "https:\/\/www.youtube.com\/watch?v=U7U_T5rnhIg", "hostPageUrl": "https:\/\/www.youtube.com\/watch?v=U7U_T5rnhIg", "encodingFormat": "h264", "hostPageDisplayUrl": "https:\/\/www.youtube.com\/watch?v=U7U_T5rnhIg", "width": 1280, "height": 720, "duration": "PT24M16S", "motionThumbnailUrl": "https:\/\/tse4.mm.bing.net\/th?id=OM1.wOkgWI_TpEycGw&pid=Api", "embedHtml": "<iframe width=\"1280\" height=\"720\" src=\"https:\/\/www.youtube.com\/embed\/U7U_T5rnhIg?autoplay=1\" frameborder=\"0\" allowfullscreen><\/iframe>", "allowHttpsEmbed": true, "viewCount": 163123, "thumbnail": {"width": 300, "height": 225}, "videoId": "1B9C4CA4D38F5820E9C01B9C4CA4D38F5820E9C0", "allowMobileEmbed": true, "isSuperfresh": false}, {"webSearchUrl": "https:\/\/www.bing.com\/videos\/search?q=gio&view=detail&mid=2AFBDD5A39FC54BCA1832AFBDD5A39FC54BCA183", "name": "BRAND! WIJ MOETEN RENNEN! DEZE DAG GAAT ALLE KANTEN OP!😮🔥", "description": "♦ Bedankt voor het kijken naar deze video! Bekijk hier mijn TRUIEN EN NOG MEER VETTE SHIT: http:\/\/www.gioxl.nl - Bestel hier mijn eigen boek: http:\/\/www.fcklap.nl\/Gio - Abonneer voor meer plezier: http:\/\/bit.ly\/AbonneerGXL ♦ Mij dagelijks volgen? Neem een kijkje hier: - Snapchat: Gio_141 - Twitter: http:\/\/bit.ly\/GameplayWorldXLTwitter ...", "thumbnailUrl": "https:\/\/tse3.mm.bing.net\/th?id=OVP.qA-kNtRiddwdEZVxKraGVAEsDh&pid=Api", "datePublished": "2022-07-11T15:30:09.0000000", "publisher": [{"name": "YouTube"}], "creator": {"name": "Gio"}, "isAccessibleForFree": true, "isFamilyFriendly": true, "contentUrl": "https:\/\/www.youtube.com\/watch?v=nhMa0s08eyk", "hostPageUrl": "https:\/\/www.youtube.com\/watch?v=nhMa0s08eyk", "encodingFormat": "h264", "hostPageDisplayUrl": "https:\/\/www.youtube.com\/watch?v=nhMa0s08eyk", "width": 1280, "height": 720, "duration": "PT21M20S", "motionThumbnailUrl": "https:\/\/tse2.mm.bing.net\/th?id=OM2.g6G8VPw5Wt37Kg&pid=Api", "embedHtml": "<iframe width=\"1280\" height=\"720\" src=\"https:\/\/www.youtube.com\/embed\/nhMa0s08eyk?autoplay=1\" frameborder=\"0\" allowfullscreen><\/iframe>", "allowHttpsEmbed": true, "viewCount": 291499, "thumbnail": {"width": 300, "height": 225}, "videoId": "2AFBDD5A39FC54BCA1832AFBDD5A39FC54BCA183", "allowMobileEmbed": true, "isSuperfresh": false}, {"webSearchUrl": "https:\/\/www.bing.com\/videos\/search?q=gio&view=detail&mid=4932EDDBB24C34F4153F4932EDDBB24C34F4153F", "name": "JADE WORDT WEGGEVOERD OP BRANCARD! GROOTSTE ANGST! FRIGHT NIGHTS!", "description": "♦ Bedankt voor het kijken naar deze video! Bekijk hier mijn TRUIEN EN NOG MEER VETTE SHIT: http:\/\/www.gioxl.nl - Bestel hier mijn eigen boek: http:\/\/www.fcklap.nl\/Gio - Abonneer voor meer plezier: http:\/\/bit.ly\/AbonneerGXL ♦ Mij dagelijks volgen? Neem een kijkje hier: - Snapchat: Gio_141 - Twitter: http:\/\/bit.ly\/GameplayWorldXLTwitter ...", "thumbnailUrl": "https:\/\/tse4.mm.bing.net\/th?id=OVP.NZ4UGXOM_I5h2HVI9NTEQgHgFo&pid=Api", "datePublished": "2021-10-18T15:43:08.0000000", "publisher": [{"name": "YouTube"}], "creator": {"name": "Gio"}, "isAccessibleForFree": true, "isFamilyFriendly": true, "contentUrl": "https:\/\/www.youtube.com\/watch?v=76_GL8z2QwU", "hostPageUrl": "https:\/\/www.youtube.com\/watch?v=76_GL8z2QwU", "encodingFormat": "h264", "hostPageDisplayUrl": "https:\/\/www.youtube.com\/watch?v=76_GL8z2QwU", "width": 1280, "height": 720, "duration": "PT30M14S", "motionThumbnailUrl": "https:\/\/tse1.mm.bing.net\/th?id=OM1.PxX0NEyy2-0ySQ&pid=Api", "embedHtml": "<iframe width=\"1280\" height=\"720\" src=\"https:\/\/www.youtube.com\/embed\/76_GL8z2QwU?autoplay=1\" frameborder=\"0\" allowfullscreen><\/iframe>", "allowHttpsEmbed": true, "viewCount": 836628, "thumbnail": {"width": 480, "height": 360}, "videoId": "4932EDDBB24C34F4153F4932EDDBB24C34F4153F", "allowMobileEmbed": true, "isSuperfresh": false}, {"webSearchUrl": "https:\/\/www.bing.com\/videos\/search?q=gio&view=detail&mid=06DFCEE1D5CA2A10C24606DFCEE1D5CA2A10C246", "name": "Gio reagiert auf SpongeBOZZ (Kingfinale) [Rückblick: Teil 5]", "description": "Merchandise: http:\/\/www.seedshirt.de\/shop\/gio-merch Wenn ER dich fickt: http:\/\/amzn.to\/2xiafWk Twitch: https:\/\/www.twitch.tv\/giorap90 Discord: https:\/\/discord.gg\/S2jRRxT SFTB kaufen: http:\/\/amzn.to\/2vv9pXc Zahltag kaufen: Amazon http:\/\/amzn.to\/2k4gpBK Distributionz http:\/\/bit.ly\/1Iq4lGj JPC http:\/\/bit.ly\/1kgFglj iTunes https:\/\/distri.lnk.to\/Gio ...", "thumbnailUrl": "https:\/\/tse3.mm.bing.net\/th?id=OVP.-yhdk-wSKnJqVZEnsEBIrwHgFo&pid=Api", "datePublished": "2017-08-13T18:04:01.0000000", "publisher": [{"name": "YouTube"}], "creator": {"name": "Gio"}, "isAccessibleForFree": true, "isFamilyFriendly": true, "contentUrl": "https:\/\/www.youtube.com\/watch?v=VoLNFvUZ7Ls", "hostPageUrl": "https:\/\/www.youtube.com\/watch?v=VoLNFvUZ7Ls", "encodingFormat": "h264", "hostPageDisplayUrl": "https:\/\/www.youtube.com\/watch?v=VoLNFvUZ7Ls", "width": 1280, "height": 720, "duration": "PT1H6M6S", "motionThumbnailUrl": "https:\/\/tse4.mm.bing.net\/th?id=OM2.RsIQKsrV4c7fBg_1639131628&pid=Api", "embedHtml": "<iframe width=\"1280\" height=\"720\" src=\"https:\/\/www.youtube.com\/embed\/VoLNFvUZ7Ls?autoplay=1\" frameborder=\"0\" allowfullscreen><\/iframe>", "allowHttpsEmbed": true, "viewCount": 2563985, "thumbnail": {"width": 480, "height": 360}, "videoId": "06DFCEE1D5CA2A10C24606DFCEE1D5CA2A10C246", "allowMobileEmbed": true, "isSuperfresh": false}, {"webSearchUrl": "https:\/\/www.bing.com\/videos\/search?q=gio&view=detail&mid=643F794B8F4045E282E0643F794B8F4045E282E0", "name": "Trasformo casa mia in un McDonald's FUNZIONANTE🍟🍔", "description": "In questo video crazie o @Crazie Mad o @Crazie ha trasformato casa sua in un mcdonald funzionante con i suoi amici @Giada o giada e gio o @Gio Mad è stato assurdo! VI ASPETTO SU INSTAGRAM per SAPERE COSA FACCIO TUTTO IL GIORNO... 💥🔥 ️💛💚💗💙Le avventure di CRAZIE e I SUOI AMICI ️💛💚💗💙 ️💛💚💗💙 Canale ...", "thumbnailUrl": "https:\/\/tse1.mm.bing.net\/th?id=OVP.t9j1RGZFpQrLWCHv0EOYEgHgFo&pid=Api", "datePublished": "2022-09-02T10:16:04.0000000", "publisher": [{"name": "YouTube"}], "creator": {"name": "Crazie"}, "isAccessibleForFree": true, "isFamilyFriendly": true, "contentUrl": "https:\/\/www.youtube.com\/watch?v=EOHF4rtibNQ", "hostPageUrl": "https:\/\/www.youtube.com\/watch?v=EOHF4rtibNQ", "encodingFormat": "h264", "hostPageDisplayUrl": "https:\/\/www.youtube.com\/watch?v=EOHF4rtibNQ", "width": 1280, "height": 720, "duration": "PT15M44S", "motionThumbnailUrl": "https:\/\/tse2.mm.bing.net\/th?id=OM2.4ILiRUCPS3k_ZA&pid=Api", "embedHtml": "<iframe width=\"1280\" height=\"720\" src=\"https:\/\/www.youtube.com\/embed\/EOHF4rtibNQ?autoplay=1\" frameborder=\"0\" allowfullscreen><\/iframe>", "allowHttpsEmbed": true, "viewCount": 1330723, "thumbnail": {"width": 480, "height": 360}, "videoId": "643F794B8F4045E282E0643F794B8F4045E282E0", "allowMobileEmbed": true, "isSuperfresh": false}, {"webSearchUrl": "https:\/\/www.bing.com\/videos\/search?q=gio&view=detail&mid=3BCE82E98E624EF885A33BCE82E98E624EF885A3", "name": "SOPRAVVIVERE sulla PUNTA di UNA MONTAGNA per 24 ORE", "description": "Oggi Crazie o @Crazie Mad o @Crazie Insieme a Giada o @Giada e Gio o @Gio Mad cercheranno di sopravvivere per 24 ore su una montagna ma... VI ASPETTO SU INSTAGRAM per SAPERE COSA FACCIO TUTTO IL GIORNO... 💥🔥 ️💛💚💗💙Le avventure di CRAZIE e I SUOI AMICI ️💛💚💗💙 ️💛💚💗💙 Canale adatto a tutte le età ️ ...", "thumbnailUrl": "https:\/\/tse2.mm.bing.net\/th?id=OVP.QaU9EHIFOvp4UUafkej2yAHgFo&pid=Api", "datePublished": "2022-08-05T11:07:06.0000000", "publisher": [{"name": "YouTube"}], "creator": {"name": "Crazie"}, "isAccessibleForFree": true, "isFamilyFriendly": true, "contentUrl": "https:\/\/www.youtube.com\/watch?v=cv2a0EyrPHk", "hostPageUrl": "https:\/\/www.youtube.com\/watch?v=cv2a0EyrPHk", "encodingFormat": "h264", "hostPageDisplayUrl": "https:\/\/www.youtube.com\/watch?v=cv2a0EyrPHk", "width": 1280, "height": 720, "duration": "PT12M25S", "motionThumbnailUrl": "https:\/\/tse2.mm.bing.net\/th?id=OM1.o4X4TmKO6YLOOw&pid=Api", "embedHtml": "<iframe width=\"1280\" height=\"720\" src=\"https:\/\/www.youtube.com\/embed\/cv2a0EyrPHk?autoplay=1\" frameborder=\"0\" allowfullscreen><\/iframe>", "allowHttpsEmbed": true, "viewCount": 776160, "thumbnail": {"width": 480, "height": 360}, "videoId": "3BCE82E98E624EF885A33BCE82E98E624EF885A3", "allowMobileEmbed": true, "isSuperfresh": false}, {"webSearchUrl": "https:\/\/www.bing.com\/videos\/search?q=gio&view=detail&mid=5D0363476959FCA4620D5D0363476959FCA4620D", "name": "L'Ultimo che Scende dal Tetto Vince 1000€", "description": "Oggi crazie o @Crazie o @Crazie Mad ha sfidato i suoi amici nell'ultimo che scende dal tetto vince 1000€. Questa nuova challenge estrema con giada o @Giada e gio o @Gio Mad chi la vincerà? VI ASPETTO SU INSTAGRAM per SAPERE COSA FACCIO TUTTO IL GIORNO... 💥🔥 ️💛💚💗💙Le avventure di CRAZIE e I SUOI AMICI ️💛💚💗💙 ...", "thumbnailUrl": "https:\/\/tse4.mm.bing.net\/th?id=OVP.LGFbwidNuxtHyv7wbaesawHgFo&pid=Api", "datePublished": "2022-08-19T10:56:02.0000000", "publisher": [{"name": "YouTube"}], "creator": {"name": "Crazie"}, "isAccessibleForFree": true, "isFamilyFriendly": true, "contentUrl": "https:\/\/www.youtube.com\/watch?v=5bcc0qvgjUc", "hostPageUrl": "https:\/\/www.youtube.com\/watch?v=5bcc0qvgjUc", "encodingFormat": "h264", "hostPageDisplayUrl": "https:\/\/www.youtube.com\/watch?v=5bcc0qvgjUc", "width": 1280, "height": 720, "duration": "PT14M29S", "motionThumbnailUrl": "https:\/\/tse3.mm.bing.net\/th?id=OM2.DWKk_FlpR2MDXQ&pid=Api", "embedHtml": "<iframe width=\"1280\" height=\"720\" src=\"https:\/\/www.youtube.com\/embed\/5bcc0qvgjUc?autoplay=1\" frameborder=\"0\" allowfullscreen><\/iframe>", "allowHttpsEmbed": true, "viewCount": 698823, "thumbnail": {"width": 480, "height": 360}, "videoId": "5D0363476959FCA4620D5D0363476959FCA4620D", "allowMobileEmbed": true, "isSuperfresh": false}, {"webSearchUrl": "https:\/\/www.bing.com\/videos\/search?q=gio&view=detail&mid=2F5F064C3F870A7C2B272F5F064C3F870A7C2B27", "name": "CRUSH NO MERCADO E UM SENEGALÊS", "description": "🧠 Youtuber Milionário | As 8 Formulas da Monetização no Youtube: https:\/\/go.hotmart.com\/A72206682W ================= 🎬 Vídeo novo no canal: CRUSH NO MERCADO E UM SENEGALÊS ================= Curtiu o trampo? SEGUE AÍ 😃 Instagram - @ogiolisboa TikTok - @olisboa Twitter - @ogiolisboa Facebook - @canalbahmeu ================= Contato ...", "thumbnailUrl": "https:\/\/tse4.mm.bing.net\/th?id=OVP.TNW6BHoqJJ4hGgBQLD63JwEsDh&pid=Api", "datePublished": "2022-08-05T21:00:15.0000000", "publisher": [{"name": "YouTube"}], "creator": {"name": "Gio Lisboa"}, "isAccessibleForFree": true, "isFamilyFriendly": true, "contentUrl": "https:\/\/www.youtube.com\/watch?v=Zpr8y7tR5E8", "hostPageUrl": "https:\/\/www.youtube.com\/watch?v=Zpr8y7tR5E8", "encodingFormat": "h264", "hostPageDisplayUrl": "https:\/\/www.youtube.com\/watch?v=Zpr8y7tR5E8", "width": 1280, "height": 720, "duration": "PT12M21S", "motionThumbnailUrl": "https:\/\/tse2.mm.bing.net\/th?id=OM2.Jyt8Coc_TAZfLw_1666267748&pid=Api", "embedHtml": "<iframe width=\"1280\" height=\"720\" src=\"https:\/\/www.youtube.com\/embed\/Zpr8y7tR5E8?autoplay=1\" frameborder=\"0\" allowfullscreen><\/iframe>", "allowHttpsEmbed": true, "viewCount": 489301, "thumbnail": {"width": 300, "height": 225}, "videoId": "2F5F064C3F870A7C2B272F5F064C3F870A7C2B27", "allowMobileEmbed": true, "isSuperfresh": false}, {"webSearchUrl": "https:\/\/www.bing.com\/videos\/search?q=gio&view=detail&mid=C97CB140F64558E013F8C97CB140F64558E013F8", "name": "SOPRAVVIVO 24 ORE in MARE APERTO", "description": "Oggi nuova challenge estrema con crazie o @Crazie Mad o @Crazie e giada o @Giada e gio o @Gio Mad che hanno sopravvissuto per 24 ore in oceano o in mare aperto! VI ASPETTO SU INSTAGRAM per SAPERE COSA FACCIO TUTTO IL GIORNO... 💥🔥 ️💛💚💗💙Le avventure di CRAZIE e I SUOI AMICI ️💛💚💗💙 ️💛💚💗💙 Canale adatto ...", "thumbnailUrl": "https:\/\/tse4.mm.bing.net\/th?id=OVP.OJmdRNdeJj2d9DHabFNeYAHgFo&pid=Api", "datePublished": "2022-08-17T10:30:04.0000000", "publisher": [{"name": "YouTube"}], "creator": {"name": "Crazie"}, "isAccessibleForFree": true, "isFamilyFriendly": true, "contentUrl": "https:\/\/www.youtube.com\/watch?v=Iiy0n3oIHEg", "hostPageUrl": "https:\/\/www.youtube.com\/watch?v=Iiy0n3oIHEg", "encodingFormat": "h264", "hostPageDisplayUrl": "https:\/\/www.youtube.com\/watch?v=Iiy0n3oIHEg", "width": 1280, "height": 720, "duration": "PT12M32S", "motionThumbnailUrl": "https:\/\/tse1.mm.bing.net\/th?id=OM1.-BPgWEX2QLF8yQ&pid=Api", "embedHtml": "<iframe width=\"1280\" height=\"720\" src=\"https:\/\/www.youtube.com\/embed\/Iiy0n3oIHEg?autoplay=1\" frameborder=\"0\" allowfullscreen><\/iframe>", "allowHttpsEmbed": true, "viewCount": 1051751, "thumbnail": {"width": 480, "height": 360}, "videoId": "C97CB140F64558E013F8C97CB140F64558E013F8", "allowMobileEmbed": true, "isSuperfresh": false}, {"webSearchUrl": "https:\/\/www.bing.com\/videos\/search?q=gio&view=detail&mid=6F0F13A36C0F0BEEA0846F0F13A36C0F0BEEA084", "name": "AFFRONTO 100 PAURE in 24 ORE!", "description": "Oggi crazie o @Crazie o @Crazie Mad con i suoi amici affronteranno le loro paure in 24 ore...ne vedremo delle belle con giada o @Giada, gio o @Gio Mad e favarigna o @favarigna tenetevi pronti al delirio. VI ASPETTO SU INSTAGRAM per SAPERE COSA FACCIO TUTTO IL GIORNO... 💥🔥 ️💛💚💗💙Le avventure di CRAZIE e I SUOI AMICI ️💛 ...", "thumbnailUrl": "https:\/\/tse2.mm.bing.net\/th?id=OVP.31ND5L6bAKaK--rsLBkZhAHgFo&pid=Api", "datePublished": "2022-09-09T10:30:08.0000000", "publisher": [{"name": "YouTube"}], "creator": {"name": "Crazie"}, "isAccessibleForFree": true, "isFamilyFriendly": true, "contentUrl": "https:\/\/www.youtube.com\/watch?v=kokUbX-v24c", "hostPageUrl": "https:\/\/www.youtube.com\/watch?v=kokUbX-v24c", "encodingFormat": "h264", "hostPageDisplayUrl": "https:\/\/www.youtube.com\/watch?v=kokUbX-v24c", "width": 1280, "height": 720, "duration": "PT14M7S", "motionThumbnailUrl": "https:\/\/tse4.mm.bing.net\/th?id=OM2.hKDuCw9soxMPbw&pid=Api", "embedHtml": "<iframe width=\"1280\" height=\"720\" src=\"https:\/\/www.youtube.com\/embed\/kokUbX-v24c?autoplay=1\" frameborder=\"0\" allowfullscreen><\/iframe>", "allowHttpsEmbed": true, "viewCount": 839613, "thumbnail": {"width": 480, "height": 360}, "videoId": "6F0F13A36C0F0BEEA0846F0F13A36C0F0BEEA084", "allowMobileEmbed": true, "isSuperfresh": false}, {"webSearchUrl": "https:\/\/www.bing.com\/videos\/search?q=gio&view=detail&mid=7A1CAB146D172CEABE4C7A1CAB146D172CEABE4C", "name": "Costruisco una Stanza da Gaming SEGRETA in casa mia!", "description": "Lampada Sunmory https:\/\/dada.link\/FNjeCh Oggi crazie o @Crazie Mad o @Crazie ha costruito una stanza da gaming o videogiochi segreta in casa mia , con l'aiuto di gio o @Gio Mad , ma giada o @Giada non sapeva niente...come avrà reagito? Sito di sunmory: https:\/\/www.sunmory.com #madfamily #sunmory #craziemad VI ASPETTO SU INSTAGRAM per SAPERE ...", "thumbnailUrl": "https:\/\/tse3.mm.bing.net\/th?id=OVP.pTNybk7hiq5gF7XE_dcxcgHgFo&pid=Api", "datePublished": "2022-08-10T10:00:09.0000000", "publisher": [{"name": "YouTube"}], "creator": {"name": "Crazie"}, "isAccessibleForFree": true, "isFamilyFriendly": true, "contentUrl": "https:\/\/www.youtube.com\/watch?v=HLTrk4bwIyM", "hostPageUrl": "https:\/\/www.youtube.com\/watch?v=HLTrk4bwIyM", "encodingFormat": "h264", "hostPageDisplayUrl": "https:\/\/www.youtube.com\/watch?v=HLTrk4bwIyM", "width": 1280, "height": 720, "duration": "PT11M4S", "motionThumbnailUrl": "https:\/\/tse3.mm.bing.net\/th?id=OM1.TL7qLBdtFKsceg&pid=Api", "embedHtml": "<iframe width=\"1280\" height=\"720\" src=\"https:\/\/www.youtube.com\/embed\/HLTrk4bwIyM?autoplay=1\" frameborder=\"0\" allowfullscreen><\/iframe>", "allowHttpsEmbed": true, "viewCount": 720907, "thumbnail": {"width": 480, "height": 360}, "videoId": "7A1CAB146D172CEABE4C7A1CAB146D172CEABE4C", "allowMobileEmbed": true, "isSuperfresh": false}, {"webSearchUrl": "https:\/\/www.bing.com\/videos\/search?q=gio&view=detail&mid=2B301D13BC40C605A4E52B301D13BC40C605A4E5", "name": "MAARAWAN", "description": "1 LIKE = 1 LIKE Maliligayang araw sa... Cong Clothing: https:\/\/www.facebook.com\/congTVclothing\/ WOTS: https:\/\/www.facebook.com\/WheelzOnTheSouth\/ TEAM PAYAMAN STICKER SEASON 3 https:\/\/www.lazada.com.ph\/congtv-merchandise\/?q=All-Products&langFlag=en&from=wangpu&lang=en&pageTypeId=2 Team Payaman Sticker SERIES 4 AVAILABLE NA SA LAZADA: https:\/\/www ...", "thumbnailUrl": "https:\/\/tse1.mm.bing.net\/th?id=OVP.mbdQI4N5h2SDfjiYmSwDbQEsDh&pid=Api", "datePublished": "2022-06-12T10:17:26.0000000", "publisher": [{"name": "YouTube"}], "creator": {"name": "Cong TV"}, "isAccessibleForFree": true, "isFamilyFriendly": true, "contentUrl": "https:\/\/www.youtube.com\/watch?v=LjK-8JKkM0o", "hostPageUrl": "https:\/\/www.youtube.com\/watch?v=LjK-8JKkM0o", "encodingFormat": "h264", "hostPageDisplayUrl": "https:\/\/www.youtube.com\/watch?v=LjK-8JKkM0o", "width": 1280, "height": 720, "duration": "PT21M51S", "motionThumbnailUrl": "https:\/\/tse1.mm.bing.net\/th?id=OM1.5aQFxkC8Ex0wKw&pid=Api", "embedHtml": "<iframe width=\"1280\" height=\"720\" src=\"https:\/\/www.youtube.com\/embed\/LjK-8JKkM0o?autoplay=1\" frameborder=\"0\" allowfullscreen><\/iframe>", "allowHttpsEmbed": true, "viewCount": 4966943, "thumbnail": {"width": 300, "height": 225}, "videoId": "2B301D13BC40C605A4E52B301D13BC40C605A4E5", "allowMobileEmbed": true, "isSuperfresh": false}, {"webSearchUrl": "https:\/\/www.bing.com\/videos\/search?q=gio&view=detail&mid=ACE5C01EEF42BD444F8CACE5C01EEF42BD444F8C", "name": "GARA DI TUFFI ESTREMA in PISCINA da 1000€", "description": "Oggi crazie o @Crazie Mad o @Crazie si sfiderà con i suoi amici giada o @Giada e gio o @Gio Mad e favarigna o @favarigna in una gara di tuffi in piscina da 1000€, versione ESTREMA! VI ASPETTO SU INSTAGRAM per SAPERE COSA FACCIO TUTTO IL GIORNO... 💥🔥 ️💛💚💗💙Le avventure di CRAZIE e I SUOI AMICI ️💛💚💗💙 ️💛 ...", "thumbnailUrl": "https:\/\/tse3.mm.bing.net\/th?id=OVP.q1lZtI6cIbxRc7-tScYongEsDh&pid=Api", "datePublished": "2022-07-25T13:56:47.0000000", "publisher": [{"name": "YouTube"}], "creator": {"name": "Crazie"}, "isAccessibleForFree": true, "isFamilyFriendly": true, "contentUrl": "https:\/\/www.youtube.com\/watch?v=C9XuAensTOQ", "hostPageUrl": "https:\/\/www.youtube.com\/watch?v=C9XuAensTOQ", "encodingFormat": "h264", "hostPageDisplayUrl": "https:\/\/www.youtube.com\/watch?v=C9XuAensTOQ", "width": 1280, "height": 720, "duration": "PT13M10S", "motionThumbnailUrl": "https:\/\/tse3.mm.bing.net\/th?id=OM2.jE9EvULvHsDlrA&pid=Api", "embedHtml": "<iframe width=\"1280\" height=\"720\" src=\"https:\/\/www.youtube.com\/embed\/C9XuAensTOQ?autoplay=1\" frameborder=\"0\" allowfullscreen><\/iframe>", "allowHttpsEmbed": true, "viewCount": 997543, "thumbnail": {"width": 300, "height": 225}, "videoId": "ACE5C01EEF42BD444F8CACE5C01EEF42BD444F8C", "allowMobileEmbed": true, "isSuperfresh": false}, {"webSearchUrl": "https:\/\/www.bing.com\/videos\/search?q=gio&view=detail&mid=87B620690627C46B31F287B620690627C46B31F2", "name": "INTRAPPOLATO in UNA GABBIA SOTT'ACQUA😱 *challenge estrema*", "description": "Oggi crazie o @Crazie Mad o @Crazie insieme ai suoi amici giada o @Giada e gio o @Gio Mad si sono sfidati in una trappola sott'acqua, nuova challenge estrema nella madvilla. Chi avrà resistito? Chi avrà vinto i 1000€ in palio? VI ASPETTO SU INSTAGRAM per SAPERE COSA FACCIO TUTTO IL GIORNO... 💥🔥 ️💛💚💗💙Le avventure di ...", "thumbnailUrl": "https:\/\/tse1.mm.bing.net\/th?id=OVP.qTJl_UxN7ctrj3hQbccvewHgFo&pid=Api", "datePublished": "2022-06-25T12:36:00.0000000", "publisher": [{"name": "YouTube"}], "creator": {"name": "Crazie"}, "isAccessibleForFree": true, "isFamilyFriendly": true, "contentUrl": "https:\/\/www.youtube.com\/watch?v=MKhqnq4CEfg", "hostPageUrl": "https:\/\/www.youtube.com\/watch?v=MKhqnq4CEfg", "encodingFormat": "h264", "hostPageDisplayUrl": "https:\/\/www.youtube.com\/watch?v=MKhqnq4CEfg", "width": 1280, "height": 720, "duration": "PT8M33S", "motionThumbnailUrl": "https:\/\/tse2.mm.bing.net\/th?id=OM.8jFrxCcGaSC2hw_1666858742&pid=Api", "embedHtml": "<iframe width=\"1280\" height=\"720\" src=\"https:\/\/www.youtube.com\/embed\/MKhqnq4CEfg?autoplay=1\" frameborder=\"0\" allowfullscreen><\/iframe>", "allowHttpsEmbed": true, "viewCount": 766905, "thumbnail": {"width": 480, "height": 360}, "videoId": "87B620690627C46B31F287B620690627C46B31F2", "allowMobileEmbed": true, "isSuperfresh": false}, {"webSearchUrl": "https:\/\/www.bing.com\/videos\/search?q=gio&view=detail&mid=6759B91CCCA51C6BF4A26759B91CCCA51C6BF4A2", "name": "Gio - VBT 2012 64tel Finale vs Ésmaticx", "description": "Merchandise: http:\/\/www.seedshirt.de\/shop\/gio-merch Spenden: https:\/\/www.tipeeestream.com\/giorap90\/donation Facebook: http:\/\/www.facebook.com\/GioRap90 Twitter: http:\/\/twitter.com\/GioRap90 Instragram: http:\/\/instagram.com\/giorap90 Hoodies und T-Shirts: http:\/\/mdize.com\/merchandise-artikel\/merchandise-artikel-artist-merchandise\/gio.html Gio vs ...", "thumbnailUrl": "https:\/\/tse4.mm.bing.net\/th?id=OVP.ZmzIJe9IwtflvKxCalAS2wEsDh&pid=Api", "datePublished": "2012-06-28T22:58:08.0000000", "publisher": [{"name": "YouTube"}], "creator": {"name": "Gio"}, "isAccessibleForFree": true, "isFamilyFriendly": true, "contentUrl": "https:\/\/www.youtube.com\/watch?v=tjAwwNxiB2A", "hostPageUrl": "https:\/\/www.youtube.com\/watch?v=tjAwwNxiB2A", "encodingFormat": "h264", "hostPageDisplayUrl": "https:\/\/www.youtube.com\/watch?v=tjAwwNxiB2A", "width": 1280, "height": 720, "duration": "PT3M50S", "motionThumbnailUrl": "https:\/\/tse1.mm.bing.net\/th?id=OM2.ovRrHKXMHLlZZw_1613219976&pid=Api", "embedHtml": "<iframe width=\"1280\" height=\"720\" src=\"https:\/\/www.youtube.com\/embed\/tjAwwNxiB2A?autoplay=1\" frameborder=\"0\" allowfullscreen><\/iframe>", "allowHttpsEmbed": true, "viewCount": 2700463, "thumbnail": {"width": 300, "height": 225}, "videoId": "6759B91CCCA51C6BF4A26759B91CCCA51C6BF4A2", "allowMobileEmbed": true, "isSuperfresh": false}, {"webSearchUrl": "https:\/\/www.bing.com\/videos\/search?q=gio&view=detail&mid=2E6994B1AA55A302A08D2E6994B1AA55A302A08D", "name": "L'Ultimo che Scende dalla Barca vince 10.000€", "description": "L'ultimo che scende dalla barca, ma non una yatch, una vera e propria barca da lavoro. Questa è la nuova sfida estrema, che lo youtuber piu' pazzo ha lanciato ai suoi amici, crazie o @Crazie o @Crazie Mad , insieme alla sua fidanzata giada o @Giada e gio o @Gio Mad si affronteranno in una nuova sfida estrema, su una barca! VI ASPETTO SU ...", "thumbnailUrl": "https:\/\/tse2.mm.bing.net\/th?id=OVP.7whBofQBSDqjTY13eYNZ8wEsDh&pid=Api", "datePublished": "2022-05-16T11:45:00.0000000", "publisher": [{"name": "YouTube"}], "creator": {"name": "Crazie"}, "isAccessibleForFree": true, "isFamilyFriendly": true, "contentUrl": "https:\/\/www.youtube.com\/watch?v=0XIMfRao100", "hostPageUrl": "https:\/\/www.youtube.com\/watch?v=0XIMfRao100", "encodingFormat": "h264", "hostPageDisplayUrl": "https:\/\/www.youtube.com\/watch?v=0XIMfRao100", "width": 1280, "height": 720, "duration": "PT11M20S", "motionThumbnailUrl": "https:\/\/tse2.mm.bing.net\/th?id=OM2.jaACo1WqsZRpLg&pid=Api", "embedHtml": "<iframe width=\"1280\" height=\"720\" src=\"https:\/\/www.youtube.com\/embed\/0XIMfRao100?autoplay=1\" frameborder=\"0\" allowfullscreen><\/iframe>", "allowHttpsEmbed": true, "viewCount": 994930, "thumbnail": {"width": 300, "height": 225}, "videoId": "2E6994B1AA55A302A08D2E6994B1AA55A302A08D", "allowMobileEmbed": true, "isSuperfresh": false}, {"webSearchUrl": "https:\/\/www.bing.com\/videos\/search?q=gio&view=detail&mid=7DEC8F6773893B3F5F1C7DEC8F6773893B3F5F1C", "name": "SE ESTRAI IL DIAMANTE da 10.000€ te lo TIENI💎", "description": "Oggi Crazie o @Crazie o @Crazie Mad , con la sua fidanzata Giada o @Giada ed il suo amico Gio o @Gio Mad andranno a fare una SFIDA PAZZA: se RIESCI ad estrarre il diamante dal valore di 10.000 euro te lo tieni.... chi c'è la farà? VI ASPETTO SU INSTAGRAM per SAPERE COSA FACCIO TUTTO IL GIORNO... 💥🔥 ️💛💚💗💙Le avventure di ...", "thumbnailUrl": "https:\/\/tse4.mm.bing.net\/th?id=OVP.AF-it23Ly_kneld0h85oQAHgFo&pid=Api", "datePublished": "2022-03-30T12:23:46.0000000", "publisher": [{"name": "YouTube"}], "creator": {"name": "Crazie"}, "isAccessibleForFree": true, "isFamilyFriendly": true, "contentUrl": "https:\/\/www.youtube.com\/watch?v=0a2odC75FFg", "hostPageUrl": "https:\/\/www.youtube.com\/watch?v=0a2odC75FFg", "encodingFormat": "h264", "hostPageDisplayUrl": "https:\/\/www.youtube.com\/watch?v=0a2odC75FFg", "width": 1280, "height": 720, "duration": "PT10M24S", "motionThumbnailUrl": "https:\/\/tse3.mm.bing.net\/th?id=OM1.HF8_O4lzZ4_sfQ&pid=Api", "embedHtml": "<iframe width=\"1280\" height=\"720\" src=\"https:\/\/www.youtube.com\/embed\/0a2odC75FFg?autoplay=1\" frameborder=\"0\" allowfullscreen><\/iframe>", "allowHttpsEmbed": true, "viewCount": 1097491, "thumbnail": {"width": 480, "height": 360}, "videoId": "7DEC8F6773893B3F5F1C7DEC8F6773893B3F5F1C", "allowMobileEmbed": true, "isSuperfresh": false}, {"webSearchUrl": "https:\/\/www.bing.com\/videos\/search?q=gio&view=detail&mid=5A7D41DD5D52F8AAD3D15A7D41DD5D52F8AAD3D1", "name": "How a Master Chef Runs one of NYC's Best Vietnamese Restaurants — Mise En Place", "description": "At Di An Di, the chefs and cooks come from many diverse backgrounds to make some of New York City’s best Vietnamese food, including, phở gà, chả giò, hake filets, and more. Credits: Producer: Connor Reid Director: Connor Reid, Murilo Ferreira Camera: Murilo Ferreira, Michael Latchman Editor: Connor Reid Executive Producer: Stephen ...", "thumbnailUrl": "https:\/\/tse4.mm.bing.net\/th?id=OVP.SRyQGkfWIUe8UahwSKv5ZwHgFo&pid=Api", "datePublished": "2022-04-13T12:00:34.0000000", "publisher": [{"name": "YouTube"}], "creator": {"name": "Eater"}, "isAccessibleForFree": true, "isFamilyFriendly": true, "contentUrl": "https:\/\/www.youtube.com\/watch?v=pCddEgU0R8E", "hostPageUrl": "https:\/\/www.youtube.com\/watch?v=pCddEgU0R8E", "encodingFormat": "h264", "hostPageDisplayUrl": "https:\/\/www.youtube.com\/watch?v=pCddEgU0R8E", "width": 1280, "height": 720, "duration": "PT15M1S", "motionThumbnailUrl": "https:\/\/tse1.mm.bing.net\/th?id=OM2.0dOq-FJd3UF9Wg&pid=Api", "embedHtml": "<iframe width=\"1280\" height=\"720\" src=\"https:\/\/www.youtube.com\/embed\/pCddEgU0R8E?autoplay=1\" frameborder=\"0\" allowfullscreen><\/iframe>", "allowHttpsEmbed": true, "viewCount": 1887286, "thumbnail": {"width": 480, "height": 360}, "videoId": "5A7D41DD5D52F8AAD3D15A7D41DD5D52F8AAD3D1", "allowMobileEmbed": true, "isSuperfresh": false}, {"webSearchUrl": "https:\/\/www.bing.com\/videos\/search?q=gio&view=detail&mid=6D28F1962CF9E860BD7F6D28F1962CF9E860BD7F", "name": "Ho realizzato il sogno della mia fidanzata...🤩(Mad Villa)", "description": "Oggi crazie o @Crazie o @Crazie Mad ha realizzato il sogno della sua fidanzata giada o @Giada con la complicità di gio o @Gio Mad le hanno fatto uno scherzo e poi l'hanno portata nella MAD VILLA, la villa in cui passeranno l'estate pagata 4000€. VI ASPETTO SU INSTAGRAM per SAPERE COSA FACCIO TUTTO IL GIORNO... 💥🔥 ️💛💚💗💙Le ...", "thumbnailUrl": "https:\/\/tse4.mm.bing.net\/th?id=OVP.JLxVZa6srvHE6V3q9L8LawHgFo&pid=Api", "datePublished": "2022-06-23T12:23:11.0000000", "publisher": [{"name": "YouTube"}], "creator": {"name": "Crazie"}, "isAccessibleForFree": true, "isFamilyFriendly": true, "contentUrl": "https:\/\/www.youtube.com\/watch?v=tXHSzBWTtsc", "hostPageUrl": "https:\/\/www.youtube.com\/watch?v=tXHSzBWTtsc", "encodingFormat": "h264", "hostPageDisplayUrl": "https:\/\/www.youtube.com\/watch?v=tXHSzBWTtsc", "width": 1280, "height": 720, "duration": "PT9M2S", "motionThumbnailUrl": "https:\/\/tse1.mm.bing.net\/th?id=OM.f71g6PkslvEobQ_1665350140&pid=Api", "embedHtml": "<iframe width=\"1280\" height=\"720\" src=\"https:\/\/www.youtube.com\/embed\/tXHSzBWTtsc?autoplay=1\" frameborder=\"0\" allowfullscreen><\/iframe>", "allowHttpsEmbed": true, "viewCount": 652058, "thumbnail": {"width": 480, "height": 360}, "videoId": "6D28F1962CF9E860BD7F6D28F1962CF9E860BD7F", "allowMobileEmbed": true, "isSuperfresh": false}, {"webSearchUrl": "https:\/\/www.bing.com\/videos\/search?q=gio&view=detail&mid=C9FC1B497E4DE714792AC9FC1B497E4DE714792A", "name": "Gio - Was weißt du schon (prod. by Screwaholic)", "description": "Merchandise: http:\/\/www.seedshirt.de\/shop\/gio-merch Was weißt du schon?: https:\/\/amzn.to\/2zDOWnq Spotify: http:\/\/open.spotify.com\/album\/0RUqA43OfDrvy8ED1tULdh Zweitkanal: http:\/\/www.youtube.com\/channel\/UCr2teg3FdCqHjcVTuvDsXaQ Twitch: https:\/\/www.twitch.tv\/giorap90 Discord: https:\/\/discord.gg\/giorap90 Spenden: https:\/\/www.tipeeestream.com ...", "thumbnailUrl": "https:\/\/tse1.mm.bing.net\/th?id=OVP.yvnN82DF046xq2YhnMQfGgHgFo&pid=Api", "datePublished": "2018-07-13T16:00:11.0000000", "publisher": [{"name": "YouTube"}], "creator": {"name": "Gio"}, "isAccessibleForFree": true, "isFamilyFriendly": true, "contentUrl": "https:\/\/www.youtube.com\/watch?v=zmZWb-coXLQ", "hostPageUrl": "https:\/\/www.youtube.com\/watch?v=zmZWb-coXLQ", "encodingFormat": "h264", "hostPageDisplayUrl": "https:\/\/www.youtube.com\/watch?v=zmZWb-coXLQ", "width": 1280, "height": 720, "duration": "PT4M20S", "motionThumbnailUrl": "https:\/\/tse3.mm.bing.net\/th?id=OM1.KnkU501-SRv8yQ_1616162127&pid=Api", "embedHtml": "<iframe width=\"1280\" height=\"720\" src=\"http:\/\/www.youtube.com\/embed\/zmZWb-coXLQ?autoplay=1\" frameborder=\"0\" allowfullscreen><\/iframe>", "allowHttpsEmbed": false, "viewCount": 478378, "thumbnail": {"width": 480, "height": 360}, "videoId": "C9FC1B497E4DE714792AC9FC1B497E4DE714792A", "allowMobileEmbed": false, "isSuperfresh": false}, {"webSearchUrl": "https:\/\/www.bing.com\/videos\/search?q=gio&view=detail&mid=DEA3791175D9F1252334DEA3791175D9F1252334", "name": "NEE JOH! HET IS MAAR GOED DAT WE BEVEILIGINGSCAMERA'S HEBBEN..", "description": "♦ Bedankt voor het kijken naar deze video! Bekijk hier mijn TRUIEN EN NOG MEER VETTE SHIT: http:\/\/www.gioxl.nl - Bestel hier mijn eigen boek: http:\/\/www.fcklap.nl\/Gio - Abonneer voor meer plezier: http:\/\/bit.ly\/AbonneerGXL ♦ Mij dagelijks volgen? Neem een kijkje hier: - Snapchat: Gio_141 - Twitter: http:\/\/bit.ly\/GameplayWorldXLTwitter ...", "thumbnailUrl": "https:\/\/tse1.mm.bing.net\/th?id=OVP.5v8QFmHvEAbcw2w5SqsGugEsDh&pid=Api", "datePublished": "2022-02-09T16:29:55.0000000", "publisher": [{"name": "YouTube"}], "creator": {"name": "Gio"}, "isAccessibleForFree": true, "isFamilyFriendly": true, "contentUrl": "https:\/\/www.youtube.com\/watch?v=ySqxI_sAkSk", "hostPageUrl": "https:\/\/www.youtube.com\/watch?v=ySqxI_sAkSk", "encodingFormat": "h264", "hostPageDisplayUrl": "https:\/\/www.youtube.com\/watch?v=ySqxI_sAkSk", "width": 1280, "height": 720, "duration": "PT29M33S", "motionThumbnailUrl": "https:\/\/tse1.mm.bing.net\/th?id=OM2.NCMl8dl1EXmj3g_1652408721&pid=Api", "embedHtml": "<iframe width=\"1280\" height=\"720\" src=\"http:\/\/www.youtube.com\/embed\/ySqxI_sAkSk?autoplay=1\" frameborder=\"0\" allowfullscreen><\/iframe>", "allowHttpsEmbed": false, "viewCount": 252556, "thumbnail": {"width": 300, "height": 225}, "videoId": "DEA3791175D9F1252334DEA3791175D9F1252334", "allowMobileEmbed": false, "isSuperfresh": false}, {"webSearchUrl": "https:\/\/www.bing.com\/videos\/search?q=gio&view=detail&mid=AB6C87FE42E159D47939AB6C87FE42E159D47939", "name": "JADE IS OVERLEDEN! DIT IS ENG! ZE SPEELT IN EEN SERIE!😰😭", "description": "♦ Bedankt voor het kijken naar deze video! Bekijk hier mijn TRUIEN EN NOG MEER VETTE SHIT: http:\/\/www.gioxl.nl - Bestel hier mijn eigen boek: http:\/\/www.fcklap.nl\/Gio - Abonneer voor meer plezier: http:\/\/bit.ly\/AbonneerGXL ♦ Mij dagelijks volgen? Neem een kijkje hier: - Snapchat: Gio_141 - Twitter: http:\/\/bit.ly\/GameplayWorldXLTwitter ...", "thumbnailUrl": "https:\/\/tse4.mm.bing.net\/th?id=OVP.OBhG1nQOycnARzxZGrCpcwEsDh&pid=Api", "datePublished": "2022-01-10T17:03:45.0000000", "publisher": [{"name": "YouTube"}], "creator": {"name": "Gio"}, "isAccessibleForFree": true, "isFamilyFriendly": true, "contentUrl": "https:\/\/www.youtube.com\/watch?v=v-HjFbd9Yhk", "hostPageUrl": "https:\/\/www.youtube.com\/watch?v=v-HjFbd9Yhk", "encodingFormat": "h264", "hostPageDisplayUrl": "https:\/\/www.youtube.com\/watch?v=v-HjFbd9Yhk", "width": 1280, "height": 720, "duration": "PT27M58S", "motionThumbnailUrl": "https:\/\/tse4.mm.bing.net\/th?id=OM1.OXnUWeFC_odsqw_1652064809&pid=Api", "embedHtml": "<iframe width=\"1280\" height=\"720\" src=\"https:\/\/www.youtube.com\/embed\/v-HjFbd9Yhk?autoplay=1\" frameborder=\"0\" allowfullscreen><\/iframe>", "allowHttpsEmbed": true, "viewCount": 236856, "thumbnail": {"width": 300, "height": 225}, "videoId": "AB6C87FE42E159D47939AB6C87FE42E159D47939", "allowMobileEmbed": true, "isSuperfresh": false}, {"webSearchUrl": "https:\/\/www.bing.com\/videos\/search?q=gio&view=detail&mid=46D7318A62C3CC7F387C46D7318A62C3CC7F387C", "name": "RIESCI a SCAPPARE dalla TRAPPOLA di COLLA UMANA?", "description": "Crazie o @Crazie Mad o @Crazie ha sfidato i suoi amici gio o @Gio Mad e giada o @Giada in una trappola di colla umana...e tu riusciresti a scappare da questa trappola? VI ASPETTO SU INSTAGRAM per SAPERE COSA FACCIO TUTTO IL GIORNO... 💥🔥 ️💛💚💗💙Le avventure di CRAZIE e I SUOI AMICI ️💛💚💗💙 ️💛💚💗💙 Canale ...", "thumbnailUrl": "https:\/\/tse4.mm.bing.net\/th?id=OVP.hE1BF8ZXg_LqAZNbppMv2QEsDh&pid=Api", "datePublished": "2022-05-03T11:30:02.0000000", "publisher": [{"name": "YouTube"}], "creator": {"name": "Crazie"}, "isAccessibleForFree": true, "isFamilyFriendly": true, "contentUrl": "https:\/\/www.youtube.com\/watch?v=LtEvsLGY1I8", "hostPageUrl": "https:\/\/www.youtube.com\/watch?v=LtEvsLGY1I8", "encodingFormat": "h264", "hostPageDisplayUrl": "https:\/\/www.youtube.com\/watch?v=LtEvsLGY1I8", "width": 1280, "height": 720, "duration": "PT11M20S", "motionThumbnailUrl": "https:\/\/tse2.mm.bing.net\/th?id=OM2.fDh_zMNiijHXRg&pid=Api", "embedHtml": "<iframe width=\"1280\" height=\"720\" src=\"https:\/\/www.youtube.com\/embed\/LtEvsLGY1I8?autoplay=1\" frameborder=\"0\" allowfullscreen><\/iframe>", "allowHttpsEmbed": true, "viewCount": 595863, "thumbnail": {"width": 300, "height": 225}, "videoId": "46D7318A62C3CC7F387C46D7318A62C3CC7F387C", "allowMobileEmbed": true, "isSuperfresh": false}, {"webSearchUrl": "https:\/\/www.bing.com\/videos\/search?q=gio&view=detail&mid=93DABD3FFF8BABCADCE493DABD3FFF8BABCADCE4", "name": "L'ULTIMO che SMETTE DI CORRERE VINCE 1000€🏃‍♂️", "description": "Oggi crazie o @Crazie o @Crazie Mad ha sfidato i suoi amici nell'ultimo che smette di correre vince 1000€ con gio o @Gio Mad e giada o @Giada e luca! VI ASPETTO SU INSTAGRAM per SAPERE COSA FACCIO TUTTO IL GIORNO... 💥🔥 ️💛💚💗💙Le avventure di CRAZIE e I SUOI AMICI ️💛💚💗💙 ️💛💚💗💙 Canale adatto a tutte ...", "thumbnailUrl": "https:\/\/tse1.mm.bing.net\/th?id=OVP.1s7C2KMkMgSZu4tk8MGQigHgFo&pid=Api", "datePublished": "2022-04-08T11:32:48.0000000", "publisher": [{"name": "YouTube"}], "creator": {"name": "Crazie"}, "isAccessibleForFree": true, "isFamilyFriendly": true, "contentUrl": "https:\/\/www.youtube.com\/watch?v=A261WULAqeI", "hostPageUrl": "https:\/\/www.youtube.com\/watch?v=A261WULAqeI", "encodingFormat": "h264", "hostPageDisplayUrl": "https:\/\/www.youtube.com\/watch?v=A261WULAqeI", "width": 1280, "height": 720, "duration": "PT9M16S", "motionThumbnailUrl": "https:\/\/tse1.mm.bing.net\/th?id=OM1.5NzKq4v_P73akw_1662317582&pid=Api", "embedHtml": "<iframe width=\"1280\" height=\"720\" src=\"https:\/\/www.youtube.com\/embed\/A261WULAqeI?autoplay=1\" frameborder=\"0\" allowfullscreen><\/iframe>", "allowHttpsEmbed": true, "viewCount": 608417, "thumbnail": {"width": 480, "height": 360}, "videoId": "93DABD3FFF8BABCADCE493DABD3FFF8BABCADCE4", "allowMobileEmbed": true, "isSuperfresh": false}, {"webSearchUrl": "https:\/\/www.bing.com\/videos\/search?q=gio&view=detail&mid=ECFBF552AF7D4CBBD9E2ECFBF552AF7D4CBBD9E2", "name": "VOOR HET EERST DE WEG OP MET JADE! DE DAG IS HIER! DOODENG!", "description": "♦ Bedankt voor het kijken naar deze video! Bekijk hier mijn TRUIEN EN NOG MEER VETTE SHIT: http:\/\/www.gioxl.nl - Bestel hier mijn eigen boek: http:\/\/www.fcklap.nl\/Gio - Abonneer voor meer plezier: http:\/\/bit.ly\/AbonneerGXL ♦ Mij dagelijks volgen? Neem een kijkje hier: - Snapchat: Gio_141 - Twitter: http:\/\/bit.ly\/GameplayWorldXLTwitter ...", "thumbnailUrl": "https:\/\/tse3.mm.bing.net\/th?id=OVP.S9JlS9-Sf-eg82INkbpIBAHgFo&pid=Api", "datePublished": "2021-11-25T17:08:23.0000000", "publisher": [{"name": "YouTube"}], "creator": {"name": "Gio"}, "isAccessibleForFree": true, "isFamilyFriendly": true, "contentUrl": "https:\/\/www.youtube.com\/watch?v=FnkBW3b27mw", "hostPageUrl": "https:\/\/www.youtube.com\/watch?v=FnkBW3b27mw", "encodingFormat": "h264", "hostPageDisplayUrl": "https:\/\/www.youtube.com\/watch?v=FnkBW3b27mw", "width": 1280, "height": 720, "duration": "PT24M16S", "motionThumbnailUrl": "https:\/\/tse4.mm.bing.net\/th?id=OM2.4tm7TH2vUvX77A_1640043259&pid=Api", "embedHtml": "<iframe width=\"1280\" height=\"720\" src=\"https:\/\/www.youtube.com\/embed\/FnkBW3b27mw?autoplay=1\" frameborder=\"0\" allowfullscreen><\/iframe>", "allowHttpsEmbed": true, "viewCount": 224401, "thumbnail": {"width": 480, "height": 360}, "videoId": "ECFBF552AF7D4CBBD9E2ECFBF552AF7D4CBBD9E2", "allowMobileEmbed": true, "isSuperfresh": false}, {"webSearchUrl": "https:\/\/www.bing.com\/videos\/search?q=gio&view=detail&mid=AFE7803C29C2757C6BDCAFE7803C29C2757C6BDC", "name": "JBB 2013 - SpongeBOZZ vs. Gio (Finale RR)", "description": "ORIGINAL-VIDEO WEGEN SEELISCHER GRAUSAMKEIT ENTFERNT http:\/\/www.facebook.com\/SpongeBOZZ http:\/\/www.facebook.com\/pinkpatrickbang LYRICS: (unkorrigiert von SpongeBOZZ übernommen) yo verrat uns mal wie kamst du auf dein krasses konzept \/ erzählst den leuten das ich mich hinter ner maske versteck \/ originell hast einfach brille gegen maske ...", "thumbnailUrl": "https:\/\/tse3.mm.bing.net\/th?id=OVP.9nIwVDMKkh-YTDgbH7tFPAHgFo&pid=Api", "datePublished": "2013-08-10T11:00:48.0000000", "publisher": [{"name": "YouTube"}], "creator": {"name": "JuliensBlogBattle"}, "isAccessibleForFree": true, "isFamilyFriendly": true, "contentUrl": "https:\/\/www.youtube.com\/watch?v=ho534cagQY4", "hostPageUrl": "https:\/\/www.youtube.com\/watch?v=ho534cagQY4", "encodingFormat": "h264", "hostPageDisplayUrl": "https:\/\/www.youtube.com\/watch?v=ho534cagQY4", "width": 1280, "height": 720, "duration": "PT3M28S", "motionThumbnailUrl": "https:\/\/tse2.mm.bing.net\/th?id=OM2.3Gt8dcIpPIDnrw_1645373744&pid=Api", "embedHtml": "<iframe width=\"1280\" height=\"720\" src=\"https:\/\/www.youtube.com\/embed\/ho534cagQY4?autoplay=1\" frameborder=\"0\" allowfullscreen><\/iframe>", "allowHttpsEmbed": true, "viewCount": 3879353, "thumbnail": {"width": 480, "height": 360}, "videoId": "AFE7803C29C2757C6BDCAFE7803C29C2757C6BDC", "allowMobileEmbed": true, "isSuperfresh": false}, {"webSearchUrl": "https:\/\/www.bing.com\/videos\/search?q=gio&view=detail&mid=02FE59C665C3D9A5DD3102FE59C665C3D9A5DD31", "name": "ZO ZIELIG! HIJ HEEFT NOG 3 POOTJES! EINDELIJK HEM OPHALEN😭🐱", "description": "♦ Bedankt voor het kijken naar deze video! Bekijk hier mijn TRUIEN EN NOG MEER VETTE SHIT: http:\/\/www.gioxl.nl - Bestel hier mijn eigen boek: http:\/\/www.fcklap.nl\/Gio - Abonneer voor meer plezier: http:\/\/bit.ly\/AbonneerGXL ♦ Mij dagelijks volgen? Neem een kijkje hier: - Snapchat: Gio_141 - Twitter: http:\/\/bit.ly\/GameplayWorldXLTwitter ...", "thumbnailUrl": "https:\/\/tse1.mm.bing.net\/th?id=OVP.1WGfnEy2cSEC9ez_hjEguQJYFR&pid=Api", "datePublished": "2021-12-16T16:31:04.0000000", "publisher": [{"name": "YouTube"}], "creator": {"name": "Gio"}, "isAccessibleForFree": true, "isFamilyFriendly": true, "contentUrl": "https:\/\/www.youtube.com\/watch?v=WmhirlrhzEw", "hostPageUrl": "https:\/\/www.youtube.com\/watch?v=WmhirlrhzEw", "encodingFormat": "h264", "hostPageDisplayUrl": "https:\/\/www.youtube.com\/watch?v=WmhirlrhzEw", "width": 1280, "height": 720, "duration": "PT28M1S", "motionThumbnailUrl": "https:\/\/tse3.mm.bing.net\/th?id=OM1.Md2l2cNlxln-Ag&pid=Api", "embedHtml": "<iframe width=\"1280\" height=\"720\" src=\"https:\/\/www.youtube.com\/embed\/WmhirlrhzEw?autoplay=1\" frameborder=\"0\" allowfullscreen><\/iframe>", "allowHttpsEmbed": true, "viewCount": 279471, "thumbnail": {"width": 600, "height": 337}, "videoId": "02FE59C665C3D9A5DD3102FE59C665C3D9A5DD31", "allowMobileEmbed": true, "isSuperfresh": false}], "nextOffset": 35, "pivotSuggestions": [{"pivot": "gio", "suggestions": []}], "relatedSearches": [{"text": "Gio Latooy", "displayText": "Gio Latooy", "webSearchUrl": "https:\/\/www.bing.com\/videos\/search?q=Gio+Latooy&FORM=VRPATC", "searchLink": "https:\/\/api.bing.microsoft.com\/api\/v7\/videos\/search?q=Gio+Latooy", "thumbnail": {"thumbnailUrl": "https:\/\/tse4.mm.bing.net\/th?q=Gio+Latooy&pid=Api&mkt=de-DE&cc=DE&setlang=de&adlt=moderate&t=1"}}, {"text": "Paris-Dakar", "displayText": "Paris-Dakar", "webSearchUrl": "https:\/\/www.bing.com\/videos\/search?q=Paris-Dakar&FORM=VRPATC", "searchLink": "https:\/\/api.bing.microsoft.com\/api\/v7\/videos\/search?q=Paris-Dakar", "thumbnail": {"thumbnailUrl": "https:\/\/tse4.mm.bing.net\/th?q=Paris-Dakar&pid=Api&mkt=de-DE&cc=DE&setlang=de&adlt=moderate&t=1"}}, {"text": "Gio Musik", "displayText": "Gio Musik", "webSearchUrl": "https:\/\/www.bing.com\/videos\/search?q=Gio+Musik&FORM=VRPATC", "searchLink": "https:\/\/api.bing.microsoft.com\/api\/v7\/videos\/search?q=Gio+Musik", "thumbnail": {"thumbnailUrl": "https:\/\/tse1.mm.bing.net\/th?q=Gio+Musik&pid=Api&mkt=de-DE&cc=DE&setlang=de&adlt=moderate&t=1"}}, {"text": "Gio Rapper", "displayText": "Gio Rapper", "webSearchUrl": "https:\/\/www.bing.com\/videos\/search?q=Gio+Rapper&FORM=VRPATC", "searchLink": "https:\/\/api.bing.microsoft.com\/api\/v7\/videos\/search?q=Gio+Rapper", "thumbnail": {"thumbnailUrl": "https:\/\/tse2.mm.bing.net\/th?q=Gio+Rapper&pid=Api&mkt=de-DE&cc=DE&setlang=de&adlt=moderate&t=1"}}, {"text": "Casa Gio", "displayText": "Casa Gio", "webSearchUrl": "https:\/\/www.bing.com\/videos\/search?q=Casa+Gio&FORM=VRPATC", "searchLink": "https:\/\/api.bing.microsoft.com\/api\/v7\/videos\/search?q=Casa+Gio", "thumbnail": {"thumbnailUrl": "https:\/\/tse4.mm.bing.net\/th?q=Casa+Gio&pid=Api&mkt=de-DE&cc=DE&setlang=de&adlt=moderate&t=1"}}, {"text": "Gio Spingebozz", "displayText": "Gio Spingebozz", "webSearchUrl": "https:\/\/www.bing.com\/videos\/search?q=Gio+Spingebozz&FORM=VRPATC", "searchLink": "https:\/\/api.bing.microsoft.com\/api\/v7\/videos\/search?q=Gio+Spingebozz", "thumbnail": {"thumbnailUrl": "https:\/\/tse3.mm.bing.net\/th?q=Gio+Spingebozz&pid=Api&mkt=de-DE&cc=DE&setlang=de&adlt=moderate&t=1"}}, {"text": "Automatikk", "displayText": "Automatikk", "webSearchUrl": "https:\/\/www.bing.com\/videos\/search?q=Automatikk&FORM=VRPATC", "searchLink": "https:\/\/api.bing.microsoft.com\/api\/v7\/videos\/search?q=Automatikk", "thumbnail": {"thumbnailUrl": "https:\/\/tse3.mm.bing.net\/th?q=Automatikk&pid=Api&mkt=de-DE&cc=DE&setlang=de&adlt=moderate&t=1"}}, {"text": "Gio Evan", "displayText": "Gio Evan", "webSearchUrl": "https:\/\/www.bing.com\/videos\/search?q=Gio+Evan&FORM=VRPATC", "searchLink": "https:\/\/api.bing.microsoft.com\/api\/v7\/videos\/search?q=Gio+Evan", "thumbnail": {"thumbnailUrl": "https:\/\/tse4.mm.bing.net\/th?q=Gio+Evan&pid=Api&mkt=de-DE&cc=DE&setlang=de&adlt=moderate&t=1"}}, {"text": "Gio Rap", "displayText": "Gio Rap", "webSearchUrl": "https:\/\/www.bing.com\/videos\/search?q=Gio+Rap&FORM=VRPATC", "searchLink": "https:\/\/api.bing.microsoft.com\/api\/v7\/videos\/search?q=Gio+Rap", "thumbnail": {"thumbnailUrl": "https:\/\/tse1.mm.bing.net\/th?q=Gio+Rap&pid=Api&mkt=de-DE&cc=DE&setlang=de&adlt=moderate&t=1"}}, {"text": "Gio's Cover", "displayText": "Gio's Cover", "webSearchUrl": "https:\/\/www.bing.com\/videos\/search?q=Gio%27s+Cover&FORM=VRPATC", "searchLink": "https:\/\/api.bing.microsoft.com\/api\/v7\/videos\/search?q=Gio%27s+Cover", "thumbnail": {"thumbnailUrl": "https:\/\/tse3.mm.bing.net\/th?q=Gio%27s+Cover&pid=Api&mkt=de-DE&cc=DE&setlang=de&adlt=moderate&t=1"}}, {"text": "Gio Lisboa", "displayText": "Gio Lisboa", "webSearchUrl": "https:\/\/www.bing.com\/videos\/search?q=Gio+Lisboa&FORM=VRPATC", "searchLink": "https:\/\/api.bing.microsoft.com\/api\/v7\/videos\/search?q=Gio+Lisboa", "thumbnail": {"thumbnailUrl": "https:\/\/tse2.mm.bing.net\/th?q=Gio+Lisboa&pid=Api&mkt=de-DE&cc=DE&setlang=de&adlt=moderate&t=1"}}, {"text": "Gio Diss", "displayText": "Gio Diss", "webSearchUrl": "https:\/\/www.bing.com\/videos\/search?q=Gio+Diss&FORM=VRPATC", "searchLink": "https:\/\/api.bing.microsoft.com\/api\/v7\/videos\/search?q=Gio+Diss", "thumbnail": {"thumbnailUrl": "https:\/\/tse1.mm.bing.net\/th?q=Gio+Diss&pid=Api&mkt=de-DE&cc=DE&setlang=de&adlt=moderate&t=1"}}, {"text": "Zwembad", "displayText": "Zwembad", "webSearchUrl": "https:\/\/www.bing.com\/videos\/search?q=Zwembad&FORM=VRPATC", "searchLink": "https:\/\/api.bing.microsoft.com\/api\/v7\/videos\/search?q=Zwembad", "thumbnail": {"thumbnailUrl": "https:\/\/tse3.mm.bing.net\/th?q=Zwembad&pid=Api&mkt=de-DE&cc=DE&setlang=de&adlt=moderate&t=1"}}, {"text": "Gio Queiroz", "displayText": "Gio Queiroz", "webSearchUrl": "https:\/\/www.bing.com\/videos\/search?q=Gio+Queiroz&FORM=VRPATC", "searchLink": "https:\/\/api.bing.microsoft.com\/api\/v7\/videos\/search?q=Gio+Queiroz", "thumbnail": {"thumbnailUrl": "https:\/\/tse1.mm.bing.net\/th?q=Gio+Queiroz&pid=Api&mkt=de-DE&cc=DE&setlang=de&adlt=moderate&t=1"}}, {"text": "Gio Frei", "displayText": "Gio Frei", "webSearchUrl": "https:\/\/www.bing.com\/videos\/search?q=Gio+Frei&FORM=VRPATC", "searchLink": "https:\/\/api.bing.microsoft.com\/api\/v7\/videos\/search?q=Gio+Frei", "thumbnail": {"thumbnailUrl": "https:\/\/tse4.mm.bing.net\/th?q=Gio+Frei&pid=Api&mkt=de-DE&cc=DE&setlang=de&adlt=moderate&t=1"}}, {"text": "Gio Restaurant", "displayText": "Gio Restaurant", "webSearchUrl": "https:\/\/www.bing.com\/videos\/search?q=Gio+Restaurant&FORM=VRPATC", "searchLink": "https:\/\/api.bing.microsoft.com\/api\/v7\/videos\/search?q=Gio+Restaurant", "thumbnail": {"thumbnailUrl": "https:\/\/tse3.mm.bing.net\/th?q=Gio+Restaurant&pid=Api&mkt=de-DE&cc=DE&setlang=de&adlt=moderate&t=1"}}, {"text": "SpongeBOZZ Gio", "displayText": "SpongeBOZZ Gio", "webSearchUrl": "https:\/\/www.bing.com\/videos\/search?q=SpongeBOZZ+Gio&FORM=VRPATC", "searchLink": "https:\/\/api.bing.microsoft.com\/api\/v7\/videos\/search?q=SpongeBOZZ+Gio", "thumbnail": {"thumbnailUrl": "https:\/\/tse3.mm.bing.net\/th?q=SpongeBOZZ+Gio&pid=Api&mkt=de-DE&cc=DE&setlang=de&adlt=moderate&t=1"}}, {"text": "Dumoulin", "displayText": "Dumoulin", "webSearchUrl": "https:\/\/www.bing.com\/videos\/search?q=Dumoulin&FORM=VRPATC", "searchLink": "https:\/\/api.bing.microsoft.com\/api\/v7\/videos\/search?q=Dumoulin", "thumbnail": {"thumbnailUrl": "https:\/\/tse2.mm.bing.net\/th?q=Dumoulin&pid=Api&mkt=de-DE&cc=DE&setlang=de&adlt=moderate&t=1"}}, {"text": "Politie", "displayText": "Politie", "webSearchUrl": "https:\/\/www.bing.com\/videos\/search?q=Politie&FORM=VRPATC", "searchLink": "https:\/\/api.bing.microsoft.com\/api\/v7\/videos\/search?q=Politie", "thumbnail": {"thumbnailUrl": "https:\/\/tse3.mm.bing.net\/th?q=Politie&pid=Api&mkt=de-DE&cc=DE&setlang=de&adlt=moderate&t=1"}}, {"text": "Giorgio Armani Acqua Di Gio", "displayText": "Giorgio Armani Acqua Di Gio", "webSearchUrl": "https:\/\/www.bing.com\/videos\/search?q=Giorgio+Armani+Acqua+Di+Gio&FORM=VRPATC", "searchLink": "https:\/\/api.bing.microsoft.com\/api\/v7\/videos\/search?q=Giorgio+Armani+Acqua+Di+Gio", "thumbnail": {"thumbnailUrl": "https:\/\/tse4.mm.bing.net\/th?q=Giorgio+Armani+Acqua+Di+Gio&pid=Api&mkt=de-DE&cc=DE&setlang=de&adlt=moderate&t=1"}}, {"text": "Song Gio", "displayText": "Song Gio", "webSearchUrl": "https:\/\/www.bing.com\/videos\/search?q=Song+Gio&FORM=VRPATC", "searchLink": "https:\/\/api.bing.microsoft.com\/api\/v7\/videos\/search?q=Song+Gio", "thumbnail": {"thumbnailUrl": "https:\/\/tse3.mm.bing.net\/th?q=Song+Gio&pid=Api&mkt=de-DE&cc=DE&setlang=de&adlt=moderate&t=1"}}, {"text": "Gio's Vintage Pista", "displayText": "Gio's Vintage Pista", "webSearchUrl": "https:\/\/www.bing.com\/videos\/search?q=Gio%27s+Vintage+Pista&FORM=VRPATC", "searchLink": "https:\/\/api.bing.microsoft.com\/api\/v7\/videos\/search?q=Gio%27s+Vintage+Pista", "thumbnail": {"thumbnailUrl": "https:\/\/tse1.mm.bing.net\/th?q=Gio%27s+Vintage+Pista&pid=Api&mkt=de-DE&cc=DE&setlang=de&adlt=moderate&t=1"}}, {"text": "Lennart", "displayText": "Lennart", "webSearchUrl": "https:\/\/www.bing.com\/videos\/search?q=Lennart&FORM=VRPATC", "searchLink": "https:\/\/api.bing.microsoft.com\/api\/v7\/videos\/search?q=Lennart", "thumbnail": {"thumbnailUrl": "https:\/\/tse3.mm.bing.net\/th?q=Lennart&pid=Api&mkt=de-DE&cc=DE&setlang=de&adlt=moderate&t=1"}}, {"text": "Dolfinarium", "displayText": "Dolfinarium", "webSearchUrl": "https:\/\/www.bing.com\/videos\/search?q=Dolfinarium&FORM=VRPATC", "searchLink": "https:\/\/api.bing.microsoft.com\/api\/v7\/videos\/search?q=Dolfinarium", "thumbnail": {"thumbnailUrl": "https:\/\/tse3.mm.bing.net\/th?q=Dolfinarium&pid=Api&mkt=de-DE&cc=DE&setlang=de&adlt=moderate&t=1"}}, {"text": "Cars Giocattoli", "displayText": "Cars Giocattoli", "webSearchUrl": "https:\/\/www.bing.com\/videos\/search?q=Cars+Giocattoli&FORM=VRPATC", "searchLink": "https:\/\/api.bing.microsoft.com\/api\/v7\/videos\/search?q=Cars+Giocattoli", "thumbnail": {"thumbnailUrl": "https:\/\/tse3.mm.bing.net\/th?q=Cars+Giocattoli&pid=Api&mkt=de-DE&cc=DE&setlang=de&adlt=moderate&t=1"}}, {"text": "The Voice of Holland", "displayText": "The Voice of Holland", "webSearchUrl": "https:\/\/www.bing.com\/videos\/search?q=The+Voice+of+Holland&FORM=VRPATC", "searchLink": "https:\/\/api.bing.microsoft.com\/api\/v7\/videos\/search?q=The+Voice+of+Holland", "thumbnail": {"thumbnailUrl": "https:\/\/tse3.mm.bing.net\/th?q=The+Voice+of+Holland&pid=Api&mkt=de-DE&cc=DE&setlang=de&adlt=moderate&t=1"}}, {"text": "Acqua Di Gio Profumo", "displayText": "Acqua Di Gio Profumo", "webSearchUrl": "https:\/\/www.bing.com\/videos\/search?q=Acqua+Di+Gio+Profumo&FORM=VRPATC", "searchLink": "https:\/\/api.bing.microsoft.com\/api\/v7\/videos\/search?q=Acqua+Di+Gio+Profumo", "thumbnail": {"thumbnailUrl": "https:\/\/tse4.mm.bing.net\/th?q=Acqua+Di+Gio+Profumo&pid=Api&mkt=de-DE&cc=DE&setlang=de&adlt=moderate&t=1"}}, {"text": "Laskah Vs. Gio", "displayText": "Laskah Vs. Gio", "webSearchUrl": "https:\/\/www.bing.com\/videos\/search?q=Laskah+Vs.+Gio&FORM=VRPATC", "searchLink": "https:\/\/api.bing.microsoft.com\/api\/v7\/videos\/search?q=Laskah+Vs.+Gio", "thumbnail": {"thumbnailUrl": "https:\/\/tse1.mm.bing.net\/th?q=Laskah+Vs.+Gio&pid=Api&mkt=de-DE&cc=DE&setlang=de&adlt=moderate&t=1"}}, {"text": "Acqua Di Gio Eau De Parfum", "displayText": "Acqua Di Gio Eau De Parfum", "webSearchUrl": "https:\/\/www.bing.com\/videos\/search?q=Acqua+Di+Gio+Eau+De+Parfum&FORM=VRPATC", "searchLink": "https:\/\/api.bing.microsoft.com\/api\/v7\/videos\/search?q=Acqua+Di+Gio+Eau+De+Parfum", "thumbnail": {"thumbnailUrl": "https:\/\/tse3.mm.bing.net\/th?q=Acqua+Di+Gio+Eau+De+Parfum&pid=Api&mkt=de-DE&cc=DE&setlang=de&adlt=moderate&t=1"}}], "currentOffset": 0}